{
  "type": "FeatureCollection",
  "features": [
    {
      "type": "Feature",
      "properties": {},
      "geometry": {
        "type": "Polygon",
        "coordinates": [
          [
            [180, -16.169],
            [179.564, -16.637],
            [179.568, -16.747],
            [179.932, -16.519],
            [179.888, -16.667],
            [179.928, -16.745],
            [179.42, -16.807],
            [179.323, -16.719],
            [179.201, -16.712],
            [179.006, -16.899],
            [178.884, -16.885],
            [178.708, -16.976],
            [178.603, -16.8],
            [178.499, -16.788],
            [178.585, -16.622],
            [178.805, -16.632],
            [178.96, -16.483],
            [179.359, -16.38],
            [179.55, -16.25],
            [180, -16.169]
          ]
        ]
      }
    },
    {
      "type": "Feature",
      "properties": {},
      "geometry": {
        "type": "Polygon",
        "coordinates": [
          [
            [143.179, -11.955],
            [143.11, -12.304],
            [143.254, -12.398],
            [143.402, -12.639],
            [143.586, -13.443],
            [143.55, -13.742],
            [143.755, -14.349],
            [143.96, -14.464],
            [144.208, -14.302],
            [144.475, -14.231],
            [144.648, -14.493],
            [145.288, -14.943],
            [145.27, -15.476],
            [145.458, -16.056],
            [145.425, -16.406],
            [145.756, -16.88],
            [145.911, -16.913],
            [145.9, -17.069],
            [146.127, -17.635],
            [146.034, -18.273],
            [146.224, -18.51],
            [146.332, -18.554],
            [146.296, -18.842],
            [146.383, -18.977],
            [146.692, -19.187],
            [147.002, -19.257],
            [147.139, -19.394],
            [147.42, -19.378],
            [147.744, -19.771],
            [148.6, -20.146],
            [148.759, -20.29],
            [148.885, -20.481],
            [148.73, -20.469],
            [148.683, -20.58],
            [149.205, -21.125],
            [149.328, -21.475],
            [149.454, -21.578],
            [149.594, -22.258],
            [149.706, -22.441],
            [149.821, -22.39],
            [149.976, -22.55],
            [149.943, -22.309],
            [149.983, -22.184],
            [150.077, -22.165],
            [150.235, -22.373],
            [150.541, -22.559],
            [150.57, -22.383],
            [150.674, -22.418],
            [150.764, -22.576],
            [150.843, -23.458],
            [151.153, -23.784],
            [151.502, -24.012],
            [151.833, -24.123],
            [152.129, -24.597],
            [152.456, -24.802],
            [152.654, -25.203],
            [152.913, -25.432],
            [152.921, -25.689],
            [153.029, -25.871],
            [153.165, -25.965],
            [153.083, -26.303],
            [153.162, -26.982],
            [153.119, -27.194],
            [153.576, -28.241],
            [153.615, -28.673],
            [153.605, -28.855],
            [153.349, -29.291],
            [153.273, -29.892],
            [153.032, -30.563],
            [153.047, -30.907],
            [152.946, -31.435],
            [152.787, -31.786],
            [152.561, -32.046],
            [152.471, -32.438],
            [152.215, -32.678],
            [152.136, -32.678],
            [152.165, -32.758],
            [151.812, -32.902],
            [151.484, -33.348],
            [151.434, -33.522],
            [151.293, -33.581],
            [151.279, -33.926],
            [151.124, -34.006],
            [151.232, -34.03],
            [150.962, -34.298],
            [150.872, -34.499],
            [150.804, -35.013],
            [150.696, -35.042],
            [150.692, -35.178],
            [150.566, -35.214],
            [150.195, -35.834],
            [149.961, -36.846],
            [149.986, -37.259],
            [149.932, -37.528],
            [149.81, -37.547],
            [149.482, -37.771],
            [148.262, -37.83],
            [147.877, -37.935],
            [147.394, -38.219],
            [146.858, -38.664],
            [146.217, -38.728],
            [146.336, -38.895],
            [146.466, -38.841],
            [146.484, -39.065],
            [146.401, -39.146],
            [146.16, -38.865],
            [146.07, -38.834],
            [145.936, -38.901],
            [145.792, -38.667],
            [145.605, -38.657],
            [145.396, -38.535],
            [145.54, -38.395],
            [145.476, -38.244],
            [145.292, -38.238],
            [145.191, -38.384],
            [144.961, -38.5],
            [144.716, -38.341],
            [144.91, -38.344],
            [145.119, -38.091],
            [144.892, -37.9],
            [144.396, -38.138],
            [144.666, -38.211],
            [144.1, -38.462],
            [143.812, -38.698],
            [143.539, -38.822],
            [143.226, -38.743],
            [142.455, -38.386],
            [142.189, -38.4],
            [141.926, -38.283],
            [141.724, -38.271],
            [141.595, -38.388],
            [141.426, -38.363],
            [141.012, -38.077],
            [140.626, -38.028],
            [140.389, -37.896],
            [140.212, -37.643],
            [139.784, -37.245],
            [139.737, -37.06],
            [139.856, -36.662],
            [139.73, -36.372],
            [139.55, -36.096],
            [138.97, -35.58],
            [139.068, -35.598],
            [139.179, -35.523],
            [139.291, -35.612],
            [139.327, -35.426],
            [139.284, -35.376],
            [139.194, -35.348],
            [138.877, -35.537],
            [138.52, -35.643],
            [138.186, -35.613],
            [138.402, -35.325],
            [138.51, -35.025],
            [138.492, -34.763],
            [138.088, -34.169],
            [137.919, -34.456],
            [137.872, -34.728],
            [137.692, -35.143],
            [136.882, -35.24],
            [137.016, -34.916],
            [137.39, -34.914],
            [137.494, -34.598],
            [137.494, -34.16],
            [137.649, -33.858],
            [137.934, -33.579],
            [137.851, -33.2],
            [137.991, -33.095],
            [137.912, -32.77],
            [137.782, -32.579],
            [137.79, -32.824],
            [137.444, -33.193],
            [137.239, -33.629],
            [136.432, -34.03],
            [135.892, -34.66],
            [135.968, -34.982],
            [135.792, -34.864],
            [135.648, -34.94],
            [135.324, -34.643],
            [135.122, -34.586],
            [135.216, -34.487],
            [135.378, -34.598],
            [135.45, -34.581],
            [135.219, -33.959],
            [134.888, -33.626],
            [134.719, -33.256],
            [134.607, -33.19],
            [134.301, -33.166],
            [134.1, -32.749],
            [134.226, -32.73],
            [134.233, -32.548],
            [133.664, -32.207],
            [133.21, -32.183],
            [132.757, -31.956],
            [132.213, -32.008],
            [131.72, -31.697],
            [131.144, -31.496],
            [130.784, -31.603],
            [130.129, -31.579],
            [128.948, -31.702],
            [128.066, -32.067],
            [127.321, -32.265],
            [125.917, -32.298],
            [124.757, -32.883],
            [124.243, -33.015],
            [123.868, -33.596],
            [123.508, -33.916],
            [123.364, -33.905],
            [123.206, -33.989],
            [123.069, -33.9],
            [122.777, -33.891],
            [122.151, -33.992],
            [122.061, -33.874],
            [121.406, -33.827],
            [120.419, -33.963],
            [119.854, -33.975],
            [119.635, -34.101],
            [119.451, -34.369],
            [119.249, -34.457],
            [118.897, -34.48],
            [118.137, -34.987],
            [117.863, -35.054],
            [117.583, -35.098],
            [116.517, -34.989],
            [115.988, -34.796],
            [115.567, -34.426],
            [115.279, -34.305],
            [115.127, -34.341],
            [115.009, -34.256],
            [114.994, -33.515],
            [115.181, -33.643],
            [115.358, -33.64],
            [115.516, -33.532],
            [115.682, -33.193],
            [115.617, -32.667],
            [115.707, -32.569],
            [115.725, -32.402],
            [115.7, -31.695],
            [115.077, -30.56],
            [114.969, -30.043],
            [114.958, -29.433],
            [114.857, -29.143],
            [114.627, -28.873],
            [114.537, -28.543],
            [114.166, -28.081],
            [114.029, -27.347],
            [113.183, -26.182],
            [113.324, -26.244],
            [113.356, -26.081],
            [113.583, -26.558],
            [113.734, -26.595],
            [113.835, -26.501],
            [113.853, -26.333],
            [113.59, -26.098],
            [113.396, -25.713],
            [113.45, -25.598],
            [113.54, -25.625],
            [113.713, -25.831],
            [113.723, -26.13],
            [113.767, -26.159],
            [113.853, -26.015],
            [113.993, -26.321],
            [114.091, -26.394],
            [114.217, -26.289],
            [114.213, -25.852],
            [113.669, -24.977],
            [113.417, -24.435],
            [113.489, -23.869],
            [113.756, -23.418],
            [113.795, -22.915],
            [113.684, -22.639],
            [114.022, -21.882],
            [114.123, -21.828],
            [114.141, -22.482],
            [114.379, -22.342],
            [114.71, -21.823],
            [115.455, -21.491],
            [116.009, -21.031],
            [116.708, -20.654],
            [117.14, -20.64],
            [117.406, -20.722],
            [118.198, -20.375],
            [118.753, -20.262],
            [119.105, -19.995],
            [119.584, -20.038],
            [120.434, -19.842],
            [120.999, -19.604],
            [121.337, -19.319],
            [121.834, -18.477],
            [122.345, -18.111],
            [122.36, -18.036],
            [122.237, -17.969],
            [122.144, -17.429],
            [122.331, -17.059],
            [122.72, -16.788],
            [122.918, -16.432],
            [122.972, -16.438],
            [123.141, -16.863],
            [123.562, -17.521],
            [123.595, -17.03],
            [123.832, -17.122],
            [123.875, -16.918],
            [123.49, -16.491],
            [123.627, -16.417],
            [123.605, -16.224],
            [123.728, -16.193],
            [123.857, -16.382],
            [124.045, -16.266],
            [124.3, -16.389],
            [124.772, -16.403],
            [124.405, -16.299],
            [124.415, -16.134],
            [124.577, -16.113],
            [124.649, -15.87],
            [124.649, -15.806],
            [124.505, -15.972],
            [124.383, -15.759],
            [124.441, -15.493],
            [124.563, -15.497],
            [124.693, -15.36],
            [124.693, -15.274],
            [125.017, -15.467],
            [125.063, -15.443],
            [125.074, -15.307],
            [124.909, -15.311],
            [124.84, -15.16],
            [125.024, -15.071],
            [125.038, -15.004],
            [125.355, -15.12],
            [125.384, -15.016],
            [125.243, -14.945],
            [125.179, -14.715],
            [125.283, -14.584],
            [125.578, -14.483],
            [125.629, -14.257],
            [125.704, -14.292],
            [125.661, -14.53],
            [125.74, -14.445],
            [125.819, -14.469],
            [125.891, -14.618],
            [126.021, -14.495],
            [126.111, -14.115],
            [126.053, -13.978],
            [126.183, -14.002],
            [126.259, -14.163],
            [126.403, -14.019],
            [126.568, -14.162],
            [126.781, -13.955],
            [126.777, -13.788],
            [126.903, -13.743],
            [127.457, -14.031],
            [128.181, -14.712],
            [128.069, -15.33],
            [128.156, -15.226],
            [128.253, -15.299],
            [128.174, -15.103],
            [128.217, -14.995],
            [128.476, -14.788],
            [128.577, -14.774],
            [129.059, -14.884],
            [129.164, -14.988],
            [129.214, -15.16],
            [129.268, -14.872],
            [129.459, -14.932],
            [129.635, -15.139],
            [129.635, -14.851],
            [129.848, -14.828],
            [129.603, -14.648],
            [129.697, -14.557],
            [129.607, -14.559],
            [129.38, -14.393],
            [129.459, -14.214],
            [129.711, -13.979],
            [129.837, -13.573],
            [130.136, -13.448],
            [130.258, -13.302],
            [130.136, -13.146],
            [130.168, -12.957],
            [130.32, -12.882],
            [130.399, -12.688],
            [130.618, -12.646],
            [130.622, -12.431],
            [130.737, -12.427],
            [130.867, -12.558],
            [130.874, -12.367],
            [131.025, -12.342],
            [131.018, -12.214],
            [131.22, -12.177],
            [131.292, -12.068],
            [131.342, -12.21],
            [131.439, -12.276],
            [131.889, -12.231],
            [132.066, -12.282],
            [132.253, -12.186],
            [132.411, -12.295],
            [132.512, -12.134],
            [132.714, -12.124],
            [132.631, -12.035],
            [132.674, -11.65],
            [132.476, -11.492],
            [132.134, -11.5],
            [131.821, -11.302],
            [131.961, -11.181],
            [132.156, -11.311],
            [132.264, -11.204],
            [132.336, -11.224],
            [132.681, -11.506],
            [132.858, -11.391],
            [132.962, -11.407],
            [133.185, -11.705],
            [133.534, -11.816],
            [133.905, -11.832],
            [134.416, -12.052],
            [134.73, -11.985],
            [135.028, -12.193],
            [135.219, -12.221],
            [135.921, -11.825],
            [135.842, -11.905],
            [135.889, -11.993],
            [135.702, -12.151],
            [135.705, -12.21],
            [135.939, -12.151],
            [136.008, -12.191],
            [136.083, -12.422],
            [136.26, -12.434],
            [136.328, -12.306],
            [136.27, -12.132],
            [136.443, -11.952],
            [136.54, -11.957],
            [136.609, -12.134],
            [136.72, -12.226],
            [136.897, -12.243],
            [136.947, -12.349],
            [136.537, -12.785],
            [136.594, -13.004],
            [136.461, -13.226],
            [136.296, -13.137],
            [135.928, -13.304],
            [135.99, -13.811],
            [135.954, -13.934],
            [135.885, -14.153],
            [135.406, -14.759],
            [135.453, -14.924],
            [136.206, -15.403],
            [136.292, -15.57],
            [136.584, -15.707],
            [136.706, -15.686],
            [136.699, -15.835],
            [136.785, -15.894],
            [137.001, -15.879],
            [137.703, -16.233],
            [137.912, -16.476],
            [138.247, -16.719],
            [139.01, -16.899],
            [139.248, -17.328],
            [140.036, -17.703],
            [140.511, -17.625],
            [140.832, -17.415],
            [140.965, -17.014],
            [141.22, -16.646],
            [141.411, -16.07],
            [141.451, -15.606],
            [141.627, -15.057],
            [141.523, -14.471],
            [141.595, -14.153],
            [141.472, -13.797],
            [141.645, -13.259],
            [141.613, -12.943],
            [141.782, -12.778],
            [141.919, -12.802],
            [141.93, -12.74],
            [141.85, -12.578],
            [141.678, -12.492],
            [141.688, -12.351],
            [141.872, -11.976],
            [141.962, -12.054],
            [142.167, -10.947],
            [142.326, -10.884],
            [142.455, -10.707],
            [142.606, -10.749],
            [142.552, -10.874],
            [142.779, -11.115],
            [142.873, -11.822],
            [142.988, -11.919],
            [143.179, -11.955]
          ]
        ]
      }
    },
    {
      "type": "Feature",
      "properties": {},
      "geometry": {
        "type": "Polygon",
        "coordinates": [
          [
            [178.279, -17.372],
            [178.592, -17.651],
            [178.668, -18.082],
            [177.955, -18.264],
            [177.322, -18.078],
            [177.264, -17.863],
            [177.412, -17.753],
            [177.401, -17.632],
            [177.505, -17.54],
            [177.818, -17.389],
            [178.189, -17.313],
            [178.279, -17.372]
          ]
        ]
      }
    },
    {
      "type": "Feature",
      "properties": {},
      "geometry": {
        "type": "Polygon",
        "coordinates": [
          [
            [164.203, -20.246],
            [164.315, -20.309],
            [164.437, -20.283],
            [164.977, -20.68],
            [165.193, -20.769],
            [165.661, -21.267],
            [166.943, -22.09],
            [166.971, -22.323],
            [166.773, -22.376],
            [166.467, -22.257],
            [166.176, -22.09],
            [166.097, -21.956],
            [165.33, -21.58],
            [164.927, -21.29],
            [164.171, -20.481],
            [164.16, -20.349],
            [164.037, -20.234],
            [164.059, -20.142],
            [164.203, -20.246]
          ]
        ]
      }
    },
    {
      "type": "Feature",
      "properties": {},
      "geometry": {
        "type": "Polygon",
        "coordinates": [
          [
            [127.731, 0.848],
            [127.882, 0.832],
            [127.969, 1.042],
            [128.159, 1.159],
            [128.156, 1.317],
            [128.221, 1.4],
            [128.537, 1.56],
            [128.689, 1.572],
            [128.703, 1.106],
            [128.3, 0.877],
            [128.26, 0.733],
            [128.609, 0.549],
            [128.692, 0.36],
            [128.901, 0.216],
            [128.447, 0.391],
            [127.983, 0.471],
            [127.886, 0.297],
            [127.979, -0.248],
            [128.253, -0.732],
            [128.426, -0.893],
            [128.278, -0.871],
            [128.235, -0.788],
            [128.048, -0.706],
            [127.889, -0.423],
            [127.691, -0.242],
            [127.709, 0.289],
            [127.555, 0.49],
            [127.537, 0.612],
            [127.609, 0.848],
            [127.429, 1.139],
            [127.63, 1.844],
            [127.9, 2.138],
            [128.037, 2.198],
            [127.886, 1.832],
            [128.012, 1.702],
            [128.012, 1.332],
            [127.886, 1.162],
            [127.652, 1.014],
            [127.634, 0.936],
            [127.731, 0.848]
          ]
        ]
      }
    },
    {
      "type": "Feature",
      "properties": {},
      "geometry": {
        "type": "Polygon",
        "coordinates": [
          [
            [69.184, -49.109],
            [69.594, -48.97],
            [69.644, -49.118],
            [69.436, -49.125],
            [69.403, -49.182],
            [69.544, -49.255],
            [69.77, -49.248],
            [70.321, -49.059],
            [70.483, -49.083],
            [70.555, -49.201],
            [70.386, -49.434],
            [70.167, -49.344],
            [69.914, -49.349],
            [69.76, -49.43],
            [69.857, -49.543],
            [69.986, -49.581],
            [70.167, -49.51],
            [70.307, -49.583],
            [70.123, -49.705],
            [69.155, -49.529],
            [68.993, -49.705],
            [68.816, -49.699],
            [68.791, -49.6],
            [68.87, -49.444],
            [68.798, -49.232],
            [68.885, -49.165],
            [68.77, -49.066],
            [68.831, -48.849],
            [69.004, -48.661],
            [69.083, -48.679],
            [69.137, -48.861],
            [69.032, -49.017],
            [69.05, -49.081],
            [69.184, -49.109]
          ]
        ]
      }
    },
    {
      "type": "Feature",
      "properties": {},
      "geometry": {
        "type": "Polygon",
        "coordinates": [
          [
            [63.373, 80.7],
            [63.002, 80.713],
            [62.52, 80.822],
            [63.114, 80.966],
            [64.097, 80.999],
            [64.309, 81.174],
            [64.576, 81.199],
            [65.173, 81.145],
            [65.382, 81.056],
            [65.371, 80.968],
            [65.436, 80.931],
            [64.547, 80.756],
            [63.373, 80.7]
          ]
        ]
      }
    },
    {
      "type": "Feature",
      "properties": {},
      "geometry": {
        "type": "Polygon",
        "coordinates": [
          [
            [57.955, 80.122],
            [57.332, 80.159],
            [57.185, 80.397],
            [57.012, 80.468],
            [58.481, 80.464],
            [59.255, 80.343],
            [58.398, 80.319],
            [58.283, 80.298],
            [58.254, 80.202],
            [57.955, 80.122]
          ]
        ]
      }
    },
    {
      "type": "Feature",
      "properties": {},
      "geometry": {
        "type": "Polygon",
        "coordinates": [
          [
            [-25.432, 70.922],
            [-25.393, 70.835],
            [-25.468, 70.779],
            [-25.346, 70.694],
            [-25.404, 70.652],
            [-25.911, 70.573],
            [-26.217, 70.455],
            [-26.606, 70.554],
            [-28.035, 70.488],
            [-27.938, 70.616],
            [-27.715, 70.713],
            [-27.708, 70.897],
            [-27.618, 70.915],
            [-26.62, 70.876],
            [-25.818, 71.043],
            [-25.432, 70.922]
          ]
        ]
      }
    },
    {
      "type": "Feature",
      "properties": {},
      "geometry": {
        "type": "Polygon",
        "coordinates": [
          [
            [159.75, -9.273],
            [159.969, -9.433],
            [160.355, -9.422],
            [160.625, -9.589],
            [160.819, -9.863],
            [160.65, -9.929],
            [160.322, -9.822],
            [159.854, -9.792],
            [159.62, -9.532],
            [159.624, -9.311],
            [159.75, -9.273]
          ]
        ]
      }
    },
    {
      "type": "Feature",
      "properties": {},
      "geometry": {
        "type": "Polygon",
        "coordinates": [
          [
            [117.313, 8.439],
            [117.219, 8.366],
            [117.349, 8.714],
            [117.885, 9.241],
            [118.115, 9.347],
            [119.023, 10.354],
            [119.224, 10.477],
            [119.314, 10.687],
            [119.26, 10.845],
            [119.307, 10.974],
            [119.501, 11.347],
            [119.552, 11.314],
            [119.527, 10.953],
            [119.689, 10.5],
            [119.368, 10.328],
            [119.192, 10.061],
            [118.781, 9.917],
            [118.774, 9.767],
            [118.436, 9.255],
            [118.133, 9.101],
            [117.989, 8.877],
            [117.313, 8.439]
          ]
        ]
      }
    },
    {
      "type": "Feature",
      "properties": {},
      "geometry": {
        "type": "Polygon",
        "coordinates": [
          [
            [122.497, 11.614],
            [122.612, 11.564],
            [122.839, 11.595],
            [122.932, 11.529],
            [122.896, 11.441],
            [123.159, 11.536],
            [123.119, 11.286],
            [123.015, 11.116],
            [122.803, 10.99],
            [122.77, 10.825],
            [122.522, 10.693],
            [122.198, 10.623],
            [121.953, 10.444],
            [121.964, 10.871],
            [122.05, 11.097],
            [122.104, 11.642],
            [122.068, 11.724],
            [121.892, 11.792],
            [121.917, 11.854],
            [122.029, 11.896],
            [122.497, 11.614]
          ]
        ]
      }
    },
    {
      "type": "Feature",
      "properties": {},
      "geometry": {
        "type": "Polygon",
        "coordinates": [
          [
            [123.13, 9.064],
            [122.993, 9.059],
            [122.867, 9.319],
            [122.561, 9.483],
            [122.41, 9.694],
            [122.399, 9.823],
            [122.471, 9.962],
            [122.713, 9.99],
            [122.857, 10.087],
            [122.817, 10.503],
            [122.957, 10.698],
            [122.983, 10.887],
            [123.256, 10.995],
            [123.512, 10.924],
            [123.566, 10.781],
            [123.163, 9.865],
            [123.148, 9.606],
            [123.321, 9.273],
            [123.13, 9.064]
          ]
        ]
      }
    },
    {
      "type": "Feature",
      "properties": {},
      "geometry": {
        "type": "Polygon",
        "coordinates": [
          [
            [124.574, 11.344],
            [124.646, 11.309],
            [124.822, 11.401],
            [124.93, 11.373],
            [125.027, 11.212],
            [125.013, 10.786],
            [125.164, 10.637],
            [125.269, 10.307],
            [125.15, 10.273],
            [125.143, 10.189],
            [124.988, 10.368],
            [125.027, 10.033],
            [124.779, 10.168],
            [124.739, 10.439],
            [124.786, 10.781],
            [124.664, 10.962],
            [124.444, 10.924],
            [124.329, 11.535],
            [124.574, 11.344]
          ]
        ]
      }
    },
    {
      "type": "Feature",
      "properties": {},
      "geometry": {
        "type": "Polygon",
        "coordinates": [
          [
            [125.24, 12.528],
            [125.319, 12.321],
            [125.535, 12.191],
            [125.456, 11.953],
            [125.492, 11.594],
            [125.611, 11.323],
            [125.575, 11.238],
            [125.704, 11.165],
            [125.737, 11.05],
            [125.629, 11.132],
            [125.233, 11.146],
            [125.035, 11.342],
            [124.916, 11.559],
            [124.995, 11.766],
            [124.883, 11.776],
            [124.678, 12.021],
            [124.444, 12.153],
            [124.293, 12.569],
            [124.567, 12.526],
            [125.15, 12.573],
            [125.24, 12.528]
          ]
        ]
      }
    },
    {
      "type": "Feature",
      "properties": {},
      "geometry": {
        "type": "Polygon",
        "coordinates": [
          [
            [120.704, 13.479],
            [120.916, 13.502],
            [121.121, 13.382],
            [121.204, 13.432],
            [121.521, 13.132],
            [121.474, 12.932],
            [121.539, 12.639],
            [121.395, 12.3],
            [121.237, 12.219],
            [121.118, 12.253],
            [120.963, 12.446],
            [120.65, 13.17],
            [120.509, 13.26],
            [120.455, 13.394],
            [120.34, 13.413],
            [120.401, 13.517],
            [120.704, 13.479]
          ]
        ]
      }
    },
    {
      "type": "Feature",
      "properties": {},
      "geometry": {
        "type": "Polygon",
        "coordinates": [
          [
            [155.959, -6.686],
            [155.916, -6.796],
            [155.891, -6.761],
            [155.718, -6.864],
            [155.343, -6.721],
            [155.21, -6.527],
            [155.203, -6.308],
            [155.009, -6.209],
            [154.76, -5.931],
            [154.728, -5.445],
            [155.095, -5.621],
            [155.466, -6.145],
            [155.822, -6.381],
            [155.959, -6.686]
          ]
        ]
      }
    },
    {
      "type": "Feature",
      "properties": {},
      "geometry": {
        "type": "Polygon",
        "coordinates": [
          [
            [152.967, -4.756],
            [152.892, -4.832],
            [152.741, -4.636],
            [152.679, -4.499],
            [152.669, -4.131],
            [152.28, -3.582],
            [151.88, -3.4],
            [151.067, -2.829],
            [150.746, -2.739],
            [150.825, -2.713],
            [150.825, -2.572],
            [151.225, -2.871],
            [151.477, -2.942],
            [151.808, -3.173],
            [152.031, -3.251],
            [153.018, -4.105],
            [153.133, -4.353],
            [152.967, -4.756]
          ]
        ]
      }
    },
    {
      "type": "Feature",
      "properties": {},
      "geometry": {
        "type": "Polygon",
        "coordinates": [
          [
            [138.535, -8.273],
            [138.297, -8.405],
            [137.649, -8.386],
            [137.833, -7.933],
            [138.081, -7.567],
            [138.297, -7.438],
            [138.769, -7.391],
            [138.963, -7.587],
            [138.988, -7.697],
            [138.787, -8.06],
            [138.535, -8.273]
          ]
        ]
      }
    },
    {
      "type": "Feature",
      "properties": {},
      "geometry": {
        "type": "Polygon",
        "coordinates": [
          [
            [129.754, -2.866],
            [129.985, -2.977],
            [130.381, -2.989],
            [130.572, -3.131],
            [130.672, -3.392],
            [130.773, -3.419],
            [130.86, -3.57],
            [130.806, -3.859],
            [130.021, -3.475],
            [129.844, -3.327],
            [129.513, -3.329],
            [129.52, -3.433],
            [129.466, -3.454],
            [128.966, -3.326],
            [128.959, -3.24],
            [128.861, -3.235],
            [128.638, -3.433],
            [128.516, -3.449],
            [128.131, -3.157],
            [127.904, -3.496],
            [127.879, -3.221],
            [128.199, -2.866],
            [128.991, -2.829],
            [129.175, -2.933],
            [129.484, -2.786],
            [129.754, -2.866]
          ]
        ]
      }
    },
    {
      "type": "Feature",
      "properties": {},
      "geometry": {
        "type": "Polygon",
        "coordinates": [
          [
            [126.86, -3.088],
            [127.025, -3.166],
            [127.227, -3.392],
            [127.231, -3.633],
            [126.687, -3.824],
            [126.215, -3.605],
            [126.057, -3.421],
            [126.028, -3.171],
            [126.089, -3.105],
            [126.219, -3.148],
            [126.554, -3.065],
            [126.86, -3.088]
          ]
        ]
      }
    },
    {
      "type": "Feature",
      "properties": {},
      "geometry": {
        "type": "Polygon",
        "coordinates": [
          [
            [122.785, -8.612],
            [121.651, -8.898],
            [121.586, -8.82],
            [121.413, -8.815],
            [121.327, -8.917],
            [121.035, -8.935],
            [120.549, -8.803],
            [120.121, -8.777],
            [119.908, -8.858],
            [119.807, -8.698],
            [119.876, -8.419],
            [119.962, -8.436],
            [120.355, -8.258],
            [120.61, -8.24],
            [121.445, -8.577],
            [121.967, -8.455],
            [122.324, -8.629],
            [122.432, -8.601],
            [122.554, -8.431],
            [122.849, -8.304],
            [122.918, -8.221],
            [122.759, -8.186],
            [122.846, -8.093],
            [122.918, -8.105],
            [122.979, -8.152],
            [123.004, -8.329],
            [122.81, -8.481],
            [122.846, -8.561],
            [122.785, -8.612]
          ]
        ]
      }
    },
    {
      "type": "Feature",
      "properties": {},
      "geometry": {
        "type": "Polygon",
        "coordinates": [
          [
            [120.013, -9.376],
            [120.221, -9.506],
            [120.29, -9.648],
            [120.445, -9.646],
            [120.556, -9.719],
            [120.783, -9.957],
            [120.805, -10.108],
            [120.437, -10.294],
            [120.254, -10.242],
            [119.602, -9.773],
            [119.084, -9.707],
            [118.958, -9.52],
            [119.03, -9.44],
            [119.296, -9.367],
            [119.797, -9.381],
            [119.941, -9.301],
            [120.013, -9.376]
          ]
        ]
      }
    },
    {
      "type": "Feature",
      "properties": {},
      "geometry": {
        "type": "Polygon",
        "coordinates": [
          [
            [118.241, -8.318],
            [118.339, -8.353],
            [118.612, -8.28],
            [118.713, -8.416],
            [118.749, -8.33],
            [118.925, -8.297],
            [119.131, -8.669],
            [119.005, -8.749],
            [118.904, -8.702],
            [118.745, -8.735],
            [118.832, -8.834],
            [118.479, -8.856],
            [118.396, -8.813],
            [118.378, -8.674],
            [118.191, -8.841],
            [117.061, -9.1],
            [116.787, -9.006],
            [116.834, -8.532],
            [117.165, -8.367],
            [117.568, -8.426],
            [117.806, -8.711],
            [117.968, -8.728],
            [118.234, -8.593],
            [117.817, -8.343],
            [117.755, -8.15],
            [117.921, -8.089],
            [118.119, -8.122],
            [118.241, -8.318]
          ]
        ]
      }
    },
    {
      "type": "Feature",
      "properties": {},
      "geometry": {
        "type": "Polygon",
        "coordinates": [
          [
            [116.639, -8.613],
            [116.513, -8.822],
            [116.585, -8.886],
            [116.24, -8.912],
            [115.858, -8.789],
            [115.869, -8.744],
            [116.078, -8.745],
            [116.06, -8.438],
            [116.402, -8.204],
            [116.719, -8.336],
            [116.639, -8.613]
          ]
        ]
      }
    },
    {
      "type": "Feature",
      "properties": {},
      "geometry": {
        "type": "Polygon",
        "coordinates": [
          [
            [115.448, -8.155],
            [115.703, -8.407],
            [115.333, -8.615],
            [115.221, -8.82],
            [115.145, -8.85],
            [115.091, -8.829],
            [115.142, -8.697],
            [115.055, -8.573],
            [114.843, -8.428],
            [114.613, -8.379],
            [114.469, -8.166],
            [114.505, -8.117],
            [114.94, -8.186],
            [115.153, -8.067],
            [115.448, -8.155]
          ]
        ]
      }
    },
    {
      "type": "Feature",
      "properties": {},
      "geometry": {
        "type": "Polygon",
        "coordinates": [
          [
            [106.044, -1.669],
            [106.163, -1.867],
            [106.21, -2.188],
            [106.365, -2.464],
            [106.818, -2.574],
            [106.707, -2.657],
            [106.613, -2.895],
            [106.667, -3.072],
            [105.998, -2.826],
            [105.908, -2.643],
            [105.94, -2.494],
            [105.785, -2.182],
            [105.551, -2.079],
            [105.342, -2.124],
            [105.134, -2.043],
            [105.191, -1.918],
            [105.375, -1.813],
            [105.375, -1.657],
            [105.461, -1.574],
            [105.584, -1.527],
            [105.702, -1.732],
            [105.753, -1.659],
            [105.72, -1.534],
            [105.911, -1.504],
            [106.044, -1.669]
          ]
        ]
      }
    },
    {
      "type": "Feature",
      "properties": {},
      "geometry": {
        "type": "Polygon",
        "coordinates": [
          [
            [22.617, 58.622],
            [22.963, 58.606],
            [23.323, 58.45],
            [23.128, 58.436],
            [22.729, 58.231],
            [22.372, 58.218],
            [22.268, 58.16],
            [22.153, 57.968],
            [21.998, 57.931],
            [21.987, 57.995],
            [22.189, 58.155],
            [21.883, 58.263],
            [21.854, 58.301],
            [21.984, 58.386],
            [21.861, 58.497],
            [22.268, 58.507],
            [22.329, 58.58],
            [22.617, 58.622]
          ]
        ]
      }
    },
    {
      "type": "Feature",
      "properties": {},
      "geometry": {
        "type": "Polygon",
        "coordinates": [
          [
            [21.609, 78.596],
            [22.045, 78.577],
            [22.3, 78.228],
            [22.988, 78.253],
            [23.452, 78.15],
            [23.154, 78.088],
            [23.118, 77.992],
            [23.683, 77.876],
            [24.237, 77.899],
            [24.903, 77.756],
            [24.129, 77.659],
            [23.737, 77.463],
            [23.1, 77.385],
            [22.801, 77.275],
            [22.426, 77.315],
            [22.488, 77.36],
            [22.441, 77.43],
            [22.732, 77.539],
            [22.686, 77.553],
            [21.051, 77.44],
            [20.929, 77.459],
            [20.875, 77.565],
            [21.202, 77.619],
            [21.336, 77.772],
            [21.652, 77.923],
            [21.037, 78.06],
            [20.785, 78.253],
            [20.529, 78.326],
            [20.562, 78.419],
            [20.227, 78.478],
            [21.609, 78.596]
          ]
        ]
      }
    },
    {
      "type": "Feature",
      "properties": {},
      "geometry": {
        "type": "Polygon",
        "coordinates": [
          [
            [62.167, 80.834],
            [62.228, 80.794],
            [62.077, 80.617],
            [61.681, 80.586],
            [61.051, 80.419],
            [60.277, 80.494],
            [59.651, 80.431],
            [59.345, 80.504],
            [59.287, 80.572],
            [59.388, 80.713],
            [59.716, 80.836],
            [60.482, 80.805],
            [61.598, 80.893],
            [62.167, 80.834]
          ]
        ]
      }
    },
    {
      "type": "Feature",
      "properties": {},
      "geometry": {
        "type": "Polygon",
        "coordinates": [
          [
            [47.443, 80.853],
            [48.447, 80.806],
            [48.685, 80.718],
            [48.685, 80.633],
            [48.044, 80.667],
            [47.706, 80.765],
            [47.303, 80.607],
            [46.676, 80.562],
            [46.514, 80.475],
            [46.14, 80.447],
            [45.971, 80.57],
            [45.639, 80.537],
            [44.905, 80.612],
            [47.443, 80.853]
          ]
        ]
      }
    },
    {
      "type": "Feature",
      "properties": {},
      "geometry": {
        "type": "Polygon",
        "coordinates": [
          [
            [50.28, 80.928],
            [50.802, 80.914],
            [51.702, 80.688],
            [50.96, 80.541],
            [49.844, 80.497],
            [49.751, 80.471],
            [49.794, 80.426],
            [49.585, 80.376],
            [48.897, 80.369],
            [48.678, 80.299],
            [48.959, 80.266],
            [48.977, 80.162],
            [48.581, 80.195],
            [48.386, 80.096],
            [48.167, 80.133],
            [47.738, 80.082],
            [47.634, 80.112],
            [47.976, 80.213],
            [47.641, 80.246],
            [46.989, 80.183],
            [46.644, 80.301],
            [47.897, 80.529],
            [48.404, 80.569],
            [48.624, 80.508],
            [49.088, 80.516],
            [49.185, 80.558],
            [49.146, 80.713],
            [49.243, 80.822],
            [50.28, 80.928]
          ]
        ]
      }
    },
    {
      "type": "Feature",
      "properties": {},
      "geometry": {
        "type": "Polygon",
        "coordinates": [
          [
            [50.266, 69.186],
            [50.284, 69.088],
            [50.222, 69.048],
            [50.093, 69.125],
            [49.625, 68.859],
            [48.912, 68.743],
            [48.667, 68.732],
            [48.44, 68.805],
            [48.278, 69.04],
            [48.321, 69.269],
            [48.415, 69.345],
            [48.955, 69.508],
            [49.225, 69.512],
            [50.266, 69.186]
          ]
        ]
      }
    },
    {
      "type": "Feature",
      "properties": {},
      "geometry": {
        "type": "Polygon",
        "coordinates": [
          [
            [60.45, 69.936],
            [60.439, 69.725],
            [59.636, 69.72],
            [59.503, 69.866],
            [58.952, 69.892],
            [58.679, 70.052],
            [58.474, 70.267],
            [58.794, 70.434],
            [59.05, 70.46],
            [60.45, 69.936]
          ]
        ]
      }
    },
    {
      "type": "Feature",
      "properties": {},
      "geometry": {
        "type": "Polygon",
        "coordinates": [
          [
            [70.674, 73.095],
            [70.041, 73.038],
            [69.922, 73.085],
            [70.019, 73.224],
            [69.997, 73.359],
            [70.35, 73.477],
            [71.023, 73.505],
            [71.632, 73.225],
            [71.625, 73.173],
            [70.674, 73.095]
          ]
        ]
      }
    },
    {
      "type": "Feature",
      "properties": {},
      "geometry": {
        "type": "Polygon",
        "coordinates": [
          [
            [92.685, 79.685],
            [92.152, 79.685],
            [91.378, 79.836],
            [91.126, 79.905],
            [91.072, 79.982],
            [91.425, 80.049],
            [92.174, 80.046],
            [93.804, 79.905],
            [93.603, 79.817],
            [92.685, 79.685]
          ]
        ]
      }
    },
    {
      "type": "Feature",
      "properties": {},
      "geometry": {
        "type": "Polygon",
        "coordinates": [
          [
            [113.389, 74.401],
            [113.259, 74.272],
            [112.784, 74.095],
            [112.103, 74.163],
            [111.502, 74.354],
            [111.88, 74.364],
            [112.085, 74.55],
            [113.389, 74.401]
          ]
        ]
      }
    },
    {
      "type": "Feature",
      "properties": {},
      "geometry": {
        "type": "Polygon",
        "coordinates": [
          [
            [141.012, 74],
            [140.41, 73.921],
            [140.184, 74.005],
            [140.101, 74.184],
            [140.299, 74.256],
            [140.943, 74.265],
            [141.098, 74.168],
            [141.012, 74]
          ]
        ]
      }
    },
    {
      "type": "Feature",
      "properties": {},
      "geometry": {
        "type": "Polygon",
        "coordinates": [
          [
            [23.852, 35.535],
            [24.165, 35.596],
            [24.198, 35.537],
            [24.108, 35.495],
            [24.255, 35.469],
            [24.313, 35.363],
            [24.72, 35.426],
            [25.476, 35.306],
            [25.731, 35.349],
            [25.746, 35.143],
            [25.792, 35.123],
            [26.167, 35.215],
            [26.322, 35.314],
            [26.246, 35.045],
            [26.167, 35.019],
            [24.799, 34.934],
            [24.709, 35.089],
            [24.464, 35.16],
            [23.593, 35.257],
            [23.571, 35.535],
            [23.672, 35.514],
            [23.737, 35.655],
            [23.852, 35.535]
          ]
        ]
      }
    },
    {
      "type": "Feature",
      "properties": {},
      "geometry": {
        "type": "Polygon",
        "coordinates": [
          [
            [23.416, 38.958],
            [23.524, 38.814],
            [24.129, 38.649],
            [24.277, 38.22],
            [24.565, 38.148],
            [24.579, 38.021],
            [24.504, 37.97],
            [24.36, 38.019],
            [24.212, 38.118],
            [24.039, 38.391],
            [23.65, 38.443],
            [23.618, 38.552],
            [23.251, 38.802],
            [22.869, 38.87],
            [23.258, 39.031],
            [23.416, 38.958]
          ]
        ]
      }
    },
    {
      "type": "Feature",
      "properties": {},
      "geometry": {
        "type": "Polygon",
        "coordinates": [
          [
            [34.465, 35.594],
            [33.943, 35.292],
            [33.907, 35.202],
            [34.051, 34.988],
            [33.698, 34.971],
            [33.414, 34.75],
            [33.061, 34.676],
            [33.007, 34.57],
            [32.867, 34.662],
            [32.449, 34.729],
            [32.316, 34.953],
            [32.301, 35.084],
            [32.391, 35.051],
            [32.654, 35.182],
            [32.881, 35.181],
            [32.942, 35.391],
            [33.608, 35.354],
            [34.555, 35.662],
            [34.465, 35.594]
          ]
        ]
      }
    },
    {
      "type": "Feature",
      "properties": {},
      "geometry": {
        "type": "Polygon",
        "coordinates": [
          [
            [19.075, 57.836],
            [18.816, 57.705],
            [18.79, 57.483],
            [18.909, 57.398],
            [18.477, 57.164],
            [18.34, 56.978],
            [18.146, 56.921],
            [18.286, 57.084],
            [18.106, 57.271],
            [18.135, 57.556],
            [18.538, 57.83],
            [18.805, 57.834],
            [18.902, 57.915],
            [19.075, 57.836]
          ]
        ]
      }
    },
    {
      "type": "Feature",
      "properties": {},
      "geometry": {
        "type": "Polygon",
        "coordinates": [
          [
            [12.57, 55.785],
            [12.544, 55.655],
            [12.321, 55.587],
            [12.217, 55.466],
            [12.386, 55.386],
            [12.415, 55.285],
            [12.091, 55.188],
            [12.051, 54.815],
            [11.864, 54.773],
            [11.742, 54.916],
            [11.655, 55.186],
            [11.288, 55.204],
            [11.169, 55.329],
            [11.191, 55.466],
            [11.122, 55.601],
            [11.007, 55.645],
            [10.978, 55.721],
            [11.324, 55.752],
            [11.475, 55.943],
            [11.626, 55.957],
            [11.695, 55.909],
            [11.691, 55.73],
            [11.821, 55.697],
            [11.936, 55.896],
            [11.868, 55.968],
            [12.22, 56.119],
            [12.58, 56.065],
            [12.526, 55.919],
            [12.57, 55.785]
          ]
        ]
      }
    },
    {
      "type": "Feature",
      "properties": {},
      "geometry": {
        "type": "Polygon",
        "coordinates": [
          [
            [10.644, 55.61],
            [10.82, 55.322],
            [10.784, 55.133],
            [10.626, 55.053],
            [9.988, 55.164],
            [9.859, 55.357],
            [9.862, 55.516],
            [10.287, 55.61],
            [10.507, 55.558],
            [10.644, 55.61]
          ]
        ]
      }
    },
    {
      "type": "Feature",
      "properties": {},
      "geometry": {
        "type": "Polygon",
        "coordinates": [
          [
            [3.145, 39.79],
            [3.451, 39.762],
            [3.461, 39.698],
            [3.245, 39.387],
            [3.073, 39.302],
            [2.799, 39.385],
            [2.702, 39.542],
            [2.5, 39.477],
            [2.371, 39.573],
            [2.785, 39.854],
            [3.159, 39.97],
            [3.199, 39.891],
            [3.145, 39.79]
          ]
        ]
      }
    },
    {
      "type": "Feature",
      "properties": {},
      "geometry": {
        "type": "Polygon",
        "coordinates": [
          [
            [-120.556, -73.755],
            [-120.272, -73.99],
            [-120.988, -74.156],
            [-121.053, -74.26],
            [-121.003, -74.326],
            [-122.288, -74.403],
            [-122.939, -74.302],
            [-122.957, -74.24],
            [-122.763, -74.219],
            [-122.882, -74.099],
            [-122.626, -73.965],
            [-122.99, -73.844],
            [-123.346, -73.844],
            [-123.249, -73.738],
            [-123.011, -73.674],
            [-120.556, -73.755]
          ]
        ]
      }
    },
    {
      "type": "Feature",
      "properties": {},
      "geometry": {
        "type": "Polygon",
        "coordinates": [
          [
            [-126.331, -73.286],
            [-125.737, -73.406],
            [-125.265, -73.667],
            [-125.827, -73.719],
            [-125.855, -73.78],
            [-125.798, -73.802],
            [-124.995, -73.83],
            [-124.541, -73.74],
            [-124.041, -73.88],
            [-124.153, -73.944],
            [-123.8, -74.076],
            [-123.836, -74.226],
            [-125.089, -74.182],
            [-126.244, -73.891],
            [-126.471, -73.813],
            [-126.496, -73.7],
            [-126.583, -73.67],
            [-127.213, -73.724],
            [-127.234, -73.585],
            [-127.414, -73.516],
            [-127.429, -73.446],
            [-127.267, -73.304],
            [-126.331, -73.286]
          ]
        ]
      }
    },
    {
      "type": "Feature",
      "properties": {},
      "geometry": {
        "type": "Polygon",
        "coordinates": [
          [
            [-66.174, -80.078],
            [-66.368, -80.053],
            [-66.412, -79.974],
            [-66.905, -79.909],
            [-66.995, -79.793],
            [-67.718, -79.619],
            [-67.808, -79.547],
            [-66.016, -79.625],
            [-65.872, -79.737],
            [-65.58, -79.77],
            [-65.504, -79.954],
            [-66.174, -80.078]
          ]
        ]
      }
    },
    {
      "type": "Feature",
      "properties": {},
      "geometry": {
        "type": "Polygon",
        "coordinates": [
          [
            [-57.847, -64.054],
            [-57.48, -63.962],
            [-57.516, -64.011],
            [-57.25, -64.098],
            [-57.221, -64.221],
            [-57.415, -64.296],
            [-57.296, -64.367],
            [-57.682, -64.356],
            [-57.703, -64.294],
            [-57.822, -64.303],
            [-57.908, -64.41],
            [-57.952, -64.395],
            [-57.919, -64.33],
            [-58.214, -64.37],
            [-58.304, -64.315],
            [-58.02, -64.242],
            [-58.139, -64.205],
            [-58.146, -64.098],
            [-58.438, -64.113],
            [-58.276, -63.916],
            [-57.926, -63.806],
            [-57.779, -63.869],
            [-57.847, -64.054]
          ]
        ]
      }
    },
    {
      "type": "Feature",
      "properties": {},
      "geometry": {
        "type": "Polygon",
        "coordinates": [
          [
            [-63.179, -64.469],
            [-63.276, -64.573],
            [-62.927, -64.52],
            [-62.837, -64.572],
            [-63.276, -64.718],
            [-63.557, -64.735],
            [-63.74, -64.834],
            [-64.273, -64.697],
            [-64.172, -64.582],
            [-63.676, -64.421],
            [-63.683, -64.343],
            [-63.485, -64.261],
            [-63.229, -64.324],
            [-63.272, -64.381],
            [-63.179, -64.469]
          ]
        ]
      }
    },
    {
      "type": "Feature",
      "properties": {},
      "geometry": {
        "type": "Polygon",
        "coordinates": [
          [
            [-73.705, -70.636],
            [-73.551, -70.724],
            [-74.505, -70.974],
            [-76.175, -71.132],
            [-76.366, -71.116],
            [-76.51, -70.991],
            [-76.499, -70.941],
            [-76.251, -70.863],
            [-75.127, -70.752],
            [-74.955, -70.59],
            [-74.789, -70.63],
            [-74.591, -70.792],
            [-74.469, -70.726],
            [-74.458, -70.587],
            [-74.4, -70.577],
            [-74.116, -70.655],
            [-74.112, -70.577],
            [-74.037, -70.552],
            [-73.705, -70.636]
          ]
        ]
      }
    },
    {
      "type": "Feature",
      "properties": {},
      "geometry": {
        "type": "Polygon",
        "coordinates": [
          [
            [-74.987, -69.728],
            [-74.811, -69.752],
            [-74.44, -69.95],
            [-74.58, -69.999],
            [-74.67, -70.132],
            [-74.85, -70.179],
            [-75.729, -70.096],
            [-75.804, -70.038],
            [-75.761, -69.917],
            [-75.682, -69.882],
            [-74.987, -69.728]
          ]
        ]
      }
    },
    {
      "type": "Feature",
      "properties": {},
      "geometry": {
        "type": "Polygon",
        "coordinates": [
          [
            [-98.092, -71.913],
            [-98.175, -72.019],
            [-98.168, -72.123],
            [-97.923, -72.116],
            [-97.815, -71.919],
            [-97.584, -71.882],
            [-97.473, -72],
            [-97.581, -72.096],
            [-97.462, -72.188],
            [-97.347, -72.189],
            [-97.088, -71.945],
            [-96.868, -71.851],
            [-96.382, -71.837],
            [-96.126, -71.896],
            [-96.299, -72.045],
            [-96.98, -72.222],
            [-96.717, -72.255],
            [-95.687, -72.057],
            [-95.608, -72.068],
            [-95.608, -72.175],
            [-95.532, -72.248],
            [-95.576, -72.41],
            [-96.08, -72.453],
            [-96.015, -72.524],
            [-96.051, -72.576],
            [-96.915, -72.578],
            [-97.25, -72.521],
            [-98.164, -72.556],
            [-99.15, -72.472],
            [-100.194, -72.273],
            [-102.023, -72.184],
            [-102.315, -72.082],
            [-102.128, -71.986],
            [-100.22, -71.833],
            [-100.086, -71.837],
            [-99.784, -72.044],
            [-99.564, -71.945],
            [-99.082, -71.932],
            [-98.614, -71.764],
            [-98.189, -71.82],
            [-98.092, -71.913]
          ]
        ]
      }
    },
    {
      "type": "Feature",
      "properties": {},
      "geometry": {
        "type": "Polygon",
        "coordinates": [
          [
            [-74.353, -73.099],
            [-74.497, -73.229],
            [-74.667, -73.276],
            [-74.368, -73.464],
            [-74.573, -73.611],
            [-75.901, -73.333],
            [-76.053, -73.255],
            [-76.096, -73.151],
            [-75.898, -73.056],
            [-75.505, -73.109],
            [-75.275, -73.05],
            [-75.243, -73.009],
            [-75.732, -72.879],
            [-75.376, -72.821],
            [-74.335, -72.918],
            [-74.224, -72.997],
            [-74.353, -73.099]
          ]
        ]
      }
    },
    {
      "type": "Feature",
      "properties": {},
      "geometry": {
        "type": "Polygon",
        "coordinates": [
          [
            [-67.988, -67.474],
            [-68.176, -67.558],
            [-68.327, -67.532],
            [-68.579, -67.733],
            [-68.82, -67.754],
            [-69.097, -67.603],
            [-69.137, -67.516],
            [-69.083, -67.403],
            [-68.338, -66.803],
            [-67.711, -66.632],
            [-67.682, -66.709],
            [-67.931, -66.844],
            [-67.97, -66.981],
            [-67.949, -67.046],
            [-67.686, -67.148],
            [-68.237, -67.372],
            [-68.006, -67.419],
            [-67.988, -67.474]
          ]
        ]
      }
    },
    {
      "type": "Feature",
      "properties": {},
      "geometry": {
        "type": "Polygon",
        "coordinates": [
          [
            [180, 71.538],
            [180, 70.993],
            [179.647, 70.899],
            [178.794, 70.823],
            [178.628, 71.047],
            [178.891, 71.231],
            [180, 71.538]
          ]
        ]
      }
    },
    {
      "type": "Feature",
      "properties": {},
      "geometry": {
        "type": "Polygon",
        "coordinates": [
          [
            [-180, 71.538],
            [-179.111, 71.597],
            [-178.438, 71.541],
            [-177.498, 71.218],
            [-177.822, 71.067],
            [-179.507, 70.923],
            [-180, 70.993],
            [-180, 71.538]
          ]
        ]
      }
    },
    {
      "type": "Feature",
      "properties": {},
      "geometry": {
        "type": "Polygon",
        "coordinates": [
          [
            [-58.852, -51.27],
            [-58.427, -51.324],
            [-58.38, -51.373],
            [-58.52, -51.423],
            [-58.51, -51.484],
            [-58.272, -51.574],
            [-58.258, -51.416],
            [-57.977, -51.385],
            [-57.808, -51.519],
            [-57.959, -51.583],
            [-57.793, -51.637],
            [-57.84, -51.71],
            [-58.682, -51.935],
            [-58.654, -52.099],
            [-59.197, -52.017],
            [-59.068, -52.173],
            [-59.341, -52.196],
            [-59.395, -52.309],
            [-59.532, -52.236],
            [-59.647, -52.135],
            [-59.536, -51.97],
            [-59.572, -51.925],
            [-59.06, -51.685],
            [-59.096, -51.491],
            [-58.888, -51.357],
            [-58.916, -51.272],
            [-58.852, -51.27]
          ]
        ]
      }
    },
    {
      "type": "Feature",
      "properties": {},
      "geometry": {
        "type": "Polygon",
        "coordinates": [
          [
            [-37.104, -54.065],
            [-36.704, -54.109],
            [-36.607, -54.19],
            [-36.647, -54.262],
            [-36.449, -54.309],
            [-36.326, -54.251],
            [-36.074, -54.553],
            [-35.894, -54.555],
            [-35.912, -54.711],
            [-35.797, -54.763],
            [-36.085, -54.867],
            [-36.251, -54.781],
            [-36.506, -54.512],
            [-36.737, -54.466],
            [-36.888, -54.34],
            [-37.496, -54.156],
            [-37.629, -54.168],
            [-37.691, -54.078],
            [-37.619, -54.043],
            [-38.018, -54.008],
            [-37.381, -53.984],
            [-37.104, -54.065]
          ]
        ]
      }
    },
    {
      "type": "Feature",
      "properties": {},
      "geometry": {
        "type": "Polygon",
        "coordinates": [
          [
            [-73.774, -43.346],
            [-74.116, -43.358],
            [-74.386, -43.231],
            [-74.209, -42.879],
            [-74.17, -42.269],
            [-74.058, -42.056],
            [-74.037, -41.795],
            [-73.529, -41.896],
            [-73.425, -42.193],
            [-73.439, -42.278],
            [-73.533, -42.314],
            [-73.471, -42.465],
            [-73.788, -42.585],
            [-73.435, -42.936],
            [-73.54, -43.073],
            [-73.749, -43.16],
            [-73.774, -43.346]
          ]
        ]
      }
    },
    {
      "type": "Feature",
      "properties": {},
      "geometry": {
        "type": "Polygon",
        "coordinates": [
          [
            [-60.288, -51.461],
            [-60.14, -51.481],
            [-59.917, -51.389],
            [-59.788, -51.446],
            [-59.464, -51.411],
            [-59.388, -51.361],
            [-59.269, -51.427],
            [-59.921, -51.97],
            [-60.245, -51.986],
            [-60.385, -52.154],
            [-60.688, -52.189],
            [-60.961, -52.057],
            [-60.238, -51.772],
            [-60.277, -51.717],
            [-60.5, -51.757],
            [-60.583, -51.713],
            [-60.245, -51.639],
            [-60.508, -51.486],
            [-60.569, -51.357],
            [-60.288, -51.461]
          ]
        ]
      }
    },
    {
      "type": "Feature",
      "properties": {},
      "geometry": {
        "type": "Polygon",
        "coordinates": [
          [
            [-74.476, -49.147],
            [-74.523, -49.623],
            [-74.458, -49.691],
            [-74.595, -50.007],
            [-74.764, -50.012],
            [-74.879, -49.725],
            [-74.724, -49.423],
            [-74.962, -49.533],
            [-75.03, -49.837],
            [-75.549, -49.791],
            [-75.52, -49.621],
            [-75.336, -49.628],
            [-75.307, -49.495],
            [-75.466, -49.359],
            [-75.325, -49.269],
            [-75.088, -49.271],
            [-75.095, -49.186],
            [-75.21, -49.147],
            [-74.951, -48.96],
            [-74.98, -48.819],
            [-74.897, -48.732],
            [-74.548, -48.767],
            [-74.476, -49.147]
          ]
        ]
      }
    },
    {
      "type": "Feature",
      "properties": {},
      "geometry": {
        "type": "Polygon",
        "coordinates": [
          [
            [-72.985, -44.78],
            [-73.23, -44.859],
            [-73.396, -44.774],
            [-73.446, -44.641],
            [-73.281, -44.49],
            [-73.259, -44.351],
            [-73.029, -44.384],
            [-72.777, -44.509],
            [-72.985, -44.78]
          ]
        ]
      }
    },
    {
      "type": "Feature",
      "properties": {},
      "geometry": {
        "type": "Polygon",
        "coordinates": [
          [
            [-61.8, 49.093],
            [-62.221, 49.079],
            [-63.042, 49.225],
            [-63.568, 49.399],
            [-63.776, 49.602],
            [-64.486, 49.886],
            [-64.133, 49.942],
            [-62.858, 49.706],
            [-61.818, 49.284],
            [-61.696, 49.138],
            [-61.8, 49.093]
          ]
        ]
      }
    },
    {
      "type": "Feature",
      "properties": {},
      "geometry": {
        "type": "Polygon",
        "coordinates": [
          [
            [-61.105, 45.944],
            [-60.864, 45.984],
            [-61.037, 45.881],
            [-60.972, 45.838],
            [-61.091, 45.748],
            [-61.058, 45.703],
            [-60.738, 45.751],
            [-60.461, 45.968],
            [-60.734, 45.956],
            [-60.572, 46.062],
            [-60.504, 46.204],
            [-60.299, 46.312],
            [-60.227, 46.196],
            [-59.867, 46.159],
            [-59.935, 46.019],
            [-59.827, 45.965],
            [-60.385, 45.654],
            [-60.673, 45.592],
            [-61.285, 45.574],
            [-61.451, 45.717],
            [-61.494, 45.942],
            [-61.408, 46.17],
            [-60.871, 46.796],
            [-60.49, 47.01],
            [-60.407, 47.003],
            [-60.331, 46.737],
            [-60.493, 46.27],
            [-60.576, 46.171],
            [-61.105, 45.944]
          ]
        ]
      }
    },
    {
      "type": "Feature",
      "properties": {},
      "geometry": {
        "type": "Polygon",
        "coordinates": [
          [
            [-171.464, 63.641],
            [-170.874, 63.594],
            [-170.431, 63.698],
            [-170.122, 63.618],
            [-170.017, 63.491],
            [-169.556, 63.373],
            [-168.717, 63.311],
            [-168.851, 63.172],
            [-169.365, 63.17],
            [-169.675, 62.957],
            [-169.819, 63.122],
            [-170.19, 63.196],
            [-170.528, 63.379],
            [-170.953, 63.453],
            [-171.518, 63.332],
            [-171.792, 63.426],
            [-171.817, 63.53],
            [-171.745, 63.703],
            [-171.648, 63.728],
            [-171.464, 63.641]
          ]
        ]
      }
    },
    {
      "type": "Feature",
      "properties": {},
      "geometry": {
        "type": "Polygon",
        "coordinates": [
          [
            [-166.136, 60.384],
            [-165.729, 60.315],
            [-165.711, 60.07],
            [-165.593, 59.914],
            [-166.1, 59.849],
            [-166.147, 59.764],
            [-167.137, 60.009],
            [-167.436, 60.207],
            [-166.835, 60.217],
            [-166.784, 60.297],
            [-166.475, 60.382],
            [-166.136, 60.384]
          ]
        ]
      }
    },
    {
      "type": "Feature",
      "properties": {},
      "geometry": {
        "type": "Polygon",
        "coordinates": [
          [
            [-163.476, 54.98],
            [-163.379, 54.815],
            [-163.083, 54.669],
            [-163.357, 54.735],
            [-163.584, 54.626],
            [-164.073, 54.621],
            [-164.592, 54.404],
            [-164.822, 54.419],
            [-164.905, 54.544],
            [-164.48, 54.907],
            [-164.275, 54.9],
            [-163.807, 55.049],
            [-163.609, 55.051],
            [-163.476, 54.98]
          ]
        ]
      }
    },
    {
      "type": "Feature",
      "properties": {},
      "geometry": {
        "type": "Polygon",
        "coordinates": [
          [
            [-77.262, 18.458],
            [-76.909, 18.39],
            [-76.701, 18.256],
            [-76.351, 18.152],
            [-76.211, 17.913],
            [-76.524, 17.866],
            [-76.852, 17.973],
            [-76.945, 17.848],
            [-77.118, 17.88],
            [-77.205, 17.715],
            [-77.363, 17.833],
            [-77.77, 17.878],
            [-78.043, 18.173],
            [-78.295, 18.218],
            [-78.339, 18.288],
            [-78.216, 18.447],
            [-77.874, 18.522],
            [-77.262, 18.458]
          ]
        ]
      }
    },
    {
      "type": "Feature",
      "properties": {},
      "geometry": {
        "type": "Polygon",
        "coordinates": [
          [
            [-66.131, 18.446],
            [-65.63, 18.381],
            [-65.62, 18.243],
            [-65.972, 17.975],
            [-66.134, 17.949],
            [-67.196, 17.994],
            [-67.171, 18.223],
            [-67.265, 18.364],
            [-67.157, 18.499],
            [-66.131, 18.446]
          ]
        ]
      }
    },
    {
      "type": "Feature",
      "properties": {},
      "geometry": {
        "type": "Polygon",
        "coordinates": [
          [
            [-152.899, 57.823],
            [-152.892, 57.77],
            [-152.615, 57.849],
            [-152.427, 57.825],
            [-152.481, 57.704],
            [-152.215, 57.577],
            [-152.413, 57.455],
            [-152.942, 57.499],
            [-152.996, 57.469],
            [-152.78, 57.454],
            [-152.679, 57.344],
            [-153.273, 57.226],
            [-153.734, 57.053],
            [-153.648, 57.03],
            [-153.644, 56.961],
            [-153.972, 56.775],
            [-154.073, 56.82],
            [-153.792, 56.99],
            [-154.101, 57.021],
            [-154.037, 57.122],
            [-154.245, 57.143],
            [-154.382, 57.096],
            [-154.238, 57.087],
            [-154.184, 57.006],
            [-154.26, 56.912],
            [-154.339, 56.921],
            [-154.497, 57.037],
            [-154.706, 57.336],
            [-154.674, 57.447],
            [-154.537, 57.56],
            [-154.116, 57.652],
            [-153.687, 57.304],
            [-153.799, 57.443],
            [-153.839, 57.636],
            [-153.695, 57.664],
            [-153.907, 57.79],
            [-153.842, 57.863],
            [-153.695, 57.872],
            [-153.489, 57.731],
            [-153.392, 57.799],
            [-153.216, 57.796],
            [-153.169, 57.91],
            [-153.227, 57.957],
            [-153.162, 57.973],
            [-152.852, 57.896],
            [-152.899, 57.823]
          ]
        ]
      }
    },
    {
      "type": "Feature",
      "properties": {},
      "geometry": {
        "type": "Polygon",
        "coordinates": [
          [
            [-152.417, 58.36],
            [-152.316, 58.414],
            [-152.125, 58.374],
            [-151.974, 58.31],
            [-151.981, 58.244],
            [-152.111, 58.162],
            [-152.269, 58.252],
            [-152.334, 58.209],
            [-152.309, 58.134],
            [-152.539, 58.101],
            [-152.571, 58.169],
            [-152.683, 58.063],
            [-152.928, 57.994],
            [-153.381, 58.087],
            [-152.975, 58.297],
            [-152.773, 58.278],
            [-152.841, 58.417],
            [-152.611, 58.445],
            [-152.417, 58.36]
          ]
        ]
      }
    },
    {
      "type": "Feature",
      "properties": {},
      "geometry": {
        "type": "Polygon",
        "coordinates": [
          [
            [-130.978, 55.489],
            [-131.083, 55.266],
            [-131.187, 55.206],
            [-131.421, 55.277],
            [-131.446, 55.409],
            [-131.763, 55.166],
            [-131.842, 55.358],
            [-131.648, 55.586],
            [-131.626, 55.832],
            [-131.27, 55.955],
            [-130.996, 55.728],
            [-130.978, 55.489]
          ]
        ]
      }
    },
    {
      "type": "Feature",
      "properties": {},
      "geometry": {
        "type": "Polygon",
        "coordinates": [
          [
            [-133.567, 56.339],
            [-133.203, 56.32],
            [-133.081, 56.193],
            [-133.095, 56.091],
            [-132.598, 55.895],
            [-132.174, 55.48],
            [-132.512, 55.594],
            [-132.631, 55.473],
            [-132.418, 55.483],
            [-132.159, 55.324],
            [-132.206, 55.225],
            [-131.976, 55.209],
            [-132.022, 54.726],
            [-132.188, 54.735],
            [-132.343, 54.907],
            [-132.548, 54.952],
            [-132.624, 55.136],
            [-132.703, 55.131],
            [-132.703, 55.03],
            [-132.782, 55.049],
            [-133.12, 55.327],
            [-132.958, 55.395],
            [-133.081, 55.504],
            [-133.034, 55.589],
            [-133.297, 55.607],
            [-133.369, 55.688],
            [-133.552, 55.692],
            [-133.682, 55.785],
            [-133.585, 55.836],
            [-133.412, 55.798],
            [-133.243, 55.921],
            [-133.29, 56.018],
            [-133.372, 56.035],
            [-133.743, 55.964],
            [-133.531, 56.146],
            [-133.596, 56.216],
            [-133.567, 56.339]
          ]
        ]
      }
    },
    {
      "type": "Feature",
      "properties": {},
      "geometry": {
        "type": "Polygon",
        "coordinates": [
          [
            [-133.365, 57.004],
            [-133.07, 56.975],
            [-132.955, 56.881],
            [-133.005, 56.624],
            [-133.329, 56.83],
            [-133.156, 56.612],
            [-133.146, 56.528],
            [-133.214, 56.464],
            [-133.632, 56.483],
            [-133.682, 56.797],
            [-133.981, 57.009],
            [-133.866, 57.068],
            [-133.365, 57.004]
          ]
        ]
      }
    },
    {
      "type": "Feature",
      "properties": {},
      "geometry": {
        "type": "Polygon",
        "coordinates": [
          [
            [-134.971, 57.351],
            [-134.632, 56.763],
            [-134.629, 56.303],
            [-134.683, 56.216],
            [-134.848, 56.324],
            [-134.982, 56.52],
            [-134.874, 56.671],
            [-135.018, 56.66],
            [-135.158, 56.725],
            [-135.162, 56.823],
            [-135.331, 56.822],
            [-135.316, 56.931],
            [-135.201, 57.027],
            [-135.342, 57.082],
            [-135.453, 57.249],
            [-135.662, 57.034],
            [-135.813, 57.009],
            [-135.766, 57.101],
            [-135.824, 57.28],
            [-135.626, 57.355],
            [-135.45, 57.534],
            [-134.971, 57.351]
          ]
        ]
      }
    },
    {
      "type": "Feature",
      "properties": {},
      "geometry": {
        "type": "Polygon",
        "coordinates": [
          [
            [-134.679, 58.162],
            [-134.24, 58.145],
            [-133.966, 57.874],
            [-133.822, 57.629],
            [-133.927, 57.671],
            [-134.211, 58.039],
            [-134.308, 58.035],
            [-134.269, 57.884],
            [-133.938, 57.582],
            [-133.92, 57.492],
            [-133.974, 57.452],
            [-133.909, 57.369],
            [-134.434, 57.056],
            [-134.553, 57.058],
            [-134.614, 57.138],
            [-134.488, 57.481],
            [-134.661, 57.638],
            [-134.78, 58.079],
            [-134.924, 58.355],
            [-134.679, 58.162]
          ]
        ]
      }
    },
    {
      "type": "Feature",
      "properties": {},
      "geometry": {
        "type": "Polygon",
        "coordinates": [
          [
            [-135.73, 58.244],
            [-135.586, 58.146],
            [-135.615, 58.058],
            [-135.694, 58.039],
            [-135.612, 57.992],
            [-135.345, 58.124],
            [-134.956, 58.016],
            [-134.971, 57.816],
            [-135.338, 57.768],
            [-134.978, 57.724],
            [-134.874, 57.589],
            [-134.931, 57.481],
            [-135.565, 57.667],
            [-135.691, 57.421],
            [-135.91, 57.447],
            [-136.076, 57.674],
            [-136.569, 57.973],
            [-136.512, 58.096],
            [-136.321, 58.219],
            [-136.144, 58.098],
            [-136.094, 58.198],
            [-135.73, 58.244]
          ]
        ]
      }
    },
    {
      "type": "Feature",
      "properties": {},
      "geometry": {
        "type": "Polygon",
        "coordinates": [
          [
            [-128.552, 52.94],
            [-128.509, 52.518],
            [-128.678, 52.289],
            [-128.768, 52.598],
            [-128.746, 52.763],
            [-128.901, 52.674],
            [-129.185, 52.99],
            [-129.034, 53.28],
            [-128.631, 53.112],
            [-128.552, 52.94]
          ]
        ]
      }
    },
    {
      "type": "Feature",
      "properties": {},
      "geometry": {
        "type": "Polygon",
        "coordinates": [
          [
            [-132.656, 54.127],
            [-132.562, 54.068],
            [-132.303, 54.1],
            [-132.166, 53.956],
            [-132.174, 53.846],
            [-132.566, 53.688],
            [-132.534, 53.652],
            [-132.188, 53.685],
            [-132.112, 53.86],
            [-132.134, 54.034],
            [-131.666, 54.141],
            [-131.889, 53.714],
            [-131.929, 53.379],
            [-132.012, 53.265],
            [-132.519, 53.194],
            [-132.746, 53.31],
            [-132.656, 53.371],
            [-132.426, 53.338],
            [-132.847, 53.508],
            [-133.052, 53.779],
            [-133.099, 54.006],
            [-133.048, 54.159],
            [-132.656, 54.127]
          ]
        ]
      }
    },
    {
      "type": "Feature",
      "properties": {},
      "geometry": {
        "type": "Polygon",
        "coordinates": [
          [
            [-131.752, 53.195],
            [-131.652, 53.103],
            [-131.634, 52.923],
            [-131.972, 52.879],
            [-131.454, 52.702],
            [-131.59, 52.579],
            [-131.428, 52.423],
            [-131.259, 52.416],
            [-131.32, 52.303],
            [-131.144, 52.291],
            [-131.115, 52.22],
            [-131.223, 52.154],
            [-132.166, 52.784],
            [-132.26, 52.907],
            [-132.145, 52.999],
            [-132.548, 53.138],
            [-131.893, 53.232],
            [-131.752, 53.195]
          ]
        ]
      }
    },
    {
      "type": "Feature",
      "properties": {},
      "geometry": {
        "type": "Polygon",
        "coordinates": [
          [
            [-63.812, 46.468],
            [-63.683, 46.562],
            [-63.128, 46.421],
            [-62.164, 46.487],
            [-62.023, 46.421],
            [-62.527, 46.203],
            [-62.542, 46.029],
            [-62.477, 46],
            [-62.804, 45.973],
            [-62.905, 46.069],
            [-63.02, 46.067],
            [-62.894, 46.123],
            [-63.056, 46.223],
            [-62.977, 46.317],
            [-63.272, 46.199],
            [-63.154, 46.189],
            [-63.215, 46.159],
            [-63.568, 46.21],
            [-63.733, 46.289],
            [-63.802, 46.368],
            [-63.758, 46.397],
            [-64.111, 46.425],
            [-64.136, 46.6],
            [-64.388, 46.64],
            [-64.403, 46.692],
            [-63.992, 47.062],
            [-63.982, 46.913],
            [-64.09, 46.776],
            [-63.902, 46.638],
            [-63.863, 46.572],
            [-63.906, 46.508],
            [-63.812, 46.468]
          ]
        ]
      }
    },
    {
      "type": "Feature",
      "properties": {},
      "geometry": {
        "type": "Polygon",
        "coordinates": [
          [
            [-72.51, 40.986],
            [-72.582, 40.922],
            [-72.183, 41.047],
            [-71.902, 41.061],
            [-73.194, 40.654],
            [-73.9, 40.571],
            [-73.799, 40.64],
            [-74.015, 40.581],
            [-74.033, 40.639],
            [-73.878, 40.792],
            [-73.651, 40.838],
            [-73.572, 40.92],
            [-72.625, 40.991],
            [-72.273, 41.153],
            [-72.51, 40.986]
          ]
        ]
      }
    },
    {
      "type": "Feature",
      "properties": {},
      "geometry": {
        "type": "Polygon",
        "coordinates": [
          [
            [151.916, -4.296],
            [152.118, -4.213],
            [152.406, -4.341],
            [152.352, -4.822],
            [152.258, -4.954],
            [152.013, -5.004],
            [151.985, -5.074],
            [152.143, -5.357],
            [152.078, -5.459],
            [151.866, -5.565],
            [151.517, -5.553],
            [151.423, -5.747],
            [151.229, -5.919],
            [150.473, -6.263],
            [149.652, -6.291],
            [149.382, -6.079],
            [149.097, -6.117],
            [148.719, -5.867],
            [148.402, -5.765],
            [148.338, -5.669],
            [148.345, -5.544],
            [148.431, -5.471],
            [149, -5.485],
            [149.36, -5.584],
            [149.832, -5.523],
            [149.961, -5.447],
            [150.091, -5.011],
            [150.17, -5.07],
            [150.073, -5.31],
            [150.185, -5.523],
            [150.519, -5.461],
            [150.735, -5.511],
            [150.951, -5.424],
            [151.139, -5.114],
            [151.326, -4.961],
            [151.671, -4.883],
            [151.664, -4.636],
            [151.545, -4.299],
            [151.592, -4.201],
            [151.819, -4.216],
            [151.916, -4.296]
          ]
        ]
      }
    },
    {
      "type": "Feature",
      "properties": {},
      "geometry": {
        "type": "Polygon",
        "coordinates": [
          [
            [127.295, -8.424],
            [126.914, -8.716],
            [126.665, -8.782],
            [126.485, -8.912],
            [125.409, -9.277],
            [124.999, -9.565],
            [124.963, -9.665],
            [124.426, -10.148],
            [124.174, -10.183],
            [123.857, -10.344],
            [123.605, -10.27],
            [123.717, -10.079],
            [123.591, -9.968],
            [123.71, -9.615],
            [123.976, -9.374],
            [124.574, -9.155],
            [124.891, -8.969],
            [125.179, -8.648],
            [125.805, -8.492],
            [126.619, -8.459],
            [126.968, -8.317],
            [127.295, -8.424]
          ]
        ]
      }
    },
    {
      "type": "Feature",
      "properties": {},
      "geometry": {
        "type": "Polygon",
        "coordinates": [
          [
            [145.044, -40.787],
            [145.281, -40.769],
            [145.821, -41.025],
            [146.318, -41.163],
            [146.725, -41.078],
            [146.847, -41.169],
            [146.858, -41.058],
            [146.991, -40.992],
            [147.319, -40.957],
            [147.456, -41.002],
            [147.621, -40.844],
            [147.873, -40.872],
            [147.97, -40.78],
            [148.215, -40.854],
            [148.294, -40.946],
            [148.341, -42.216],
            [148.291, -42.255],
            [148.276, -42.136],
            [148.183, -42.064],
            [148.24, -42.021],
            [148.215, -41.971],
            [148.024, -42.259],
            [147.913, -42.658],
            [147.981, -43.156],
            [147.787, -43.221],
            [147.646, -43.021],
            [147.772, -43.004],
            [147.801, -42.927],
            [147.574, -42.846],
            [147.538, -42.997],
            [147.452, -43.033],
            [147.297, -42.79],
            [147.344, -42.964],
            [147.243, -43.215],
            [147.171, -43.255],
            [146.998, -43.156],
            [146.988, -43.219],
            [147.078, -43.276],
            [146.872, -43.613],
            [146.7, -43.603],
            [146.548, -43.509],
            [146.044, -43.547],
            [145.994, -43.377],
            [146.228, -43.356],
            [146.206, -43.316],
            [145.872, -43.292],
            [145.486, -42.927],
            [145.267, -42.544],
            [145.198, -42.231],
            [145.371, -42.339],
            [145.468, -42.493],
            [145.515, -42.354],
            [145.332, -42.148],
            [145.234, -42.196],
            [145.238, -42.019],
            [144.766, -41.391],
            [144.648, -40.981],
            [144.72, -40.672],
            [145.044, -40.787]
          ]
        ]
      }
    },
    {
      "type": "Feature",
      "properties": {},
      "geometry": {
        "type": "Polygon",
        "coordinates": [
          [
            [96.526, 81.075],
            [96.756, 80.957],
            [97.833, 80.798],
            [97.858, 80.699],
            [97.113, 80.614],
            [97.026, 80.536],
            [97.286, 80.343],
            [97.419, 80.324],
            [97.174, 80.24],
            [94.564, 80.126],
            [93.873, 80.01],
            [92.202, 80.18],
            [91.637, 80.27],
            [91.526, 80.358],
            [91.896, 80.478],
            [92.577, 80.534],
            [92.825, 80.619],
            [93.261, 80.791],
            [92.609, 80.81],
            [93.066, 80.989],
            [93.358, 81.032],
            [94.838, 81.14],
            [95.061, 81.188],
            [95.158, 81.272],
            [95.802, 81.28],
            [96.526, 81.075]
          ]
        ]
      }
    },
    {
      "type": "Feature",
      "properties": {},
      "geometry": {
        "type": "Polygon",
        "coordinates": [
          [
            [97.674, 80.159],
            [98.016, 80.023],
            [97.628, 79.85],
            [97.592, 79.775],
            [97.653, 79.761],
            [98.063, 79.902],
            [98.355, 79.885],
            [98.596, 80.053],
            [99.294, 80.016],
            [99.946, 79.85],
            [100.061, 79.777],
            [99.78, 79.628],
            [99.68, 79.324],
            [99.042, 79.293],
            [99.518, 79.129],
            [99.816, 79.096],
            [99.928, 78.961],
            [99.438, 78.834],
            [98.412, 78.787],
            [97.556, 78.827],
            [96.807, 78.985],
            [95.795, 79.001],
            [95.532, 79.098],
            [95.133, 79.05],
            [94.791, 79.086],
            [94.218, 79.402],
            [93.07, 79.496],
            [94.258, 79.829],
            [94.348, 79.942],
            [94.989, 80.096],
            [95.28, 80.03],
            [95.496, 80.105],
            [97.674, 80.159]
          ]
        ]
      }
    },
    {
      "type": "Feature",
      "properties": {},
      "geometry": {
        "type": "Polygon",
        "coordinates": [
          [
            [102.884, 79.254],
            [102.412, 78.836],
            [102.952, 79.056],
            [103.802, 79.148],
            [104.09, 79.013],
            [104.45, 78.964],
            [104.453, 78.879],
            [105.144, 78.819],
            [105.342, 78.595],
            [105.314, 78.499],
            [104.741, 78.34],
            [103.002, 78.256],
            [102.797, 78.188],
            [101.202, 78.192],
            [99.845, 77.958],
            [99.287, 78.037],
            [100.018, 78.34],
            [100.256, 78.574],
            [100.284, 78.68],
            [100.418, 78.753],
            [100.954, 78.789],
            [100.864, 78.926],
            [101.03, 79.024],
            [101.051, 79.122],
            [101.195, 79.204],
            [101.544, 79.254],
            [101.591, 79.35],
            [101.825, 79.371],
            [102.005, 79.263],
            [102.25, 79.256],
            [102.182, 79.374],
            [102.405, 79.433],
            [103.1, 79.3],
            [102.884, 79.254]
          ]
        ]
      }
    },
    {
      "type": "Feature",
      "properties": {},
      "geometry": {
        "type": "Polygon",
        "coordinates": [
          [
            [140.05, 75.829],
            [140.389, 75.796],
            [140.547, 75.663],
            [140.817, 75.631],
            [140.943, 75.701],
            [140.925, 75.867],
            [140.986, 75.965],
            [141.487, 76.137],
            [142.671, 75.864],
            [143.186, 75.814],
            [143.686, 75.864],
            [145.36, 75.531],
            [145.022, 75.489],
            [144.727, 75.366],
            [144.885, 75.269],
            [144.406, 75.102],
            [144.021, 75.045],
            [143.172, 75.117],
            [142.819, 75.269],
            [142.7, 75.449],
            [142.736, 75.545],
            [142.984, 75.633],
            [142.941, 75.713],
            [142.308, 75.692],
            [142.088, 75.661],
            [142.2, 75.394],
            [142.617, 75.133],
            [143.128, 74.97],
            [142.473, 74.821],
            [141.987, 74.991],
            [140.266, 74.847],
            [139.68, 74.965],
            [139.327, 74.687],
            [139.1, 74.656],
            [138.092, 74.798],
            [137.682, 75.008],
            [137.217, 75.124],
            [136.947, 75.326],
            [137.289, 75.348],
            [137.214, 75.555],
            [137.268, 75.749],
            [137.707, 75.76],
            [137.502, 75.909],
            [137.559, 75.956],
            [138.207, 76.116],
            [138.92, 76.197],
            [140.05, 75.829]
          ]
        ]
      }
    },
    {
      "type": "Feature",
      "properties": {},
      "geometry": {
        "type": "Polygon",
        "coordinates": [
          [
            [142.185, 73.895],
            [143.344, 73.569],
            [143.463, 73.46],
            [143.492, 73.246],
            [142.344, 73.253],
            [140.662, 73.453],
            [139.924, 73.355],
            [139.687, 73.425],
            [140.382, 73.482],
            [141.084, 73.866],
            [142.185, 73.895]
          ]
        ]
      }
    },
    {
      "type": "Feature",
      "properties": {},
      "geometry": {
        "type": "Polygon",
        "coordinates": [
          [
            [146.797, 75.371],
            [147.495, 75.44],
            [148.431, 75.414],
            [148.51, 75.388],
            [148.474, 75.272],
            [148.59, 75.236],
            [150.105, 75.22],
            [150.53, 75.1],
            [150.822, 75.156],
            [150.581, 74.92],
            [149.839, 74.795],
            [149.05, 74.772],
            [148.093, 74.826],
            [147.628, 74.96],
            [146.149, 75.199],
            [146.437, 75.558],
            [146.75, 75.51],
            [146.797, 75.371]
          ]
        ]
      }
    },
    {
      "type": "Feature",
      "properties": {},
      "geometry": {
        "type": "Polygon",
        "coordinates": [
          [
            [173.268, -34.935],
            [173.286, -34.98],
            [173.448, -34.844],
            [173.473, -34.947],
            [174.103, -35.143],
            [174.143, -35.299],
            [174.319, -35.247],
            [174.542, -35.582],
            [174.51, -35.667],
            [174.582, -35.785],
            [174.395, -35.798],
            [174.802, -36.31],
            [174.751, -36.49],
            [174.82, -36.612],
            [174.722, -36.841],
            [174.892, -36.909],
            [174.953, -36.853],
            [175.298, -36.994],
            [175.385, -37.207],
            [175.543, -37.202],
            [175.489, -36.69],
            [175.385, -36.556],
            [175.46, -36.476],
            [175.68, -36.747],
            [175.774, -36.735],
            [175.99, -37.436],
            [176.13, -37.587],
            [176.036, -37.601],
            [176.108, -37.645],
            [176.771, -37.889],
            [177.275, -37.994],
            [177.559, -37.898],
            [177.728, -37.705],
            [178.009, -37.554],
            [178.272, -37.566],
            [178.535, -37.691],
            [178.394, -37.961],
            [178.268, -38.551],
            [177.977, -38.723],
            [177.912, -39.021],
            [177.966, -39.143],
            [177.908, -39.24],
            [177.786, -39.112],
            [177.523, -39.073],
            [177.077, -39.223],
            [176.954, -39.367],
            [176.94, -39.556],
            [177.109, -39.674],
            [176.843, -40.158],
            [175.982, -41.214],
            [175.309, -41.611],
            [175.223, -41.575],
            [175.165, -41.417],
            [174.881, -41.424],
            [174.866, -41.223],
            [174.758, -41.325],
            [174.636, -41.29],
            [175.162, -40.622],
            [175.255, -40.289],
            [175.212, -40.2],
            [175.01, -39.952],
            [173.934, -39.509],
            [173.765, -39.318],
            [173.844, -39.139],
            [174.398, -38.962],
            [174.568, -38.842],
            [174.715, -38.226],
            [174.841, -38.023],
            [174.802, -37.896],
            [174.928, -37.804],
            [174.73, -37.448],
            [174.769, -37.339],
            [174.708, -37.325],
            [174.586, -37.098],
            [174.661, -37.089],
            [174.733, -37.216],
            [174.805, -37.11],
            [174.928, -37.086],
            [174.784, -36.943],
            [174.6, -36.985],
            [174.474, -36.942],
            [174.19, -36.492],
            [174.402, -36.601],
            [174.456, -36.511],
            [174.355, -36.376],
            [174.391, -36.24],
            [174.269, -36.164],
            [174.254, -36.249],
            [174.035, -36.122],
            [173.916, -35.909],
            [173.916, -36.018],
            [174.168, -36.327],
            [174.146, -36.377],
            [174.056, -36.36],
            [173.412, -35.542],
            [173.628, -35.318],
            [173.495, -35.362],
            [173.376, -35.501],
            [173.315, -35.443],
            [173.117, -35.206],
            [173.192, -35.016],
            [172.706, -34.456],
            [173.045, -34.43],
            [172.966, -34.535],
            [173.268, -34.935]
          ]
        ]
      }
    },
    {
      "type": "Feature",
      "properties": {},
      "geometry": {
        "type": "Polygon",
        "coordinates": [
          [
            [173.117, -41.28],
            [173.232, -41.285],
            [173.948, -40.924],
            [174.002, -40.917],
            [173.891, -41.007],
            [173.916, -41.07],
            [173.797, -41.271],
            [173.898, -41.24],
            [174.024, -41.071],
            [173.999, -40.993],
            [174.301, -41.019],
            [174.2, -41.16],
            [174.038, -41.242],
            [174.139, -41.249],
            [174.37, -41.104],
            [174.298, -41.264],
            [174.071, -41.429],
            [174.161, -41.561],
            [174.085, -41.67],
            [174.172, -41.657],
            [174.283, -41.74],
            [174.215, -41.851],
            [173.545, -42.518],
            [173.221, -42.976],
            [172.624, -43.273],
            [172.735, -43.354],
            [172.526, -43.465],
            [172.692, -43.445],
            [172.807, -43.622],
            [173.074, -43.675],
            [173.095, -43.844],
            [172.922, -43.891],
            [172.75, -43.813],
            [172.501, -43.844],
            [172.584, -43.773],
            [172.48, -43.726],
            [172.296, -43.868],
            [172.037, -43.702],
            [172.181, -43.896],
            [171.659, -44.116],
            [171.443, -44.136],
            [171.364, -44.255],
            [171.241, -44.264],
            [171.313, -44.302],
            [171.148, -44.912],
            [171, -44.912],
            [171.133, -44.977],
            [171.112, -45.04],
            [170.939, -45.217],
            [170.701, -45.684],
            [170.777, -45.872],
            [170.334, -45.991],
            [169.686, -46.552],
            [169.099, -46.63],
            [168.768, -46.566],
            [168.383, -46.606],
            [168.231, -46.385],
            [167.843, -46.366],
            [167.681, -46.193],
            [167.54, -46.149],
            [167.367, -46.241],
            [166.831, -46.226],
            [166.712, -46.134],
            [166.917, -45.957],
            [166.73, -46.052],
            [166.651, -46.042],
            [166.719, -45.889],
            [166.493, -45.964],
            [166.514, -45.813],
            [167.004, -45.712],
            [166.809, -45.7],
            [166.799, -45.646],
            [166.989, -45.531],
            [166.734, -45.543],
            [166.777, -45.41],
            [166.921, -45.408],
            [166.871, -45.311],
            [167.155, -45.411],
            [167.119, -45.318],
            [167.231, -45.29],
            [167.033, -45.222],
            [167.025, -45.123],
            [167.126, -45.05],
            [167.259, -45.082],
            [167.173, -44.997],
            [167.411, -44.828],
            [167.465, -44.958],
            [167.461, -44.802],
            [167.699, -44.641],
            [167.789, -44.596],
            [167.907, -44.665],
            [167.857, -44.5],
            [168.368, -44.082],
            [168.653, -43.972],
            [168.807, -43.991],
            [169.067, -43.863],
            [169.178, -43.913],
            [169.171, -43.778],
            [169.833, -43.537],
            [169.833, -43.458],
            [169.909, -43.446],
            [169.859, -43.425],
            [170.24, -43.163],
            [170.395, -43.182],
            [170.302, -43.108],
            [170.46, -43.038],
            [170.611, -43.092],
            [170.525, -43.009],
            [170.665, -42.962],
            [170.734, -43.03],
            [170.741, -42.927],
            [170.971, -42.719],
            [171.04, -42.861],
            [171.029, -42.696],
            [171.191, -42.5],
            [171.313, -42.46],
            [171.252, -42.401],
            [171.486, -41.795],
            [171.731, -41.719],
            [171.947, -41.538],
            [172.141, -40.946],
            [172.274, -40.759],
            [172.642, -40.518],
            [172.944, -40.519],
            [172.732, -40.544],
            [172.703, -40.667],
            [172.768, -40.773],
            [172.987, -40.848],
            [173.117, -41.28]
          ]
        ]
      }
    },
    {
      "type": "Feature",
      "properties": {},
      "geometry": {
        "type": "Polygon",
        "coordinates": [
          [
            [126.007, 9.321],
            [126.086, 9.26],
            [126.194, 9.276],
            [126.19, 9.125],
            [126.305, 8.951],
            [126.32, 8.846],
            [126.14, 8.596],
            [126.367, 8.484],
            [126.46, 8.203],
            [126.435, 7.833],
            [126.572, 7.677],
            [126.583, 7.248],
            [126.439, 7.012],
            [126.194, 6.853],
            [126.241, 6.735],
            [126.19, 6.309],
            [126.043, 6.844],
            [125.823, 7.334],
            [125.69, 7.262],
            [125.38, 6.689],
            [125.589, 6.466],
            [125.672, 6.224],
            [125.668, 5.979],
            [125.456, 5.663],
            [125.348, 5.599],
            [125.24, 5.757],
            [125.233, 6.07],
            [125.035, 5.87],
            [124.927, 5.875],
            [124.214, 6.233],
            [124.077, 6.405],
            [123.987, 6.993],
            [124.192, 7.268],
            [124.207, 7.396],
            [123.969, 7.665],
            [123.667, 7.818],
            [123.494, 7.807],
            [123.389, 7.408],
            [123.177, 7.53],
            [123.098, 7.7],
            [122.99, 7.547],
            [122.842, 7.53],
            [122.792, 7.722],
            [122.615, 7.762],
            [122.475, 7.639],
            [122.144, 6.95],
            [122.029, 6.929],
            [121.903, 7.075],
            [122.047, 7.363],
            [122.133, 7.811],
            [122.245, 7.945],
            [122.385, 8.045],
            [122.911, 8.156],
            [122.997, 8.221],
            [122.997, 8.356],
            [123.094, 8.481],
            [123.343, 8.571],
            [123.436, 8.703],
            [123.681, 8.62],
            [123.85, 8.432],
            [123.879, 8.189],
            [123.753, 8.057],
            [123.8, 8.049],
            [124.199, 8.229],
            [124.405, 8.599],
            [124.621, 8.523],
            [124.732, 8.563],
            [124.786, 8.873],
            [124.869, 8.972],
            [125.143, 8.868],
            [125.211, 9.028],
            [125.499, 9.014],
            [125.535, 9.141],
            [125.413, 9.668],
            [125.47, 9.757],
            [125.877, 9.514],
            [126.007, 9.321]
          ]
        ]
      }
    },
    {
      "type": "Feature",
      "properties": {},
      "geometry": {
        "type": "Polygon",
        "coordinates": [
          [
            [121.1, 18.616],
            [121.845, 18.295],
            [122.039, 18.328],
            [122.147, 18.487],
            [122.266, 18.46],
            [122.317, 18.321],
            [122.18, 18.064],
            [122.151, 17.664],
            [122.237, 17.435],
            [122.389, 17.307],
            [122.407, 17.178],
            [122.518, 17.125],
            [122.137, 16.185],
            [121.787, 16.078],
            [121.597, 15.934],
            [121.561, 15.826],
            [121.607, 15.67],
            [121.391, 15.324],
            [121.687, 14.765],
            [121.629, 14.581],
            [121.766, 14.168],
            [121.913, 14.021],
            [122.212, 13.93],
            [122.288, 13.996],
            [122.201, 14.147],
            [122.489, 14.323],
            [122.626, 14.317],
            [122.936, 14.187],
            [123.073, 13.96],
            [123.101, 13.75],
            [123.231, 13.748],
            [123.296, 13.837],
            [123.26, 13.975],
            [123.321, 14.062],
            [123.433, 13.967],
            [123.814, 13.837],
            [123.857, 13.8],
            [123.807, 13.722],
            [123.605, 13.705],
            [123.548, 13.646],
            [123.818, 13.269],
            [123.785, 13.111],
            [124.142, 13.036],
            [124.059, 12.568],
            [123.879, 12.689],
            [123.947, 12.916],
            [123.627, 12.911],
            [123.31, 13.045],
            [123.296, 13.215],
            [123.163, 13.443],
            [122.864, 13.618],
            [122.594, 13.908],
            [122.468, 13.887],
            [122.507, 13.656],
            [122.669, 13.396],
            [122.677, 13.253],
            [122.601, 13.194],
            [122.378, 13.521],
            [122.072, 13.788],
            [121.777, 13.937],
            [121.499, 13.842],
            [121.345, 13.649],
            [121.096, 13.68],
            [120.841, 13.885],
            [120.729, 13.901],
            [120.635, 13.805],
            [120.617, 14.187],
            [120.923, 14.493],
            [120.941, 14.646],
            [120.585, 14.882],
            [120.545, 14.765],
            [120.589, 14.482],
            [120.437, 14.453],
            [120.25, 14.793],
            [120.081, 14.85],
            [119.883, 15.875],
            [119.768, 16.008],
            [119.771, 16.255],
            [119.829, 16.326],
            [120.16, 16.048],
            [120.369, 16.109],
            [120.304, 16.645],
            [120.409, 16.956],
            [120.427, 17.376],
            [120.358, 17.638],
            [120.599, 18.508],
            [120.815, 18.604],
            [121.1, 18.616]
          ]
        ]
      }
    },
    {
      "type": "Feature",
      "properties": {},
      "geometry": {
        "type": "Polygon",
        "coordinates": [
          [
            [133.473, -0.727],
            [133.974, -0.744],
            [134.11, -0.847],
            [134.071, -1.001],
            [134.258, -1.362],
            [134.107, -1.721],
            [134.193, -2.308],
            [134.46, -2.833],
            [134.485, -2.583],
            [134.568, -2.51],
            [134.629, -2.537],
            [134.701, -2.933],
            [134.845, -2.909],
            [134.888, -3.209],
            [135.093, -3.348],
            [135.486, -3.345],
            [135.86, -2.996],
            [136.015, -2.734],
            [136.242, -2.583],
            [136.389, -2.274],
            [137.073, -2.105],
            [137.17, -2.025],
            [137.124, -1.841],
            [137.617, -1.565],
            [137.912, -1.484],
            [139.791, -2.348],
            [140.155, -2.35],
            [140.252, -2.412],
            [140.623, -2.445],
            [140.749, -2.607],
            [141.184, -2.628],
            [142.549, -3.204],
            [143.51, -3.431],
            [144.068, -3.805],
            [144.478, -3.826],
            [145.087, -4.35],
            [145.335, -4.385],
            [145.767, -4.824],
            [145.746, -5.402],
            [146.404, -5.617],
            [147.034, -5.919],
            [147.423, -5.966],
            [147.801, -6.315],
            [147.855, -6.551],
            [147.812, -6.704],
            [147.121, -6.721],
            [146.948, -6.883],
            [147.261, -7.464],
            [147.726, -7.876],
            [148.125, -8.103],
            [148.248, -8.554],
            [148.453, -8.695],
            [148.582, -9.051],
            [148.68, -9.093],
            [149.198, -9.032],
            [149.263, -9.181],
            [149.202, -9.407],
            [149.263, -9.497],
            [150.012, -9.688],
            [149.76, -9.806],
            [149.875, -10.013],
            [150.365, -10.19],
            [150.851, -10.237],
            [150.638, -10.337],
            [150.447, -10.308],
            [150.411, -10.339],
            [150.491, -10.426],
            [150.649, -10.518],
            [150.483, -10.638],
            [150.321, -10.655],
            [150.015, -10.577],
            [149.752, -10.353],
            [147.769, -10.07],
            [147.553, -9.912],
            [147.409, -9.674],
            [147.016, -9.388],
            [146.926, -9.247],
            [146.962, -9.06],
            [146.854, -9.087],
            [146.631, -8.952],
            [146.034, -8.077],
            [145.728, -7.952],
            [144.975, -7.803],
            [144.864, -7.631],
            [144.511, -7.567],
            [144.432, -7.679],
            [144.144, -7.758],
            [143.899, -7.674],
            [143.654, -7.461],
            [143.942, -7.945],
            [143.841, -7.942],
            [143.888, -8.018],
            [143.834, -8.028],
            [143.517, -8.001],
            [143.614, -8.2],
            [143.096, -8.311],
            [142.707, -8.271],
            [142.524, -8.322],
            [142.448, -8.317],
            [142.347, -8.167],
            [142.207, -8.195],
            [142.326, -8.199],
            [142.473, -8.369],
            [142.797, -8.344],
            [143.11, -8.475],
            [143.377, -8.763],
            [143.366, -8.961],
            [142.646, -9.329],
            [142.228, -9.171],
            [141.62, -9.211],
            [141.404, -9.15],
            [141.134, -9.221],
            [140.785, -8.975],
            [140.49, -8.62],
            [140.004, -8.195],
            [140.115, -7.924],
            [139.935, -8.101],
            [139.384, -8.19],
            [139.28, -8.107],
            [139.248, -7.983],
            [139.194, -8.086],
            [138.934, -8.263],
            [138.855, -8.145],
            [139.089, -7.587],
            [138.747, -7.251],
            [139.176, -7.19],
            [138.844, -7.136],
            [138.6, -6.936],
            [138.866, -6.858],
            [138.438, -6.343],
            [138.297, -5.949],
            [138.376, -5.844],
            [138.2, -5.806],
            [138.34, -5.676],
            [138.088, -5.709],
            [138.06, -5.466],
            [137.307, -5.015],
            [137.278, -4.945],
            [137.196, -4.99],
            [136.62, -4.819],
            [135.979, -4.53],
            [135.194, -4.45],
            [134.755, -4.195],
            [134.679, -4.079],
            [134.708, -3.954],
            [134.888, -3.938],
            [134.265, -3.945],
            [134.146, -3.796],
            [133.974, -3.819],
            [133.678, -3.48],
            [133.696, -3.247],
            [133.84, -3.055],
            [133.7, -3.088],
            [133.653, -3.364],
            [133.52, -3.412],
            [133.542, -3.517],
            [133.416, -3.732],
            [133.401, -3.898],
            [133.25, -4.062],
            [132.969, -4.095],
            [132.868, -4.008],
            [132.753, -3.704],
            [132.868, -3.551],
            [132.753, -3.294],
            [132.35, -2.975],
            [132.055, -2.914],
            [131.972, -2.789],
            [132.231, -2.68],
            [132.724, -2.789],
            [133.034, -2.487],
            [133.192, -2.438],
            [133.61, -2.548],
            [133.7, -2.624],
            [133.754, -2.451],
            [133.905, -2.392],
            [133.898, -2.305],
            [133.79, -2.294],
            [133.923, -2.102],
            [133.711, -2.188],
            [132.962, -2.272],
            [132.307, -2.242],
            [132.022, -1.991],
            [131.929, -1.56],
            [131.295, -1.393],
            [131.119, -1.456],
            [130.996, -1.425],
            [131.047, -1.284],
            [131.191, -1.166],
            [131.256, -0.855],
            [131.803, -0.704],
            [132.127, -0.454],
            [132.393, -0.355],
            [132.858, -0.418],
            [133.473, -0.727]
          ]
        ]
      }
    },
    {
      "type": "Feature",
      "properties": {},
      "geometry": {
        "type": "Polygon",
        "coordinates": [
          [
            [124.891, 0.995],
            [124.426, 0.471],
            [123.753, 0.306],
            [123.267, 0.327],
            [122.997, 0.494],
            [121.841, 0.436],
            [121.517, 0.499],
            [121.013, 0.442],
            [120.578, 0.528],
            [120.347, 0.449],
            [120.193, 0.268],
            [120.013, -0.196],
            [120.063, -0.555],
            [120.239, -0.869],
            [120.517, -1.039],
            [120.668, -1.371],
            [121.035, -1.407],
            [121.15, -1.34],
            [121.276, -1.117],
            [121.575, -0.829],
            [121.737, -0.926],
            [121.971, -0.933],
            [122.281, -0.756],
            [122.889, -0.755],
            [122.828, -0.659],
            [123.17, -0.571],
            [123.379, -0.649],
            [123.433, -0.779],
            [123.379, -1.005],
            [123.227, -1.001],
            [123.051, -0.873],
            [122.903, -0.9],
            [122.252, -1.555],
            [121.859, -1.694],
            [121.651, -1.895],
            [121.395, -1.834],
            [121.355, -1.878],
            [121.348, -1.945],
            [121.575, -2.15],
            [121.769, -2.241],
            [122.083, -2.749],
            [122.291, -2.907],
            [122.399, -3.201],
            [122.317, -3.275],
            [122.252, -3.621],
            [122.579, -3.883],
            [122.691, -4.084],
            [122.849, -4.065],
            [122.871, -4.391],
            [122.72, -4.341],
            [122.723, -4.411],
            [122.471, -4.423],
            [122.115, -4.541],
            [122.039, -4.832],
            [121.589, -4.759],
            [121.485, -4.581],
            [121.618, -4.093],
            [121.312, -3.919],
            [120.891, -3.52],
            [121.053, -3.168],
            [121.053, -2.751],
            [120.88, -2.645],
            [120.653, -2.668],
            [120.261, -2.949],
            [120.437, -3.707],
            [120.362, -4.086],
            [120.419, -4.617],
            [120.279, -5.147],
            [120.43, -5.591],
            [120.311, -5.542],
            [119.951, -5.577],
            [119.717, -5.693],
            [119.559, -5.612],
            [119.375, -5.424],
            [119.361, -5.315],
            [119.595, -4.523],
            [119.624, -4.034],
            [119.48, -3.73],
            [119.469, -3.513],
            [119.361, -3.459],
            [118.994, -3.537],
            [118.922, -3.484],
            [118.832, -3.28],
            [118.857, -2.928],
            [118.785, -2.721],
            [119.091, -2.484],
            [119.174, -2.14],
            [119.321, -1.93],
            [119.311, -1.409],
            [119.509, -0.907],
            [119.71, -0.682],
            [119.843, -0.862],
            [119.721, -0.088],
            [119.84, -0.022],
            [119.811, 0.238],
            [120.268, 0.971],
            [120.322, 0.983],
            [120.416, 0.85],
            [120.603, 0.855],
            [120.869, 1.252],
            [121.082, 1.327],
            [121.406, 1.244],
            [121.593, 1.068],
            [122.435, 1.018],
            [122.839, 0.846],
            [123.065, 0.942],
            [123.847, 0.837],
            [124.275, 1.023],
            [124.412, 1.185],
            [124.534, 1.23],
            [124.599, 1.393],
            [124.786, 1.468],
            [124.948, 1.672],
            [125.11, 1.686],
            [125.233, 1.502],
            [124.891, 0.995]
          ]
        ]
      }
    },
    {
      "type": "Feature",
      "properties": {},
      "geometry": {
        "type": "Polygon",
        "coordinates": [
          [
            [107.373, -6.008],
            [107.668, -6.216],
            [108.33, -6.285],
            [108.518, -6.471],
            [108.676, -6.791],
            [109.295, -6.867],
            [109.5, -6.81],
            [109.821, -6.902],
            [110.426, -6.947],
            [110.584, -6.806],
            [110.699, -6.518],
            [110.836, -6.424],
            [110.973, -6.436],
            [111.182, -6.686],
            [111.542, -6.648],
            [112.089, -6.893],
            [112.539, -6.926],
            [112.651, -7.221],
            [112.795, -7.304],
            [112.795, -7.553],
            [113.014, -7.657],
            [113.497, -7.725],
            [114.069, -7.633],
            [114.411, -7.792],
            [114.443, -8.004],
            [114.386, -8.405],
            [114.483, -8.603],
            [114.595, -8.685],
            [114.584, -8.77],
            [114.278, -8.615],
            [113.939, -8.568],
            [113.252, -8.287],
            [112.679, -8.409],
            [111.509, -8.304],
            [110.606, -8.15],
            [109.853, -7.829],
            [109.281, -7.705],
            [108.741, -7.667],
            [108.453, -7.798],
            [107.916, -7.725],
            [107.286, -7.471],
            [106.455, -7.369],
            [106.415, -7.239],
            [106.52, -7.054],
            [106.199, -6.928],
            [105.836, -6.846],
            [105.256, -6.836],
            [105.274, -6.73],
            [105.371, -6.664],
            [105.386, -6.751],
            [105.483, -6.782],
            [105.656, -6.469],
            [105.785, -6.457],
            [105.868, -6.117],
            [106.073, -5.914],
            [106.826, -6.098],
            [107.013, -6.008],
            [107.045, -5.904],
            [107.373, -6.008]
          ]
        ]
      }
    },
    {
      "type": "Feature",
      "properties": {},
      "geometry": {
        "type": "Polygon",
        "coordinates": [
          [
            [96.494, 5.229],
            [96.843, 5.275],
            [97.548, 5.205],
            [97.908, 4.881],
            [97.998, 4.662],
            [98.247, 4.415],
            [98.24, 4.195],
            [98.308, 4.092],
            [98.657, 3.927],
            [98.78, 3.759],
            [99.15, 3.582],
            [99.734, 3.183],
            [100.526, 2.19],
            [100.889, 1.948],
            [100.828, 2.242],
            [100.936, 2.294],
            [101.048, 2.257],
            [101.3, 2.013],
            [101.476, 1.693],
            [101.786, 1.622],
            [102.099, 1.358],
            [102.239, 0.99],
            [102.39, 0.843],
            [102.567, 0.749],
            [102.848, 0.716],
            [103.031, 0.579],
            [103.067, 0.492],
            [103.006, 0.416],
            [102.549, 0.216],
            [102.894, 0.278],
            [103.337, 0.514],
            [103.478, 0.48],
            [103.672, 0.289],
            [103.787, 0.047],
            [103.427, -0.192],
            [103.406, -0.362],
            [103.51, -0.466],
            [103.438, -0.576],
            [103.532, -0.755],
            [103.722, -0.886],
            [104.381, -1.074],
            [104.514, -1.819],
            [104.568, -1.921],
            [104.846, -2.093],
            [104.828, -2.234],
            [104.648, -2.43],
            [104.651, -2.595],
            [104.972, -2.371],
            [105.396, -2.379],
            [105.584, -2.492],
            [106.044, -3.107],
            [106.059, -3.218],
            [105.9, -3.411],
            [105.843, -3.614],
            [105.929, -3.832],
            [105.832, -4.162],
            [105.886, -5.009],
            [105.818, -5.676],
            [105.749, -5.818],
            [105.62, -5.799],
            [105.35, -5.549],
            [105.08, -5.746],
            [104.64, -5.52],
            [104.684, -5.893],
            [104.601, -5.905],
            [103.83, -5.079],
            [102.538, -4.152],
            [102.128, -3.6],
            [101.577, -3.168],
            [101.307, -2.728],
            [101.12, -2.588],
            [100.889, -2.249],
            [100.857, -1.935],
            [100.486, -1.3],
            [100.31, -0.827],
            [99.86, -0.314],
            [99.669, 0.046],
            [99.158, 0.351],
            [98.798, 1.495],
            [98.596, 1.865],
            [98.085, 2.195],
            [97.7, 2.358],
            [97.592, 2.846],
            [97.39, 2.976],
            [96.969, 3.575],
            [96.8, 3.709],
            [96.443, 3.816],
            [95.579, 4.662],
            [95.208, 5.283],
            [95.226, 5.565],
            [95.396, 5.629],
            [95.63, 5.61],
            [96.134, 5.294],
            [96.494, 5.229]
          ]
        ]
      }
    },
    {
      "type": "Feature",
      "properties": {},
      "geometry": {
        "type": "Polygon",
        "coordinates": [
          [
            [116.809, 6.691],
            [116.787, 6.606],
            [116.913, 6.66],
            [117.129, 6.969],
            [117.23, 6.939],
            [117.295, 6.677],
            [117.611, 6.512],
            [117.694, 6.349],
            [117.615, 6.196],
            [117.619, 5.941],
            [117.5, 5.884],
            [117.817, 5.941],
            [118.004, 6.054],
            [118.115, 5.863],
            [117.935, 5.787],
            [117.975, 5.707],
            [118.353, 5.806],
            [118.515, 5.729],
            [118.594, 5.592],
            [119.257, 5.367],
            [119.249, 5.198],
            [119.131, 5.101],
            [118.673, 4.964],
            [118.259, 4.988],
            [118.184, 4.828],
            [118.562, 4.502],
            [118.547, 4.379],
            [118.007, 4.25],
            [117.698, 4.342],
            [117.496, 4.134],
            [117.464, 4.077],
            [117.777, 3.69],
            [117.629, 3.636],
            [117.511, 3.73],
            [117.449, 3.629],
            [117.057, 3.622],
            [117.345, 3.426],
            [117.352, 3.193],
            [117.611, 3.065],
            [117.637, 2.95],
            [117.568, 2.929],
            [117.698, 2.888],
            [117.64, 2.825],
            [117.784, 2.747],
            [118.065, 2.318],
            [118.043, 2.216],
            [117.788, 2.027],
            [118.079, 1.702],
            [118.637, 1.318],
            [118.987, 0.981],
            [118.893, 0.888],
            [118.533, 0.813],
            [118.195, 0.874],
            [117.91, 1.1],
            [117.964, 0.889],
            [117.745, 0.73],
            [117.521, 0.237],
            [117.464, -0.324],
            [117.561, -0.77],
            [117.241, -0.926],
            [116.913, -1.223],
            [116.798, -1.183],
            [116.74, -1.044],
            [116.755, -1.327],
            [116.276, -1.786],
            [116.423, -1.786],
            [116.423, -2.053],
            [116.315, -2.14],
            [116.528, -2.208],
            [116.549, -2.411],
            [116.528, -2.511],
            [116.315, -2.551],
            [116.308, -2.603],
            [116.377, -2.577],
            [116.33, -2.902],
            [116.153, -2.984],
            [116.258, -3.126],
            [116.056, -3.348],
            [115.955, -3.595],
            [114.695, -4.169],
            [114.627, -4.112],
            [114.526, -3.376],
            [114.447, -3.482],
            [114.343, -3.444],
            [114.343, -3.235],
            [114.235, -3.36],
            [114.083, -3.279],
            [113.957, -3.395],
            [113.705, -3.456],
            [113.633, -3.419],
            [113.612, -3.195],
            [113.342, -3.246],
            [113.036, -2.933],
            [112.971, -3.187],
            [112.759, -3.322],
            [112.6, -3.4],
            [112.283, -3.32],
            [111.859, -3.551],
            [111.823, -3.056],
            [111.697, -2.89],
            [111.625, -2.975],
            [111.369, -2.933],
            [110.93, -3.07],
            [110.829, -2.996],
            [110.901, -2.909],
            [110.703, -3.022],
            [110.573, -2.892],
            [110.257, -2.966],
            [110.098, -2.001],
            [109.961, -1.862],
            [110.037, -1.525],
            [109.983, -1.275],
            [109.68, -0.944],
            [109.288, -0.847],
            [109.27, -0.732],
            [109.374, -0.638],
            [109.13, -0.446],
            [109.122, -0.265],
            [109.194, -0.01],
            [109.259, 0.032],
            [108.946, 0.357],
            [108.906, 0.794],
            [108.957, 1.134],
            [109.133, 1.254],
            [109.011, 1.24],
            [109.076, 1.495],
            [109.274, 1.705],
            [109.378, 1.922],
            [109.63, 2.028],
            [109.72, 1.858],
            [109.864, 1.764],
            [110.113, 1.698],
            [110.35, 1.719],
            [110.674, 1.547],
            [110.894, 1.532],
            [111.099, 1.402],
            [111.225, 1.396],
            [111.059, 1.487],
            [111.045, 1.634],
            [111.153, 1.738],
            [111.268, 2.139],
            [111.211, 2.198],
            [111.207, 2.379],
            [111.243, 2.436],
            [111.445, 2.381],
            [111.445, 2.634],
            [111.513, 2.744],
            [111.729, 2.855],
            [112.989, 3.162],
            [113.925, 4.243],
            [114.011, 4.575],
            [114.425, 4.66],
            [114.994, 5.023],
            [115.048, 5.016],
            [115.027, 4.9],
            [115.426, 4.969],
            [115.581, 5.195],
            [115.466, 5.254],
            [115.419, 5.413],
            [115.603, 5.603],
            [115.739, 5.533],
            [115.876, 5.613],
            [116.06, 5.882],
            [116.139, 6.129],
            [116.495, 6.521],
            [116.776, 6.99],
            [116.848, 6.827],
            [116.809, 6.691]
          ]
        ]
      }
    },
    {
      "type": "Feature",
      "properties": {},
      "geometry": {
        "type": "Polygon",
        "coordinates": [
          [
            [67.765, 76.237],
            [61.357, 75.315],
            [60.72, 75.069],
            [60.277, 75.008],
            [60.241, 74.97],
            [60.5, 74.904],
            [60.079, 74.756],
            [59.748, 74.746],
            [59.773, 74.664],
            [59.672, 74.611],
            [59.24, 74.692],
            [59.039, 74.486],
            [58.535, 74.499],
            [58.502, 74.465],
            [58.664, 74.289],
            [58.618, 74.227],
            [58.441, 74.13],
            [57.768, 74.013],
            [57.872, 73.85],
            [57.757, 73.769],
            [57.314, 73.838],
            [57.541, 73.658],
            [57.134, 73.505],
            [56.965, 73.366],
            [56.634, 73.305],
            [55.55, 73.357],
            [55.007, 73.454],
            [54.301, 73.35],
            [54.132, 73.48],
            [54.204, 73.541],
            [53.761, 73.767],
            [54.643, 73.96],
            [55.342, 74.42],
            [56.137, 74.496],
            [55.662, 74.557],
            [55.583, 74.628],
            [55.914, 74.796],
            [56.497, 74.958],
            [56.339, 75.013],
            [55.997, 75.003],
            [55.81, 75.124],
            [56.036, 75.194],
            [56.569, 75.098],
            [56.875, 75.244],
            [56.843, 75.352],
            [57.606, 75.341],
            [57.782, 75.506],
            [58.092, 75.593],
            [58.06, 75.663],
            [58.88, 75.855],
            [60.036, 75.984],
            [60.119, 76.067],
            [60.281, 76.097],
            [60.943, 76.071],
            [61.055, 76.119],
            [61.033, 76.234],
            [61.202, 76.282],
            [62.97, 76.237],
            [64.464, 76.378],
            [65.756, 76.579],
            [66.347, 76.821],
            [67.535, 77.008],
            [68.485, 76.933],
            [68.874, 76.789],
            [68.942, 76.708],
            [68.86, 76.61],
            [68.899, 76.572],
            [68.165, 76.284],
            [67.765, 76.237]
          ]
        ]
      }
    },
    {
      "type": "Feature",
      "properties": {},
      "geometry": {
        "type": "Polygon",
        "coordinates": [
          [
            [55.32, 73.309],
            [56.429, 73.201],
            [56.188, 73.033],
            [56.123, 72.807],
            [55.723, 72.767],
            [55.615, 72.599],
            [55.403, 72.548],
            [55.36, 72.409],
            [55.518, 72.22],
            [55.298, 71.935],
            [55.471, 71.869],
            [55.82, 71.508],
            [56.454, 71.107],
            [57.624, 70.729],
            [57.145, 70.588],
            [56.648, 70.647],
            [56.512, 70.729],
            [56.26, 70.715],
            [56.562, 70.593],
            [56.436, 70.562],
            [56.141, 70.658],
            [55.795, 70.616],
            [55.687, 70.692],
            [55.05, 70.666],
            [54.647, 70.741],
            [54.6, 70.68],
            [53.722, 70.814],
            [53.383, 70.873],
            [53.614, 70.915],
            [53.588, 71.052],
            [53.671, 71.086],
            [54.157, 71.125],
            [53.592, 71.297],
            [53.621, 71.333],
            [53.408, 71.34],
            [53.318, 71.399],
            [53.412, 71.531],
            [51.814, 71.491],
            [51.59, 71.571],
            [51.439, 71.777],
            [51.443, 71.934],
            [51.583, 72.071],
            [51.886, 72.152],
            [52.253, 72.13],
            [52.624, 72.302],
            [52.915, 72.67],
            [52.685, 72.682],
            [52.552, 72.769],
            [52.912, 72.901],
            [53.369, 72.916],
            [53.246, 72.974],
            [53.189, 73.104],
            [53.25, 73.184],
            [53.754, 73.293],
            [54.204, 73.281],
            [54.805, 73.388],
            [55.32, 73.309]
          ]
        ]
      }
    },
    {
      "type": "Feature",
      "properties": {},
      "geometry": {
        "type": "Polygon",
        "coordinates": [
          [
            [142.761, 54.393],
            [142.977, 54.141],
            [142.92, 53.794],
            [143.262, 53.218],
            [143.326, 52.963],
            [143.323, 52.614],
            [143.172, 52.35],
            [143.19, 51.945],
            [143.319, 51.582],
            [143.456, 51.471],
            [143.816, 50.282],
            [144.046, 49.895],
            [144.342, 49.18],
            [144.687, 48.871],
            [144.712, 48.64],
            [144.622, 48.815],
            [144.05, 49.249],
            [143.733, 49.312],
            [143.38, 49.291],
            [143.103, 49.199],
            [142.574, 48.072],
            [142.556, 47.737],
            [142.747, 47.453],
            [142.941, 47.322],
            [143.218, 46.795],
            [143.485, 46.751],
            [143.582, 46.361],
            [143.431, 46.029],
            [143.352, 46.477],
            [143.283, 46.559],
            [142.83, 46.605],
            [142.693, 46.711],
            [142.578, 46.701],
            [142.405, 46.555],
            [142.077, 45.916],
            [141.962, 46.013],
            [141.829, 46.451],
            [142.038, 47.14],
            [141.966, 47.588],
            [142.182, 48.013],
            [142.135, 48.289],
            [141.865, 48.749],
            [142.02, 49.079],
            [142.142, 49.569],
            [142.153, 50.216],
            [142.066, 50.631],
            [142.207, 50.999],
            [142.207, 51.223],
            [142.092, 51.43],
            [141.721, 51.737],
            [141.807, 51.789],
            [141.667, 51.933],
            [141.66, 52.273],
            [141.854, 52.794],
            [141.825, 53.339],
            [141.966, 53.456],
            [142.142, 53.496],
            [142.318, 53.405],
            [142.527, 53.447],
            [142.585, 53.537],
            [142.509, 53.588],
            [142.678, 53.674],
            [142.642, 53.737],
            [142.707, 53.895],
            [142.336, 54.28],
            [142.552, 54.279],
            [142.693, 54.416],
            [142.761, 54.393]
          ]
        ]
      }
    },
    {
      "type": "Feature",
      "properties": {},
      "geometry": {
        "type": "Polygon",
        "coordinates": [
          [
            [143.823, 44.118],
            [144.1, 44.102],
            [144.482, 43.949],
            [144.716, 43.928],
            [145.371, 44.328],
            [145.126, 43.869],
            [145.141, 43.663],
            [145.342, 43.302],
            [145.486, 43.279],
            [145.674, 43.389],
            [145.832, 43.385],
            [145.504, 43.175],
            [145.346, 43.177],
            [144.921, 43.001],
            [144.63, 42.948],
            [144.198, 42.974],
            [143.971, 42.882],
            [143.431, 42.418],
            [143.236, 42],
            [142.509, 42.258],
            [141.85, 42.58],
            [141.408, 42.547],
            [140.986, 42.342],
            [140.709, 42.555],
            [140.479, 42.559],
            [140.349, 42.435],
            [140.328, 42.293],
            [140.529, 42.132],
            [140.734, 42.116],
            [141.152, 41.805],
            [141.001, 41.738],
            [140.659, 41.816],
            [140.385, 41.519],
            [140.148, 41.423],
            [140.036, 41.474],
            [139.996, 41.576],
            [140.108, 41.913],
            [140.058, 42.067],
            [139.834, 42.278],
            [139.86, 42.581],
            [140.432, 42.955],
            [140.486, 43.05],
            [140.396, 43.168],
            [140.392, 43.303],
            [140.486, 43.338],
            [140.781, 43.215],
            [141.138, 43.18],
            [141.296, 43.199],
            [141.375, 43.279],
            [141.397, 43.642],
            [141.645, 44.019],
            [141.66, 44.264],
            [141.76, 44.482],
            [141.782, 44.717],
            [141.584, 45.156],
            [141.667, 45.401],
            [141.937, 45.51],
            [142.884, 44.67],
            [143.823, 44.118]
          ]
        ]
      }
    },
    {
      "type": "Feature",
      "properties": {},
      "geometry": {
        "type": "Polygon",
        "coordinates": [
          [
            [141.228, 41.373],
            [141.454, 41.404],
            [141.4, 41.097],
            [141.429, 40.724],
            [141.462, 40.611],
            [141.796, 40.292],
            [141.991, 39.792],
            [141.976, 39.429],
            [141.901, 39.111],
            [141.66, 38.976],
            [141.548, 38.762],
            [141.469, 38.404],
            [141.109, 38.339],
            [140.961, 38.149],
            [140.929, 37.95],
            [141.037, 37.467],
            [141.001, 37.115],
            [140.731, 36.733],
            [140.572, 36.231],
            [140.623, 36.059],
            [140.875, 35.724],
            [140.641, 35.662],
            [140.457, 35.511],
            [140.356, 35.181],
            [140.058, 35.038],
            [139.921, 34.9],
            [139.798, 34.957],
            [139.827, 35.297],
            [140.097, 35.585],
            [139.989, 35.669],
            [139.834, 35.658],
            [139.766, 35.495],
            [139.651, 35.41],
            [139.744, 35.252],
            [139.676, 35.149],
            [139.474, 35.299],
            [139.251, 35.278],
            [139.132, 35.155],
            [139.086, 34.839],
            [138.898, 34.629],
            [138.762, 34.7],
            [138.801, 34.974],
            [138.902, 35.024],
            [138.718, 35.123],
            [138.578, 35.087],
            [138.189, 34.596],
            [137.545, 34.663],
            [137.062, 34.584],
            [137.289, 34.703],
            [137.275, 34.773],
            [137.034, 34.766],
            [136.962, 34.835],
            [136.911, 34.709],
            [136.854, 34.979],
            [136.897, 35.035],
            [136.803, 35.051],
            [136.692, 34.985],
            [136.533, 34.679],
            [136.879, 34.434],
            [136.854, 34.325],
            [136.332, 34.177],
            [135.918, 33.561],
            [135.694, 33.486],
            [135.453, 33.554],
            [135.129, 34.007],
            [135.1, 34.288],
            [135.309, 34.417],
            [135.417, 34.618],
            [135.043, 34.63],
            [134.74, 34.766],
            [134.247, 34.714],
            [133.97, 34.528],
            [133.444, 34.433],
            [133.142, 34.302],
            [133.02, 34.33],
            [132.656, 34.247],
            [132.422, 34.353],
            [132.314, 34.325],
            [132.145, 33.839],
            [131.742, 34.052],
            [131.234, 33.948],
            [131.072, 34.021],
            [130.917, 33.976],
            [130.888, 34.262],
            [131.004, 34.393],
            [131.353, 34.413],
            [132.26, 35.023],
            [132.699, 35.419],
            [132.922, 35.511],
            [133.268, 35.556],
            [133.376, 35.458],
            [133.981, 35.507],
            [135.176, 35.747],
            [135.266, 35.722],
            [135.234, 35.592],
            [135.327, 35.526],
            [135.68, 35.504],
            [135.903, 35.606],
            [136.094, 35.768],
            [136.008, 35.99],
            [136.069, 36.116],
            [136.699, 36.741],
            [136.749, 36.951],
            [136.72, 37.198],
            [136.843, 37.382],
            [137.322, 37.523],
            [137.336, 37.438],
            [136.9, 37.118],
            [136.994, 37.026],
            [137.016, 36.837],
            [137.246, 36.754],
            [137.343, 36.771],
            [137.512, 36.951],
            [138.319, 37.219],
            [138.632, 37.472],
            [138.884, 37.844],
            [139.402, 38.142],
            [139.521, 38.502],
            [139.802, 38.882],
            [140.036, 39.411],
            [140.065, 39.625],
            [139.996, 39.856],
            [139.741, 39.92],
            [139.906, 40.022],
            [140.011, 40.26],
            [139.924, 40.535],
            [139.968, 40.673],
            [140.281, 40.845],
            [140.342, 41.005],
            [140.317, 41.161],
            [140.385, 41.229],
            [140.626, 41.196],
            [140.68, 40.894],
            [140.749, 40.83],
            [140.936, 40.941],
            [141.12, 40.882],
            [141.224, 40.988],
            [141.246, 41.206],
            [141.199, 41.243],
            [140.799, 41.139],
            [140.803, 41.253],
            [140.936, 41.505],
            [141.228, 41.373]
          ]
        ]
      }
    },
    {
      "type": "Feature",
      "properties": {},
      "geometry": {
        "type": "Polygon",
        "coordinates": [
          [
            [134.359, 34.257],
            [134.636, 34.226],
            [134.676, 33.847],
            [134.74, 33.82],
            [134.377, 33.608],
            [134.182, 33.247],
            [133.959, 33.448],
            [133.632, 33.511],
            [133.286, 33.36],
            [132.976, 32.842],
            [132.804, 32.752],
            [132.642, 32.762],
            [132.71, 32.903],
            [132.494, 32.917],
            [132.429, 33.059],
            [132.512, 33.294],
            [132.404, 33.332],
            [132.411, 33.431],
            [132.033, 33.341],
            [132.642, 33.69],
            [132.786, 33.992],
            [132.937, 34.096],
            [133.192, 33.933],
            [133.581, 34.018],
            [133.642, 34.134],
            [133.603, 34.243],
            [133.948, 34.347],
            [134.359, 34.257]
          ]
        ]
      }
    },
    {
      "type": "Feature",
      "properties": {},
      "geometry": {
        "type": "Polygon",
        "coordinates": [
          [
            [131.176, 33.603],
            [131.367, 33.571],
            [131.583, 33.653],
            [131.695, 33.603],
            [131.709, 33.502],
            [131.536, 33.275],
            [131.896, 33.254],
            [131.85, 33.118],
            [131.95, 33.047],
            [131.911, 32.974],
            [132.008, 32.919],
            [131.659, 32.466],
            [131.461, 31.884],
            [131.461, 31.671],
            [131.338, 31.405],
            [131.072, 31.436],
            [131.036, 31.377],
            [131.097, 31.256],
            [130.687, 31.014],
            [130.791, 31.27],
            [130.705, 31.577],
            [130.795, 31.624],
            [130.777, 31.707],
            [130.654, 31.719],
            [130.557, 31.563],
            [130.539, 31.403],
            [130.644, 31.268],
            [130.59, 31.179],
            [130.201, 31.292],
            [130.147, 31.408],
            [130.294, 31.45],
            [130.323, 31.601],
            [130.186, 31.769],
            [130.194, 32.091],
            [130.395, 32.219],
            [130.64, 32.618],
            [130.5, 32.657],
            [130.568, 32.735],
            [130.546, 32.832],
            [130.381, 33.092],
            [130.237, 33.177],
            [130.125, 33.104],
            [130.176, 32.851],
            [130.327, 32.853],
            [130.341, 32.702],
            [130.244, 32.677],
            [130.053, 32.771],
            [129.769, 32.572],
            [129.826, 32.726],
            [129.689, 32.875],
            [129.679, 33.059],
            [129.83, 32.893],
            [129.992, 32.851],
            [129.898, 33.023],
            [129.581, 33.236],
            [129.61, 33.344],
            [129.844, 33.321],
            [129.826, 33.438],
            [130.366, 33.634],
            [130.485, 33.835],
            [130.716, 33.927],
            [130.953, 33.872],
            [131.058, 33.672],
            [131.176, 33.603]
          ]
        ]
      }
    },
    {
      "type": "Feature",
      "properties": {},
      "geometry": {
        "type": "Polygon",
        "coordinates": [
          [
            [121.01, 22.621],
            [120.898, 22.379],
            [120.841, 21.925],
            [120.743, 21.956],
            [120.581, 22.357],
            [120.315, 22.548],
            [120.232, 22.718],
            [120.074, 23.15],
            [120.131, 23.654],
            [120.628, 24.478],
            [121.042, 25.032],
            [121.593, 25.275],
            [121.906, 25.056],
            [121.928, 24.973],
            [121.82, 24.824],
            [121.827, 24.534],
            [121.615, 24.053],
            [121.399, 23.173],
            [121.01, 22.621]
          ]
        ]
      }
    },
    {
      "type": "Feature",
      "properties": {},
      "geometry": {
        "type": "Polygon",
        "coordinates": [
          [
            [110.89, 19.992],
            [111.013, 19.656],
            [110.822, 19.558],
            [110.642, 19.291],
            [110.451, 18.748],
            [110.048, 18.505],
            [110.019, 18.416],
            [109.817, 18.397],
            [109.702, 18.26],
            [109.518, 18.218],
            [108.701, 18.536],
            [108.636, 18.866],
            [108.665, 19.303],
            [109.277, 19.762],
            [109.176, 19.768],
            [109.263, 19.883],
            [110.213, 20.057],
            [110.393, 19.975],
            [110.393, 20.058],
            [110.588, 19.977],
            [110.653, 20.138],
            [110.89, 19.992]
          ]
        ]
      }
    },
    {
      "type": "Feature",
      "properties": {},
      "geometry": {
        "type": "Polygon",
        "coordinates": [
          [
            [79.984, 9.813],
            [80.254, 9.797],
            [80.711, 9.366],
            [81.197, 8.662],
            [81.226, 8.505],
            [81.373, 8.431],
            [81.435, 8.118],
            [81.665, 7.783],
            [81.874, 7.288],
            [81.863, 6.901],
            [81.636, 6.426],
            [81.305, 6.203],
            [80.725, 5.979],
            [80.495, 5.95],
            [80.268, 6.009],
            [80.095, 6.153],
            [79.858, 6.83],
            [79.714, 8.182],
            [79.75, 8.294],
            [79.782, 8.019],
            [79.941, 8.691],
            [79.93, 8.899],
            [80.099, 9.21],
            [80.085, 9.578],
            [80.319, 9.465],
            [80.427, 9.481],
            [80.257, 9.611],
            [80.045, 9.649],
            [79.955, 9.743],
            [79.984, 9.813]
          ]
        ]
      }
    },
    {
      "type": "Feature",
      "properties": {},
      "geometry": {
        "type": "Polygon",
        "coordinates": [
          [
            [49.538, -12.433],
            [49.938, -13.071],
            [50.176, -14.04],
            [50.237, -14.733],
            [50.442, -15.149],
            [50.482, -15.386],
            [50.406, -15.629],
            [50.186, -15.958],
            [50.021, -15.802],
            [49.891, -15.458],
            [49.743, -15.45],
            [49.664, -15.521],
            [49.711, -16.077],
            [49.83, -16.255],
            [49.841, -16.486],
            [49.733, -16.703],
            [49.769, -16.814],
            [49.596, -16.931],
            [49.448, -17.241],
            [49.477, -17.899],
            [49.362, -18.337],
            [48.177, -21.844],
            [47.907, -22.465],
            [47.558, -23.875],
            [47.371, -24.218],
            [47.177, -24.788],
            [47.036, -24.979],
            [46.73, -25.151],
            [46.158, -25.23],
            [45.506, -25.564],
            [45.114, -25.543],
            [44.811, -25.335],
            [44.347, -25.225],
            [44.034, -24.996],
            [43.908, -24.64],
            [43.67, -24.3],
            [43.645, -23.743],
            [43.699, -23.422],
            [43.569, -23.081],
            [43.397, -22.887],
            [43.263, -22.383],
            [43.292, -21.932],
            [43.501, -21.356],
            [43.8, -21.179],
            [43.911, -20.866],
            [44.239, -20.38],
            [44.405, -19.922],
            [44.448, -19.429],
            [44.239, -19.075],
            [44.232, -18.741],
            [44.041, -18.288],
            [43.944, -17.582],
            [43.98, -17.392],
            [44.423, -16.703],
            [44.426, -16.288],
            [44.477, -16.217],
            [44.909, -16.174],
            [45.222, -15.95],
            [45.341, -16.037],
            [45.6, -15.993],
            [45.701, -15.814],
            [46.158, -15.738],
            [46.399, -15.925],
            [46.442, -15.896],
            [46.341, -15.813],
            [46.331, -15.714],
            [46.475, -15.514],
            [46.943, -15.219],
            [47.029, -15.452],
            [47.097, -15.434],
            [47.094, -15.149],
            [47.353, -14.766],
            [47.465, -14.714],
            [47.497, -14.818],
            [47.429, -14.995],
            [47.479, -15.009],
            [47.774, -14.637],
            [47.965, -14.672],
            [47.81, -14.545],
            [47.774, -14.37],
            [47.994, -13.96],
            [47.882, -13.808],
            [47.94, -13.662],
            [48.041, -13.596],
            [48.257, -13.719],
            [48.404, -13.538],
            [48.797, -13.268],
            [48.919, -12.839],
            [48.786, -12.471],
            [48.933, -12.44],
            [49.207, -12.08],
            [49.311, -12.124],
            [49.538, -12.433]
          ]
        ]
      }
    },
    {
      "type": "Feature",
      "properties": {},
      "geometry": {
        "type": "Polygon",
        "coordinates": [
          [
            [-159.051, -79.807],
            [-160.301, -79.845],
            [-161.867, -79.703],
            [-163.713, -79.442],
            [-164.225, -79.321],
            [-164.282, -79.246],
            [-164.124, -78.994],
            [-163.256, -78.722],
            [-162.389, -78.76],
            [-159.685, -79.402],
            [-159.051, -79.694],
            [-158.997, -79.736],
            [-159.051, -79.807]
          ]
        ]
      }
    },
    {
      "type": "Feature",
      "properties": {},
      "geometry": {
        "type": "Polygon",
        "coordinates": [
          [
            [-70.336, -79.68],
            [-71.527, -79.623],
            [-71.736, -79.538],
            [-71.783, -79.444],
            [-71.668, -79.246],
            [-71.455, -79.128],
            [-70.627, -78.901],
            [-67.477, -78.363],
            [-67.038, -78.316],
            [-66.728, -78.383],
            [-67.481, -78.682],
            [-69.252, -79.21],
            [-69.688, -79.444],
            [-69.634, -79.517],
            [-69.731, -79.618],
            [-70.336, -79.68]
          ]
        ]
      }
    },
    {
      "type": "Feature",
      "properties": {},
      "geometry": {
        "type": "Polygon",
        "coordinates": [
          [
            [-45.222, -78.81],
            [-43.627, -78.847],
            [-43.267, -79.163],
            [-43.209, -79.3],
            [-42.965, -79.477],
            [-42.99, -79.802],
            [-43.267, -79.979],
            [-43.757, -80.02],
            [-43.49, -80.095],
            [-43.454, -80.156],
            [-43.526, -80.191],
            [-49.189, -80.642],
            [-49.772, -80.784],
            [-54.161, -80.869],
            [-54.352, -80.76],
            [-54.348, -80.569],
            [-54.046, -80.487],
            [-53.394, -80.109],
            [-53.052, -80.175],
            [-52.462, -80.067],
            [-52.296, -80.142],
            [-51.184, -79.819],
            [-50.338, -79.479],
            [-50.294, -79.43],
            [-50.377, -79.338],
            [-50.734, -79.283],
            [-50.521, -79.104],
            [-50.503, -78.949],
            [-50.24, -78.833],
            [-50.377, -78.781],
            [-50.143, -78.557],
            [-49.081, -78.047],
            [-47.465, -77.819],
            [-46.259, -77.805],
            [-44.595, -78.034],
            [-44.095, -78.168],
            [-43.785, -78.337],
            [-43.789, -78.432],
            [-43.947, -78.597],
            [-45.067, -78.661],
            [-45.351, -78.791],
            [-45.222, -78.81]
          ]
        ]
      }
    },
    {
      "type": "Feature",
      "properties": {},
      "geometry": {
        "type": "Polygon",
        "coordinates": [
          [
            [-59.734, -80.343],
            [-59.827, -80.734],
            [-60.583, -80.947],
            [-62.671, -80.835],
            [-62.941, -80.765],
            [-63.143, -80.595],
            [-64.064, -80.651],
            [-64.27, -80.748],
            [-66.185, -80.442],
            [-66.772, -80.293],
            [-66.376, -80.222],
            [-65.98, -80.385],
            [-61.634, -80.343],
            [-61.195, -80.257],
            [-61.598, -80.206],
            [-61.696, -80.135],
            [-61.685, -80.02],
            [-61.303, -79.996],
            [-61.246, -79.979],
            [-61.346, -79.951],
            [-61.343, -79.887],
            [-60.58, -79.741],
            [-59.874, -79.777],
            [-59.705, -79.875],
            [-59.788, -80.1],
            [-59.5, -80.114],
            [-59.323, -80.196],
            [-59.528, -80.208],
            [-59.734, -80.343]
          ]
        ]
      }
    },
    {
      "type": "Feature",
      "properties": {},
      "geometry": {
        "type": "Polygon",
        "coordinates": [
          [
            [-70.051, -69.19],
            [-70.08, -69.311],
            [-69.914, -69.268],
            [-69.709, -69.321],
            [-69.418, -69.584],
            [-69.09, -70.091],
            [-68.554, -70.582],
            [-68.46, -70.682],
            [-68.449, -70.818],
            [-68.312, -70.912],
            [-68.24, -71.821],
            [-68.543, -72.158],
            [-69.148, -72.427],
            [-69.209, -72.535],
            [-70.545, -72.665],
            [-70.923, -72.613],
            [-72.366, -72.67],
            [-72.888, -72.547],
            [-73.057, -72.448],
            [-73.086, -72.408],
            [-72.737, -72.281],
            [-70.872, -72.366],
            [-70.429, -72.323],
            [-70.206, -72.228],
            [-70.534, -72.163],
            [-71.412, -72.285],
            [-71.661, -72.25],
            [-71.898, -72.122],
            [-71.034, -72.035],
            [-70.822, -71.906],
            [-71.815, -71.821],
            [-72.258, -71.641],
            [-72.413, -71.662],
            [-72.928, -71.922],
            [-73.777, -71.849],
            [-73.831, -71.87],
            [-73.536, -72.023],
            [-73.997, -72.17],
            [-74.429, -72.056],
            [-74.785, -72.064],
            [-75.383, -71.828],
            [-75.336, -71.646],
            [-75.099, -71.556],
            [-74.393, -71.639],
            [-74.425, -71.457],
            [-74.307, -71.399],
            [-74.04, -71.41],
            [-73.479, -71.578],
            [-73.381, -71.528],
            [-73.594, -71.448],
            [-73.605, -71.351],
            [-72.622, -71.389],
            [-72.211, -71.335],
            [-72.906, -71.222],
            [-73.061, -71.127],
            [-72.712, -71.073],
            [-71.718, -71.144],
            [-71.193, -70.985],
            [-70.379, -70.946],
            [-69.871, -71.125],
            [-69.821, -70.974],
            [-69.875, -70.875],
            [-70.915, -70.787],
            [-71.171, -70.714],
            [-71.189, -70.66],
            [-71.059, -70.537],
            [-70.329, -70.361],
            [-69.619, -70.398],
            [-70.329, -70.16],
            [-71.121, -70.196],
            [-71.729, -70.054],
            [-71.88, -69.908],
            [-71.718, -69.525],
            [-71.743, -69.422],
            [-72.082, -69.268],
            [-72.139, -69.115],
            [-72.057, -69],
            [-71.869, -68.941],
            [-70.419, -68.789],
            [-70.105, -68.959],
            [-70.051, -69.19]
          ]
        ]
      }
    },
    {
      "type": "Feature",
      "properties": {},
      "geometry": {
        "type": "Polygon",
        "coordinates": [
          [
            [-69.166, -52.668],
            [-68.791, -52.576],
            [-68.629, -52.652],
            [-68.338, -52.901],
            [-68.24, -53.081],
            [-68.334, -53.02],
            [-68.431, -53.055],
            [-68.521, -53.177],
            [-68.489, -53.262],
            [-68.161, -53.307],
            [-68.01, -53.564],
            [-67.294, -54.05],
            [-66.235, -54.534],
            [-65.746, -54.654],
            [-65.18, -54.678],
            [-65.346, -54.878],
            [-65.472, -54.914],
            [-65.954, -54.92],
            [-66.512, -55.032],
            [-66.93, -54.925],
            [-68.219, -54.817],
            [-69.083, -54.909],
            [-69.486, -54.859],
            [-69.724, -54.711],
            [-70.03, -54.815],
            [-70.282, -54.751],
            [-70.498, -54.81],
            [-71.441, -54.619],
            [-71.902, -54.602],
            [-71.927, -54.529],
            [-71.801, -54.433],
            [-71.574, -54.496],
            [-71.394, -54.401],
            [-71.081, -54.444],
            [-70.797, -54.328],
            [-70.699, -54.348],
            [-70.703, -54.486],
            [-70.311, -54.529],
            [-70.296, -54.486],
            [-70.541, -54.303],
            [-70.761, -54.241],
            [-70.861, -54.111],
            [-70.869, -53.885],
            [-70.645, -53.822],
            [-70.696, -53.727],
            [-70.53, -53.628],
            [-70.379, -53.987],
            [-70.631, -54.005],
            [-70.534, -54.137],
            [-70.246, -54.277],
            [-70.242, -54.348],
            [-69.99, -54.381],
            [-69.742, -54.305],
            [-69.364, -54.437],
            [-69.313, -54.571],
            [-69.047, -54.428],
            [-69.986, -54.109],
            [-70.152, -53.888],
            [-70.149, -53.762],
            [-70.091, -53.722],
            [-69.353, -53.48],
            [-69.392, -53.373],
            [-69.756, -53.336],
            [-70.213, -53.414],
            [-70.329, -53.378],
            [-70.462, -53.206],
            [-70.39, -53.026],
            [-70.131, -52.942],
            [-70.379, -52.751],
            [-70.188, -52.724],
            [-69.936, -52.821],
            [-69.497, -52.491],
            [-69.414, -52.486],
            [-69.166, -52.668]
          ]
        ]
      }
    },
    {
      "type": "Feature",
      "properties": {},
      "geometry": {
        "type": "Polygon",
        "coordinates": [
          [
            [-81.838, 23.162],
            [-81.575, 23.117],
            [-81.262, 23.157],
            [-81.143, 23.055],
            [-80.65, 23.103],
            [-80.365, 22.944],
            [-79.822, 22.886],
            [-79.851, 22.827],
            [-79.275, 22.407],
            [-78.688, 22.367],
            [-77.637, 21.798],
            [-77.496, 21.787],
            [-77.583, 21.89],
            [-77.496, 21.871],
            [-77.143, 21.643],
            [-77.367, 21.612],
            [-77.251, 21.484],
            [-77.1, 21.59],
            [-76.837, 21.4],
            [-76.866, 21.331],
            [-76.726, 21.359],
            [-76.647, 21.284],
            [-76.258, 21.227],
            [-76.074, 21.133],
            [-75.721, 21.11],
            [-75.595, 20.994],
            [-75.664, 20.899],
            [-75.599, 20.838],
            [-75.739, 20.812],
            [-75.725, 20.715],
            [-74.883, 20.65],
            [-74.512, 20.385],
            [-74.166, 20.293],
            [-74.155, 20.168],
            [-74.253, 20.079],
            [-74.634, 20.058],
            [-75.117, 19.902],
            [-75.153, 20.008],
            [-75.289, 19.893],
            [-76.157, 19.989],
            [-77.716, 19.855],
            [-77.554, 20.083],
            [-77.104, 20.407],
            [-77.23, 20.643],
            [-78.115, 20.761],
            [-78.49, 21.053],
            [-78.576, 21.414],
            [-78.727, 21.593],
            [-79.357, 21.584],
            [-80.232, 21.873],
            [-80.484, 22.124],
            [-80.499, 22.063],
            [-81.035, 22.074],
            [-81.186, 22.268],
            [-81.283, 22.109],
            [-81.442, 22.183],
            [-81.849, 22.215],
            [-82.079, 22.388],
            [-81.712, 22.497],
            [-81.701, 22.591],
            [-81.838, 22.673],
            [-82.738, 22.688],
            [-83.379, 22.223],
            [-83.901, 22.169],
            [-84.03, 21.944],
            [-84.502, 21.775],
            [-84.502, 21.93],
            [-84.887, 21.857],
            [-84.325, 22.074],
            [-84.361, 22.379],
            [-84.045, 22.666],
            [-83.256, 22.968],
            [-82.101, 23.19],
            [-81.838, 23.162]
          ]
        ]
      }
    },
    {
      "type": "Feature",
      "properties": {},
      "geometry": {
        "type": "Polygon",
        "coordinates": [
          [
            [20.896, 80.249],
            [21.548, 80.242],
            [21.696, 80.159],
            [22.29, 80.049],
            [22.444, 80.19],
            [22.452, 80.402],
            [23.01, 80.475],
            [23.316, 80.424],
            [23.114, 80.187],
            [23.686, 80.206],
            [23.953, 80.305],
            [24.403, 80.355],
            [24.615, 80.286],
            [25.836, 80.174],
            [26.862, 80.161],
            [27.15, 80.06],
            [27.2, 79.907],
            [26.005, 79.617],
            [25.641, 79.404],
            [25.144, 79.339],
            [24.752, 79.364],
            [23.949, 79.194],
            [22.905, 79.23],
            [22.696, 79.329],
            [22.866, 79.412],
            [20.86, 79.398],
            [20.13, 79.489],
            [19.676, 79.591],
            [20.493, 79.633],
            [20.785, 79.749],
            [18.726, 79.761],
            [18.427, 79.824],
            [18.254, 79.93],
            [18.855, 80.037],
            [17.916, 80.143],
            [18.78, 80.194],
            [19.345, 80.117],
            [19.536, 80.164],
            [19.356, 80.185],
            [19.19, 80.263],
            [19.179, 80.331],
            [19.752, 80.227],
            [19.809, 80.327],
            [19.615, 80.463],
            [19.734, 80.478],
            [20.36, 80.4],
            [20.896, 80.249]
          ]
        ]
      }
    },
    {
      "type": "Feature",
      "properties": {},
      "geometry": {
        "type": "Polygon",
        "coordinates": [
          [
            [16.785, 79.907],
            [17.221, 79.94],
            [17.833, 79.799],
            [17.955, 79.704],
            [17.689, 79.534],
            [17.736, 79.482],
            [17.667, 79.386],
            [18.398, 79.605],
            [18.582, 79.572],
            [18.816, 79.426],
            [18.808, 79.303],
            [18.679, 79.261],
            [19.089, 79.157],
            [19.752, 79.147],
            [19.892, 79.056],
            [20.115, 79.077],
            [20.162, 79.145],
            [20.612, 79.107],
            [20.767, 79.06],
            [20.5, 78.982],
            [21.39, 78.741],
            [21.098, 78.676],
            [19.676, 78.61],
            [19.15, 78.379],
            [18.956, 78.183],
            [18.996, 78.081],
            [18.438, 78.025],
            [18.362, 77.682],
            [18.229, 77.522],
            [17.847, 77.498],
            [17.152, 77.05],
            [17.25, 76.97],
            [16.976, 76.812],
            [17.062, 76.659],
            [16.699, 76.579],
            [15.547, 76.886],
            [15.126, 77.084],
            [14.366, 77.234],
            [14.049, 77.404],
            [13.995, 77.508],
            [14.071, 77.564],
            [14.377, 77.579],
            [14.694, 77.525],
            [14.92, 77.689],
            [17.034, 77.798],
            [16.915, 77.899],
            [14.089, 77.772],
            [13.79, 77.853],
            [13.682, 78.029],
            [13.938, 78.086],
            [14.308, 78.004],
            [14.247, 78.072],
            [15.698, 78.228],
            [15.658, 78.3],
            [15.784, 78.327],
            [16.778, 78.35],
            [17.17, 78.418],
            [16.81, 78.397],
            [16.45, 78.503],
            [16.782, 78.664],
            [16.53, 78.655],
            [15.943, 78.492],
            [15.417, 78.473],
            [15.255, 78.59],
            [15.385, 78.772],
            [15.018, 78.629],
            [14.69, 78.721],
            [14.467, 78.675],
            [14.517, 78.581],
            [14.431, 78.492],
            [14.64, 78.414],
            [14.11, 78.27],
            [13.149, 78.237],
            [12.663, 78.385],
            [12.256, 78.595],
            [11.774, 78.716],
            [11.756, 78.812],
            [11.86, 78.833],
            [11.367, 78.951],
            [11.547, 78.984],
            [12.274, 78.904],
            [12.404, 78.954],
            [11.983, 79.025],
            [11.893, 79.152],
            [12.084, 79.268],
            [11.979, 79.293],
            [11.58, 79.284],
            [11.616, 79.206],
            [11.522, 79.152],
            [11.209, 79.129],
            [10.737, 79.52],
            [10.809, 79.642],
            [10.683, 79.758],
            [10.867, 79.796],
            [11.151, 79.716],
            [11.252, 79.786],
            [11.702, 79.82],
            [12.289, 79.713],
            [12.22, 79.798],
            [12.753, 79.775],
            [13.693, 79.86],
            [13.916, 79.817],
            [13.92, 79.761],
            [13.038, 79.685],
            [12.555, 79.57],
            [13.333, 79.576],
            [13.383, 79.48],
            [13.956, 79.339],
            [14.056, 79.383],
            [14.038, 79.586],
            [14.593, 79.799],
            [15.054, 79.675],
            [15.763, 79.175],
            [16.342, 78.977],
            [15.874, 79.52],
            [15.828, 79.709],
            [16.101, 79.885],
            [16.094, 80.008],
            [16.245, 80.049],
            [16.522, 80.02],
            [16.785, 79.907]
          ]
        ]
      }
    },
    {
      "type": "Feature",
      "properties": {},
      "geometry": {
        "type": "Polygon",
        "coordinates": [
          [
            [9.632, 40.882],
            [9.805, 40.5],
            [9.643, 40.269],
            [9.707, 40.017],
            [9.563, 39.167],
            [9.056, 39.24],
            [8.966, 38.963],
            [8.883, 38.913],
            [8.649, 38.927],
            [8.419, 39.207],
            [8.401, 39.481],
            [8.451, 39.722],
            [8.541, 39.731],
            [8.548, 39.838],
            [8.408, 39.917],
            [8.473, 40.293],
            [8.188, 40.651],
            [8.203, 40.871],
            [8.224, 40.913],
            [8.469, 40.835],
            [8.699, 40.896],
            [9.229, 41.257],
            [9.614, 41.017],
            [9.553, 40.932],
            [9.632, 40.882]
          ]
        ]
      }
    },
    {
      "type": "Feature",
      "properties": {},
      "geometry": {
        "type": "Polygon",
        "coordinates": [
          [
            [9.481, 42.805],
            [9.455, 42.659],
            [9.527, 42.552],
            [9.556, 42.161],
            [9.401, 41.927],
            [9.373, 41.679],
            [9.185, 41.385],
            [8.807, 41.588],
            [8.887, 41.701],
            [8.717, 41.762],
            [8.739, 41.925],
            [8.62, 41.93],
            [8.699, 42.095],
            [8.588, 42.161],
            [8.566, 42.218],
            [8.674, 42.284],
            [8.566, 42.357],
            [8.815, 42.607],
            [9.139, 42.732],
            [9.315, 42.713],
            [9.362, 43.017],
            [9.463, 42.981],
            [9.481, 42.805]
          ]
        ]
      }
    },
    {
      "type": "Feature",
      "properties": {},
      "geometry": {
        "type": "Polygon",
        "coordinates": [
          [
            [15.576, 38.22],
            [15.234, 37.785],
            [15.1, 37.458],
            [15.118, 37.335],
            [15.23, 37.245],
            [15.172, 37.208],
            [15.295, 37.056],
            [15.115, 36.839],
            [15.111, 36.688],
            [14.503, 36.799],
            [14.366, 36.972],
            [14.143, 37.104],
            [13.905, 37.101],
            [13.171, 37.479],
            [12.642, 37.594],
            [12.436, 37.819],
            [12.548, 38.052],
            [12.735, 38.182],
            [12.904, 38.035],
            [13.16, 38.191],
            [13.351, 38.181],
            [13.79, 37.981],
            [14.506, 38.045],
            [14.791, 38.167],
            [15.118, 38.153],
            [15.5, 38.292],
            [15.633, 38.267],
            [15.576, 38.22]
          ]
        ]
      }
    },
    {
      "type": "Feature",
      "properties": {},
      "geometry": {
        "type": "Polygon",
        "coordinates": [
          [
            [-52.732, 69.944],
            [-52.044, 69.807],
            [-51.976, 69.722],
            [-52.008, 69.686],
            [-51.9, 69.604],
            [-52.112, 69.489],
            [-52.771, 69.364],
            [-53.754, 69.26],
            [-54.182, 69.404],
            [-53.657, 69.465],
            [-53.826, 69.54],
            [-54.733, 69.611],
            [-54.92, 69.713],
            [-54.787, 69.949],
            [-54.323, 69.942],
            [-54.773, 70.052],
            [-54.83, 70.133],
            [-54.704, 70.257],
            [-54.373, 70.317],
            [-53.297, 70.205],
            [-52.732, 69.944]
          ]
        ]
      }
    },
    {
      "type": "Feature",
      "properties": {},
      "geometry": {
        "type": "Polygon",
        "coordinates": [
          [
            [-127.198, 50.64],
            [-125.481, 50.317],
            [-124.934, 49.732],
            [-124.829, 49.531],
            [-123.994, 49.223],
            [-123.854, 49.119],
            [-123.497, 48.583],
            [-123.443, 48.69],
            [-123.389, 48.669],
            [-123.31, 48.411],
            [-123.447, 48.426],
            [-123.573, 48.322],
            [-125.017, 48.711],
            [-125.135, 48.822],
            [-124.851, 49.029],
            [-124.811, 49.213],
            [-124.927, 49.015],
            [-125.542, 48.952],
            [-125.83, 49.091],
            [-125.643, 49.185],
            [-125.834, 49.277],
            [-125.953, 49.248],
            [-125.935, 49.402],
            [-126.55, 49.419],
            [-126.543, 49.591],
            [-126.133, 49.673],
            [-126.525, 49.72],
            [-126.683, 49.876],
            [-126.903, 49.944],
            [-127.115, 49.879],
            [-127.249, 50.138],
            [-127.349, 50.051],
            [-127.468, 50.164],
            [-127.864, 50.128],
            [-127.839, 50.293],
            [-127.961, 50.346],
            [-127.907, 50.445],
            [-127.641, 50.478],
            [-127.486, 50.405],
            [-127.529, 50.537],
            [-127.465, 50.583],
            [-127.753, 50.607],
            [-127.731, 50.536],
            [-128.059, 50.499],
            [-128.35, 50.697],
            [-128.242, 50.827],
            [-127.918, 50.86],
            [-127.198, 50.64]
          ]
        ]
      }
    },
    {
      "type": "Feature",
      "properties": {},
      "geometry": {
        "type": "Polygon",
        "coordinates": [
          [
            [-71.956, 19.722],
            [-71.736, 19.736],
            [-71.556, 19.895],
            [-71.283, 19.847],
            [-70.955, 19.914],
            [-70.635, 19.775],
            [-70.437, 19.772],
            [-70.195, 19.638],
            [-69.958, 19.671],
            [-69.738, 19.3],
            [-69.324, 19.328],
            [-69.234, 19.272],
            [-69.324, 19.201],
            [-69.605, 19.206],
            [-69.623, 19.117],
            [-68.683, 18.904],
            [-68.381, 18.671],
            [-68.359, 18.538],
            [-68.687, 18.215],
            [-68.935, 18.407],
            [-69.274, 18.44],
            [-69.77, 18.444],
            [-70.019, 18.374],
            [-70.185, 18.251],
            [-70.48, 18.217],
            [-70.645, 18.336],
            [-71.027, 18.274],
            [-71.106, 18.071],
            [-71.437, 17.635],
            [-71.632, 17.774],
            [-71.711, 18.005],
            [-72.06, 18.229],
            [-72.877, 18.152],
            [-73.515, 18.246],
            [-73.749, 18.19],
            [-73.885, 18.041],
            [-74.087, 18.215],
            [-74.461, 18.394],
            [-74.386, 18.624],
            [-74.227, 18.663],
            [-72.791, 18.435],
            [-72.618, 18.552],
            [-72.377, 18.574],
            [-72.348, 18.675],
            [-72.813, 19.072],
            [-72.741, 19.131],
            [-72.769, 19.241],
            [-72.705, 19.44],
            [-73.054, 19.611],
            [-73.396, 19.659],
            [-73.439, 19.722],
            [-73.317, 19.855],
            [-72.877, 19.928],
            [-71.956, 19.722]
          ]
        ]
      }
    },
    {
      "type": "Feature",
      "properties": {},
      "geometry": {
        "type": "Polygon",
        "coordinates": [
          [
            [-49.628, -0.229],
            [-49.117, -0.164],
            [-48.393, -0.298],
            [-48.498, -0.664],
            [-48.566, -0.685],
            [-48.57, -0.893],
            [-48.84, -1.227],
            [-48.833, -1.39],
            [-49.038, -1.515],
            [-49.171, -1.412],
            [-49.232, -1.6],
            [-49.506, -1.511],
            [-49.589, -1.713],
            [-49.805, -1.791],
            [-50.068, -1.704],
            [-50.507, -1.787],
            [-50.6, -1.697],
            [-50.759, -1.241],
            [-50.73, -1.126],
            [-50.597, -1.147],
            [-50.579, -1.103],
            [-50.784, -1.01],
            [-50.795, -0.906],
            [-50.647, -0.274],
            [-50.248, -0.116],
            [-49.628, -0.229]
          ]
        ]
      }
    },
    {
      "type": "Feature",
      "properties": {},
      "geometry": {
        "type": "Polygon",
        "coordinates": [
          [
            [-3.109, 58.516],
            [-3.112, 58.408],
            [-3.213, 58.322],
            [-3.991, 57.959],
            [-4.034, 57.851],
            [-3.857, 57.818],
            [-4.135, 57.577],
            [-3.404, 57.709],
            [-2.075, 57.702],
            [-1.867, 57.612],
            [-1.78, 57.474],
            [-2.021, 57.259],
            [-2.259, 56.863],
            [-2.594, 56.561],
            [-3.31, 56.363],
            [-2.885, 56.398],
            [-2.651, 56.318],
            [-2.673, 56.254],
            [-3.361, 56.028],
            [-3.789, 56.094],
            [-3.609, 56.016],
            [-3.047, 55.952],
            [-2.601, 56.027],
            [-2.147, 55.903],
            [-1.654, 55.57],
            [-1.233, 54.704],
            [-0.671, 54.504],
            [-0.085, 54.119],
            [-0.207, 54.022],
            [0.117, 53.608],
            [-0.272, 53.737],
            [-0.661, 53.725],
            [-0.293, 53.692],
            [0.272, 53.336],
            [0.355, 53.161],
            [0.045, 52.905],
            [0.279, 52.808],
            [0.56, 52.966],
            [1.057, 52.959],
            [1.381, 52.893],
            [1.658, 52.754],
            [1.748, 52.47],
            [1.593, 52.119],
            [1.413, 51.994],
            [1.233, 51.971],
            [1.276, 51.845],
            [1.19, 51.803],
            [0.956, 51.808],
            [0.751, 51.73],
            [0.898, 51.69],
            [0.891, 51.572],
            [0.423, 51.466],
            [0.527, 51.485],
            [0.686, 51.386],
            [0.891, 51.36],
            [1.417, 51.364],
            [1.399, 51.181],
            [1.046, 51.048],
            [0.959, 50.926],
            [0.772, 50.933],
            [0.203, 50.763],
            [-0.203, 50.815],
            [-0.787, 50.765],
            [-1.417, 50.897],
            [-1.334, 50.82],
            [-1.6, 50.734],
            [-2.032, 50.725],
            [-1.964, 50.628],
            [-2.036, 50.603],
            [-2.432, 50.6],
            [-3.001, 50.716],
            [-3.404, 50.633],
            [-3.681, 50.241],
            [-3.793, 50.228],
            [-4.196, 50.393],
            [-4.729, 50.291],
            [-5.009, 50.161],
            [-5.117, 50.039],
            [-5.434, 50.105],
            [-5.621, 50.051],
            [-5.657, 50.131],
            [-5.341, 50.246],
            [-4.894, 50.534],
            [-4.585, 50.777],
            [-4.523, 50.977],
            [-4.297, 51.027],
            [-4.189, 51.188],
            [-3.137, 51.206],
            [-2.432, 51.74],
            [-3.292, 51.39],
            [-3.562, 51.414],
            [-3.89, 51.591],
            [-4.235, 51.569],
            [-4.091, 51.661],
            [-4.387, 51.74],
            [-4.599, 51.737],
            [-4.901, 51.626],
            [-5.168, 51.74],
            [-5.2, 51.862],
            [-5.261, 51.879],
            [-5.182, 51.949],
            [-4.217, 52.277],
            [-3.98, 52.543],
            [-4.081, 52.608],
            [-4.041, 52.704],
            [-4.117, 52.82],
            [-4.102, 52.916],
            [-4.682, 52.806],
            [-4.268, 53.145],
            [-3.811, 53.303],
            [-3.429, 53.341],
            [-3.098, 53.259],
            [-3.166, 53.395],
            [-3.065, 53.426],
            [-2.918, 53.305],
            [-2.749, 53.31],
            [-2.914, 53.35],
            [-3.065, 53.513],
            [-2.925, 53.733],
            [-3.033, 53.773],
            [-3.026, 53.905],
            [-2.9, 53.961],
            [-2.846, 54.136],
            [-2.867, 54.178],
            [-3.166, 54.127],
            [-3.569, 54.468],
            [-3.591, 54.565],
            [-3.465, 54.773],
            [-3.267, 54.907],
            [-3.037, 54.954],
            [-3.551, 54.947],
            [-3.958, 54.78],
            [-4.135, 54.778],
            [-4.253, 54.846],
            [-4.516, 54.758],
            [-4.819, 54.846],
            [-4.912, 54.69],
            [-5.031, 54.761],
            [-5.171, 54.985],
            [-5.056, 54.989],
            [-4.678, 55.501],
            [-4.891, 55.699],
            [-4.873, 55.874],
            [-4.808, 55.94],
            [-4.585, 55.938],
            [-4.844, 56.051],
            [-4.801, 56.159],
            [-4.927, 56.028],
            [-5.229, 55.886],
            [-5.222, 56.067],
            [-4.999, 56.233],
            [-5.085, 56.197],
            [-5.409, 55.995],
            [-5.373, 55.827],
            [-5.557, 55.39],
            [-5.729, 55.334],
            [-5.769, 55.395],
            [-5.683, 55.624],
            [-5.506, 55.803],
            [-5.621, 55.813],
            [-5.611, 56.054],
            [-5.391, 56.514],
            [-5.189, 56.758],
            [-5.654, 56.532],
            [-5.866, 56.561],
            [-5.971, 56.69],
            [-6.133, 56.707],
            [-5.729, 56.853],
            [-5.863, 56.903],
            [-5.593, 57.103],
            [-5.56, 57.233],
            [-5.819, 57.436],
            [-5.582, 57.547],
            [-5.744, 57.669],
            [-5.607, 57.881],
            [-5.157, 57.881],
            [-5.413, 58.07],
            [-5.337, 58.238],
            [-5.009, 58.263],
            [-5.089, 58.384],
            [-5.017, 58.566],
            [-4.808, 58.573],
            [-4.714, 58.509],
            [-4.491, 58.568],
            [-4.433, 58.513],
            [-3.055, 58.634],
            [-3.109, 58.516]
          ]
        ]
      }
    },
    {
      "type": "Feature",
      "properties": {},
      "geometry": {
        "type": "Polygon",
        "coordinates": [
          [
            [-7.18, 55.056],
            [-7.029, 55.081],
            [-6.946, 55.183],
            [-6.129, 55.218],
            [-5.715, 54.817],
            [-5.711, 54.758],
            [-5.877, 54.641],
            [-5.582, 54.664],
            [-5.47, 54.501],
            [-5.485, 54.442],
            [-5.672, 54.549],
            [-5.657, 54.381],
            [-5.557, 54.371],
            [-5.607, 54.273],
            [-5.827, 54.235],
            [-6.017, 54.051],
            [-6.219, 54.089],
            [-6.158, 54.016],
            [-6.345, 53.987],
            [-6.143, 53.577],
            [-6.151, 53.367],
            [-6.028, 52.928],
            [-6.169, 52.739],
            [-6.215, 52.543],
            [-6.464, 52.345],
            [-6.323, 52.247],
            [-6.889, 52.159],
            [-6.964, 52.249],
            [-7.004, 52.166],
            [-7.526, 52.098],
            [-7.627, 51.994],
            [-8.059, 51.826],
            [-8.408, 51.888],
            [-8.336, 51.793],
            [-8.408, 51.713],
            [-9.297, 51.497],
            [-9.837, 51.484],
            [-9.524, 51.681],
            [-10.122, 51.6],
            [-9.599, 51.874],
            [-10.086, 51.772],
            [-10.341, 51.799],
            [-10.377, 51.869],
            [-9.909, 52.122],
            [-10.392, 52.135],
            [-10.356, 52.207],
            [-10.132, 52.282],
            [-9.772, 52.251],
            [-9.905, 52.404],
            [-9.632, 52.548],
            [-8.782, 52.68],
            [-8.991, 52.756],
            [-9.175, 52.635],
            [-9.56, 52.654],
            [-9.916, 52.57],
            [-9.517, 52.78],
            [-9.394, 52.897],
            [-9.463, 52.947],
            [-9.301, 53.098],
            [-8.93, 53.207],
            [-9.513, 53.239],
            [-9.625, 53.334],
            [-9.877, 53.343],
            [-9.794, 53.395],
            [-10.093, 53.412],
            [-10.053, 53.478],
            [-10.118, 53.549],
            [-9.722, 53.605],
            [-9.909, 53.657],
            [-9.902, 53.726],
            [-9.578, 53.805],
            [-9.578, 53.879],
            [-9.913, 53.864],
            [-9.855, 54.094],
            [-9.934, 54.075],
            [-9.977, 54.187],
            [-10.093, 54.155],
            [-10.057, 54.258],
            [-9.563, 54.308],
            [-9.315, 54.299],
            [-9.146, 54.209],
            [-9.002, 54.287],
            [-8.545, 54.242],
            [-8.624, 54.346],
            [-8.231, 54.508],
            [-8.134, 54.641],
            [-8.458, 54.61],
            [-8.764, 54.681],
            [-8.379, 54.89],
            [-8.393, 55.02],
            [-8.275, 55.147],
            [-7.749, 55.186],
            [-7.763, 55.249],
            [-7.666, 55.256],
            [-7.558, 55.122],
            [-7.659, 54.971],
            [-7.479, 55.048],
            [-7.519, 55.247],
            [-7.303, 55.299],
            [-7.367, 55.36],
            [-7.31, 55.365],
            [-6.961, 55.239],
            [-7.173, 55.138],
            [-7.22, 55.093],
            [-7.18, 55.056]
          ]
        ]
      }
    },
    {
      "type": "Feature",
      "properties": {},
      "geometry": {
        "type": "Polygon",
        "coordinates": [
          [
            [-169.887, 66.163],
            [-169.779, 66.142],
            [-169.729, 66.057],
            [-169.774, 66.031],
            [12.93, 66.032],
            [12.786, 66.101],
            [13.272, 66.167],
            [-169.887, 66.163]
          ]
        ]
      }
    },
    {
      "type": "Feature",
      "properties": {},
      "geometry": {
        "type": "Polygon",
        "coordinates": [
          [
            [-17.534, 14.755],
            [-17.444, 14.651],
            [-17.419, 14.724],
            [-17.347, 14.729],
            [-17.167, 14.64],
            [-16.972, 14.403],
            [-16.792, 14.005],
            [-16.62, 14.04],
            [-16.767, 13.904],
            [-16.587, 13.689],
            [-16.53, 13.458],
            [-16.44, 13.354],
            [-16.137, 13.448],
            [-15.428, 13.469],
            [-16.159, 13.383],
            [-16.184, 13.283],
            [-16.414, 13.269],
            [-16.555, 13.304],
            [-16.67, 13.475],
            [-16.749, 13.425],
            [-16.825, 13.342],
            [-16.767, 12.628],
            [-16.702, 12.604],
            [-16.598, 12.715],
            [-16.443, 12.609],
            [-16.677, 12.561],
            [-16.785, 12.472],
            [-16.713, 12.354],
            [-16.436, 12.205],
            [-16.245, 12.238],
            [-16.328, 12.052],
            [-16.137, 11.917],
            [-15.921, 11.937],
            [-15.943, 11.786],
            [-15.82, 11.764],
            [-15.435, 11.944],
            [-15.079, 11.969],
            [-15.212, 11.871],
            [-15.417, 11.871],
            [-15.5, 11.778],
            [-15.414, 11.614],
            [-15.23, 11.687],
            [-15.072, 11.597],
            [-15.428, 11.498],
            [-15.478, 11.41],
            [-15.349, 11.378],
            [-15.392, 11.217],
            [-15.216, 11.156],
            [-15.223, 11.031],
            [-15.054, 11.142],
            [-15.093, 11.01],
            [-15.014, 10.804],
            [-14.888, 10.969],
            [-14.776, 10.932],
            [-14.676, 10.689],
            [-14.593, 10.767],
            [-14.611, 10.55],
            [-14.427, 10.248],
            [-14.172, 10.128],
            [-14.046, 10.141],
            [-13.956, 9.969],
            [-13.819, 9.887],
            [-13.689, 9.927],
            [-13.693, 9.536],
            [-13.567, 9.543],
            [-13.437, 9.42],
            [-13.268, 9.17],
            [-13.272, 8.988],
            [-13.059, 8.88],
            [-13.207, 8.844],
            [-13.182, 8.576],
            [-12.894, 8.63],
            [-13.084, 8.425],
            [-13.261, 8.488],
            [-13.272, 8.429],
            [-13.149, 8.215],
            [-12.958, 8.146],
            [-12.85, 7.818],
            [-12.699, 7.715],
            [-12.48, 7.754],
            [-12.512, 7.665],
            [-12.433, 7.545],
            [-12.487, 7.386],
            [-11.734, 7.089],
            [-11.292, 6.688],
            [-10.849, 6.466],
            [-10.784, 6.311],
            [-10.276, 6.078],
            [-9.131, 5.054],
            [-8.26, 4.591],
            [-7.544, 4.351],
            [-5.913, 5.011],
            [-5.063, 5.131],
            [-5.366, 5.151],
            [-5.283, 5.21],
            [-5.024, 5.203],
            [-4.901, 5.139],
            [-4.037, 5.229],
            [-4.61, 5.236],
            [-4.12, 5.309],
            [-3.346, 5.131],
            [-3.199, 5.354],
            [-3.152, 5.348],
            [-3.17, 5.203],
            [-3.019, 5.131],
            [-3.245, 5.115],
            [-2.399, 4.929],
            [-2.003, 4.762],
            [-1.503, 5.039],
            [-0.797, 5.226],
            [-0.347, 5.5],
            [0.261, 5.757],
            [0.949, 5.811],
            [1.107, 6.051],
            [1.312, 6.146],
            [2.288, 6.328],
            [3.335, 6.396],
            [3.429, 6.525],
            [3.717, 6.597],
            [3.451, 6.427],
            [4.43, 6.349],
            [4.862, 6.026],
            [5.092, 5.768],
            [5.114, 5.641],
            [5.171, 5.603],
            [5.326, 5.707],
            [5.351, 5.624],
            [5.456, 5.611],
            [5.2, 5.533],
            [5.387, 5.401],
            [5.549, 5.474],
            [5.503, 5.379],
            [5.369, 5.337],
            [5.369, 5.195],
            [5.477, 5.153],
            [5.384, 5.129],
            [5.492, 4.839],
            [5.589, 4.648],
            [6.075, 4.29],
            [6.205, 4.292],
            [6.269, 4.433],
            [6.262, 4.309],
            [6.554, 4.341],
            [6.579, 4.476],
            [6.633, 4.341],
            [6.86, 4.374],
            [6.791, 4.469],
            [6.766, 4.724],
            [6.925, 4.391],
            [7.155, 4.514],
            [7.166, 4.615],
            [7.076, 4.716],
            [7.285, 4.547],
            [7.461, 4.556],
            [7.529, 4.655],
            [7.645, 4.525],
            [8.293, 4.558],
            [8.329, 4.657],
            [8.253, 4.924],
            [8.433, 4.747],
            [8.57, 4.752],
            [8.573, 4.526],
            [8.689, 4.551],
            [8.66, 4.67],
            [8.761, 4.58],
            [8.919, 4.554],
            [8.912, 4.358],
            [9.002, 4.092],
            [9.427, 3.922],
            [9.502, 4],
            [9.484, 4.066],
            [9.689, 4.056],
            [9.639, 3.966],
            [9.74, 3.853],
            [9.628, 3.87],
            [9.556, 3.797],
            [9.643, 3.612],
            [9.765, 3.624],
            [9.671, 3.537],
            [9.877, 3.309],
            [9.949, 3.079],
            [9.823, 2.539],
            [9.808, 1.928],
            [9.632, 1.565],
            [9.495, 1.435],
            [9.387, 1.139],
            [9.599, 1.054],
            [9.617, 0.577],
            [9.495, 0.666],
            [9.329, 0.612],
            [9.326, 0.553],
            [9.545, 0.296],
            [9.776, 0.193],
            [10.003, 0.195],
            [9.812, 0.126],
            [9.797, 0.044],
            [9.47, 0.16],
            [9.355, 0.344],
            [9.301, 0.289],
            [9.34, -0.058],
            [9.297, -0.352],
            [9.135, -0.574],
            [8.948, -0.689],
            [8.822, -0.708],
            [8.703, -0.591],
            [9.063, -1.298],
            [9.203, -1.383],
            [9.347, -1.326],
            [9.297, -1.515],
            [9.502, -1.555],
            [9.524, -1.598],
            [9.319, -1.631],
            [9.038, -1.308],
            [9.265, -1.826],
            [9.484, -1.895],
            [9.484, -1.963],
            [9.301, -1.904],
            [9.535, -2.164],
            [9.625, -2.367],
            [10.06, -2.55],
            [10.003, -2.588],
            [9.722, -2.468],
            [10.348, -3.013],
            [11.032, -3.827],
            [11.778, -4.565],
            [11.821, -4.756],
            [12.177, -5.325],
            [12.156, -5.633],
            [12.242, -5.808],
            [12.454, -6.001],
            [12.861, -5.855],
            [13.07, -5.865],
            [12.789, -6.004],
            [12.282, -6.124],
            [12.523, -6.591],
            [12.825, -6.956],
            [12.861, -7.232],
            [13.38, -8.37],
            [13.358, -8.688],
            [13.056, -9.007],
            [13.092, -8.9],
            [13.048, -8.922],
            [12.998, -9.047],
            [13.333, -9.999],
            [13.538, -10.421],
            [13.722, -10.634],
            [13.848, -11.054],
            [13.786, -11.813],
            [13.686, -12.124],
            [13.416, -12.521],
            [12.984, -12.776],
            [12.897, -13.028],
            [12.552, -13.438],
            [12.015, -15.514],
            [11.9, -15.721],
            [11.752, -15.832],
            [11.821, -16.504],
            [11.72, -17.467],
            [11.778, -18.002],
            [12.04, -18.47],
            [12.458, -18.927],
            [13.167, -20.184],
            [13.452, -20.916],
            [14.463, -22.449],
            [14.521, -22.805],
            [14.496, -22.922],
            [14.438, -22.88],
            [14.402, -22.968],
            [14.474, -23.281],
            [14.503, -24.203],
            [14.838, -25.033],
            [14.845, -25.725],
            [14.967, -26.319],
            [15.14, -26.508],
            [15.133, -26.788],
            [15.342, -27.387],
            [15.72, -27.966],
            [16.479, -28.642],
            [16.738, -29.01],
            [16.951, -29.404],
            [17.347, -30.445],
            [17.678, -31.018],
            [18.211, -31.742],
            [18.312, -32.122],
            [18.326, -32.504],
            [18.124, -32.749],
            [18.038, -32.775],
            [17.966, -32.709],
            [17.851, -32.827],
            [17.991, -33.152],
            [18.261, -33.421],
            [18.434, -33.718],
            [18.466, -33.888],
            [18.355, -33.938],
            [18.351, -34.188],
            [18.463, -34.346],
            [18.499, -34.11],
            [18.751, -34.082],
            [18.808, -34.108],
            [18.83, -34.364],
            [19.1, -34.35],
            [19.33, -34.492],
            [19.298, -34.615],
            [19.392, -34.605],
            [19.636, -34.754],
            [20.022, -34.785],
            [20.529, -34.463],
            [20.99, -34.367],
            [21.789, -34.372],
            [22.246, -34.068],
            [22.552, -34.009],
            [23.269, -34.081],
            [23.697, -33.992],
            [24.597, -34.174],
            [24.828, -34.169],
            [25.004, -33.973],
            [25.573, -34.035],
            [25.638, -34.011],
            [25.652, -33.85],
            [25.807, -33.737],
            [26.43, -33.759],
            [26.613, -33.707],
            [27.078, -33.522],
            [27.859, -33.055],
            [28.856, -32.294],
            [29.482, -31.674],
            [29.972, -31.322],
            [30.473, -30.714],
            [31.337, -29.378],
            [31.779, -28.937],
            [32.028, -28.84],
            [32.377, -28.498],
            [32.535, -28.199],
            [32.888, -26.831],
            [32.957, -26.083],
            [32.849, -26.269],
            [32.589, -26.005],
            [32.791, -25.644],
            [33.349, -25.262],
            [34.991, -24.651],
            [35.156, -24.541],
            [35.437, -24.171],
            [35.541, -23.824],
            [35.484, -23.784],
            [35.462, -23.85],
            [35.397, -23.838],
            [35.376, -23.708],
            [35.574, -22.963],
            [35.491, -22.658],
            [35.541, -22.302],
            [35.455, -22.116],
            [35.383, -22.455],
            [35.315, -22.397],
            [35.268, -21.651],
            [35.127, -21.396],
            [34.983, -20.807],
            [34.706, -20.474],
            [34.757, -19.823],
            [34.649, -19.701],
            [34.854, -19.821],
            [34.947, -19.812],
            [35.365, -19.495],
            [35.855, -18.993],
            [36.125, -18.842],
            [36.236, -18.861],
            [36.261, -18.72],
            [36.326, -18.793],
            [36.405, -18.769],
            [36.539, -18.517],
            [36.899, -18.128],
            [36.938, -17.993],
            [37.511, -17.571],
            [38.144, -17.243],
            [39.084, -16.972],
            [39.242, -16.792],
            [39.843, -16.436],
            [39.789, -16.295],
            [39.984, -16.226],
            [40.11, -15.979],
            [40.56, -15.474],
            [40.65, -15.261],
            [40.617, -15.115],
            [40.833, -14.792],
            [40.819, -14.467],
            [40.725, -14.42],
            [40.646, -14.538],
            [40.715, -14.214],
            [40.596, -14.123],
            [40.567, -12.985],
            [40.437, -12.983],
            [40.434, -12.936],
            [40.553, -12.825],
            [40.581, -12.636],
            [40.488, -12.492],
            [40.531, -12.004],
            [40.434, -11.657],
            [40.466, -11.45],
            [40.401, -11.332],
            [40.596, -10.83],
            [40.488, -10.764],
            [40.61, -10.662],
            [40.387, -10.353],
            [40.085, -10.157],
            [39.984, -10.16],
            [39.865, -10.021],
            [39.725, -10],
            [39.775, -9.837],
            [39.624, -9.41],
            [39.642, -9.193],
            [39.451, -8.943],
            [39.487, -8.862],
            [39.379, -8.721],
            [39.303, -8.443],
            [39.44, -8.011],
            [39.429, -7.813],
            [39.332, -7.747],
            [39.285, -7.787],
            [39.289, -7.518],
            [39.545, -7.023],
            [39.473, -6.879],
            [39.289, -6.815],
            [39.127, -6.556],
            [38.875, -6.331],
            [38.803, -6.07],
            [39.228, -4.666],
            [39.375, -4.626],
            [39.491, -4.478],
            [39.861, -3.577],
            [40.117, -3.251],
            [40.221, -2.688],
            [40.405, -2.557],
            [40.643, -2.539],
            [40.812, -2.392],
            [40.923, -2.194],
            [40.891, -2.024],
            [40.952, -2.057],
            [40.995, -1.951],
            [41.107, -1.982],
            [41.388, -1.867],
            [41.733, -1.43],
            [41.978, -0.973],
            [43.717, 0.858],
            [44.919, 1.81],
            [46.05, 2.474],
            [46.878, 3.285],
            [47.976, 4.497],
            [49.049, 6.174],
            [49.236, 6.778],
            [49.671, 7.469],
            [49.851, 7.962],
            [50.104, 8.2],
            [50.431, 8.846],
            [50.824, 9.429],
            [50.932, 10.335],
            [51.209, 10.431],
            [51.389, 10.422],
            [51.194, 10.554],
            [51.187, 10.479],
            [51.032, 10.444],
            [51.14, 10.656],
            [51.083, 11.335],
            [51.256, 11.831],
            [50.791, 11.984],
            [50.636, 11.944],
            [50.467, 11.727],
            [50.111, 11.529],
            [49.063, 11.271],
            [48.573, 11.321],
            [48.019, 11.139],
            [47.713, 11.113],
            [47.403, 11.174],
            [46.565, 10.746],
            [45.816, 10.835],
            [44.945, 10.437],
            [44.279, 10.472],
            [43.854, 10.785],
            [43.44, 11.347],
            [43.163, 11.566],
            [42.911, 11.587],
            [42.54, 11.505],
            [42.522, 11.573],
            [42.641, 11.561],
            [42.799, 11.739],
            [43.335, 12.028],
            [43.411, 12.189],
            [43.353, 12.366],
            [43.13, 12.661],
            [43.083, 12.824],
            [43.001, 12.899],
            [42.968, 12.809],
            [42.795, 12.864],
            [42.734, 13.019],
            [42.522, 13.222],
            [42.399, 13.213],
            [42.245, 13.588],
            [41.658, 13.982],
            [41.175, 14.62],
            [40.801, 14.743],
            [40.545, 14.934],
            [40.203, 15.014],
            [40.085, 15.152],
            [40.041, 15.335],
            [39.865, 15.47],
            [39.786, 15.125],
            [39.3, 15.922],
            [39.033, 17.086],
            [38.573, 18.072],
            [38.285, 18.286],
            [38.202, 18.249],
            [37.921, 18.557],
            [37.471, 18.821],
            [37.248, 19.583],
            [37.194, 20.121],
            [37.226, 20.557],
            [37.14, 20.982],
            [37.151, 21.103],
            [37.259, 21.039],
            [37.259, 21.109],
            [36.927, 21.586],
            [36.87, 22.017],
            [36.416, 22.393],
            [36.229, 22.629],
            [35.912, 22.739],
            [35.696, 22.945],
            [35.523, 23.442],
            [35.505, 23.779],
            [35.541, 23.921],
            [35.783, 23.938],
            [35.477, 24.155],
            [35.196, 24.475],
            [34.566, 25.692],
            [33.957, 26.648],
            [33.849, 27.185],
            [33.551, 27.607],
            [33.547, 27.898],
            [33.201, 28.209],
            [32.658, 28.928],
            [32.6, 29.322],
            [32.359, 29.631],
            [32.462, 29.817],
            [32.277, 30.282],
            [32.174, 31.11],
            [32.103, 31.092],
            [32.01, 31.221],
            [31.772, 31.292],
            [31.891, 31.483],
            [32.136, 31.341],
            [31.963, 31.502],
            [31.887, 31.542],
            [31.524, 31.459],
            [31.085, 31.603],
            [31.002, 31.462],
            [30.563, 31.417],
            [30.923, 31.566],
            [30.397, 31.457],
            [30.224, 31.259],
            [29.929, 31.228],
            [29.428, 30.928],
            [29.072, 30.83],
            [28.514, 31.051],
            [27.967, 31.098],
            [27.83, 31.195],
            [27.538, 31.212],
            [27.247, 31.377],
            [26.768, 31.471],
            [25.893, 31.62],
            [25.382, 31.513],
            [25.227, 31.533],
            [25.026, 31.884],
            [24.878, 31.985],
            [24.129, 32.009],
            [23.798, 32.158],
            [23.287, 32.214],
            [23.107, 32.332],
            [23.089, 32.618],
            [22.189, 32.919],
            [21.634, 32.938],
            [21.426, 32.799],
            [21.062, 32.776],
            [20.623, 32.58],
            [20.122, 32.219],
            [19.928, 31.818],
            [19.96, 31.556],
            [20.151, 31.079],
            [20.014, 30.801],
            [19.59, 30.414],
            [19.291, 30.289],
            [18.938, 30.29],
            [18.672, 30.415],
            [18.189, 30.776],
            [17.829, 30.928],
            [16.782, 31.214],
            [16.123, 31.264],
            [15.705, 31.426],
            [15.496, 31.657],
            [15.363, 31.971],
            [15.36, 32.16],
            [15.176, 32.391],
            [14.514, 32.511],
            [14.157, 32.71],
            [13.282, 32.915],
            [12.753, 32.801],
            [12.282, 32.858],
            [11.814, 33.094],
            [11.202, 33.249],
            [11.259, 33.309],
            [11.151, 33.37],
            [11.086, 33.563],
            [10.957, 33.627],
            [10.899, 33.533],
            [10.723, 33.514],
            [10.712, 33.69],
            [10.453, 33.662],
            [10.305, 33.728],
            [10.158, 33.849],
            [10.05, 34.056],
            [10.064, 34.212],
            [10.69, 34.679],
            [11.119, 35.24],
            [11.043, 35.335],
            [11.004, 35.634],
            [10.59, 35.887],
            [10.507, 36.033],
            [10.489, 36.255],
            [10.798, 36.493],
            [11.126, 36.873],
            [11.054, 37.073],
            [10.953, 37.059],
            [10.572, 36.88],
            [10.413, 36.731],
            [10.294, 36.781],
            [10.334, 36.865],
            [10.19, 37.033],
            [10.197, 37.207],
            [9.877, 37.254],
            [9.895, 37.182],
            [9.83, 37.135],
            [9.783, 37.212],
            [9.837, 37.309],
            [9.689, 37.34],
            [9.142, 37.195],
            [8.822, 36.998],
            [7.911, 36.856],
            [7.432, 37.059],
            [7.205, 37.092],
            [7.238, 36.969],
            [6.928, 36.92],
            [6.575, 37.004],
            [6.485, 37.085],
            [6.064, 36.865],
            [5.294, 36.648],
            [4.757, 36.896],
            [3.778, 36.896],
            [3.519, 36.795],
            [2.972, 36.785],
            [2.594, 36.601],
            [1.258, 36.519],
            [0.311, 36.162],
            [-0.049, 35.833],
            [-0.427, 35.861],
            [-0.916, 35.669],
            [-1.337, 35.365],
            [-1.913, 35.094],
            [-2.839, 35.129],
            [-2.972, 35.406],
            [-3.206, 35.24],
            [-3.393, 35.212],
            [-3.692, 35.28],
            [-4.329, 35.162],
            [-4.628, 35.207],
            [-4.837, 35.281],
            [-5.254, 35.615],
            [-5.337, 35.745],
            [-5.279, 35.903],
            [-5.398, 35.931],
            [-5.924, 35.787],
            [-6.352, 34.776],
            [-6.899, 33.969],
            [-8.512, 33.252],
            [-9.247, 32.573],
            [-9.347, 32.087],
            [-9.675, 31.71],
            [-9.808, 31.424],
            [-9.877, 30.717],
            [-9.653, 30.448],
            [-9.668, 30.11],
            [-10.201, 29.381],
            [-10.485, 29.065],
            [-11.083, 28.714],
            [-11.554, 28.31],
            [-11.986, 28.129],
            [-12.948, 27.914],
            [-13.174, 27.655],
            [-13.578, 26.735],
            [-14.168, 26.416],
            [-14.47, 26.162],
            [-14.524, 25.926],
            [-14.794, 25.404],
            [-14.906, 24.72],
            [-15.9, 23.845],
            [-15.982, 23.671],
            [-15.802, 23.843],
            [-15.788, 23.793],
            [-16.209, 23.098],
            [-16.17, 23.032],
            [-16.303, 22.834],
            [-16.36, 22.595],
            [-16.515, 22.334],
            [-16.792, 22.159],
            [-16.929, 21.9],
            [-17.098, 20.857],
            [-17.048, 20.807],
            [-16.998, 21.039],
            [-16.929, 21.116],
            [-16.875, 21.086],
            [-16.623, 20.635],
            [-16.562, 20.604],
            [-16.53, 20.709],
            [-16.429, 20.652],
            [-16.209, 20.229],
            [-16.285, 19.788],
            [-16.443, 19.473],
            [-16.306, 19.513],
            [-16.371, 19.411],
            [-16.515, 19.362],
            [-16.213, 19.003],
            [-16.087, 18.522],
            [-16.029, 17.888],
            [-16.08, 17.546],
            [-16.465, 16.602],
            [-16.569, 15.734],
            [-17.149, 14.922],
            [-17.534, 14.755]
          ]
        ]
      }
    },
    {
      "type": "Feature",
      "properties": {},
      "geometry": {
        "type": "Polygon",
        "coordinates": [
          [
            [-9.481, 38.799],
            [-9.473, 38.731],
            [-9.358, 38.698],
            [-9.135, 38.743],
            [-8.955, 39.016],
            [-8.793, 39.078],
            [-8.937, 38.998],
            [-9.02, 38.746],
            [-9.25, 38.656],
            [-9.214, 38.448],
            [-8.8, 38.517],
            [-8.667, 38.424],
            [-8.879, 38.446],
            [-8.811, 38.3],
            [-8.879, 37.958],
            [-8.793, 37.733],
            [-8.815, 37.431],
            [-8.998, 37.033],
            [-8.599, 37.122],
            [-7.835, 37.005],
            [-7.493, 37.168],
            [-6.975, 37.198],
            [-6.863, 37.28],
            [-6.885, 37.195],
            [-6.493, 36.955],
            [-6.395, 36.832],
            [-6.215, 36.913],
            [-6.413, 36.729],
            [-6.385, 36.637],
            [-6.269, 36.597],
            [-6.226, 36.427],
            [-6.039, 36.188],
            [-5.625, 36.026],
            [-5.463, 36.073],
            [-5.445, 36.151],
            [-5.362, 36.136],
            [-5.171, 36.424],
            [-4.675, 36.507],
            [-4.369, 36.719],
            [-3.829, 36.755],
            [-3.433, 36.708],
            [-3.148, 36.759],
            [-2.788, 36.715],
            [-2.453, 36.832],
            [-2.187, 36.745],
            [-1.939, 36.946],
            [-1.798, 37.233],
            [-1.64, 37.387],
            [-1.327, 37.561],
            [-0.722, 37.63],
            [-0.815, 37.769],
            [-0.52, 38.318],
            [0.2, 38.759],
            [-0.203, 39.062],
            [-0.326, 39.519],
            [0.596, 40.614],
            [0.891, 40.722],
            [0.715, 40.823],
            [1.031, 41.062],
            [2.083, 41.288],
            [2.309, 41.467],
            [3.004, 41.767],
            [3.249, 41.944],
            [3.166, 42.257],
            [3.307, 42.29],
            [3.091, 42.592],
            [3.044, 42.838],
            [3.26, 43.192],
            [4.052, 43.593],
            [4.225, 43.479],
            [4.711, 43.373],
            [5.06, 43.444],
            [5.074, 43.366],
            [5.319, 43.345],
            [5.405, 43.229],
            [5.809, 43.099],
            [6.115, 43.073],
            [6.572, 43.199],
            [6.716, 43.373],
            [7.263, 43.696],
            [8.005, 43.876],
            [8.552, 44.347],
            [8.764, 44.421],
            [9.29, 44.319],
            [10.186, 43.948],
            [10.32, 43.514],
            [10.521, 43.205],
            [10.514, 42.967],
            [10.708, 42.935],
            [11.169, 42.534],
            [11.184, 42.456],
            [11.104, 42.416],
            [11.14, 42.39],
            [11.295, 42.423],
            [11.637, 42.288],
            [11.806, 42.081],
            [12.076, 41.941],
            [12.631, 41.47],
            [12.85, 41.41],
            [13.041, 41.265],
            [13.732, 41.236],
            [14.046, 40.812],
            [14.308, 40.812],
            [14.46, 40.729],
            [14.341, 40.599],
            [14.766, 40.668],
            [14.949, 40.469],
            [14.949, 40.239],
            [15.295, 40.069],
            [15.586, 40.054],
            [15.694, 39.989],
            [16.022, 39.354],
            [16.108, 39.024],
            [16.209, 38.941],
            [16.198, 38.759],
            [15.972, 38.712],
            [15.878, 38.615],
            [15.903, 38.484],
            [15.824, 38.304],
            [15.644, 38.175],
            [15.648, 38.035],
            [15.723, 37.939],
            [16.058, 37.941],
            [16.281, 38.25],
            [16.544, 38.41],
            [16.558, 38.715],
            [16.616, 38.8],
            [16.951, 38.939],
            [17.098, 38.92],
            [17.174, 38.998],
            [17.113, 39.38],
            [16.825, 39.578],
            [16.598, 39.639],
            [16.522, 39.748],
            [16.67, 40.137],
            [16.929, 40.458],
            [17.181, 40.503],
            [17.257, 40.399],
            [17.476, 40.314],
            [17.865, 40.279],
            [18.078, 39.937],
            [18.344, 39.821],
            [18.484, 40.104],
            [18.459, 40.22],
            [17.955, 40.654],
            [17.473, 40.84],
            [17.102, 41.062],
            [15.9, 41.512],
            [15.914, 41.621],
            [16.152, 41.758],
            [16.166, 41.896],
            [15.169, 41.934],
            [14.542, 42.245],
            [14.01, 42.689],
            [13.563, 43.571],
            [12.692, 43.994],
            [12.397, 44.224],
            [12.249, 44.722],
            [12.278, 44.833],
            [12.386, 44.798],
            [12.523, 44.968],
            [12.224, 45.241],
            [12.274, 45.446],
            [12.49, 45.546],
            [12.537, 45.545],
            [12.433, 45.468],
            [13.03, 45.637],
            [13.207, 45.772],
            [13.466, 45.71],
            [13.628, 45.77],
            [13.783, 45.628],
            [13.516, 45.482],
            [13.628, 45.109],
            [13.862, 44.838],
            [13.966, 44.836],
            [14.312, 45.338],
            [14.55, 45.298],
            [14.856, 45.081],
            [14.895, 44.706],
            [14.982, 44.604],
            [15.471, 44.272],
            [15.122, 44.257],
            [15.187, 44.171],
            [15.5, 43.909],
            [15.943, 43.656],
            [15.986, 43.52],
            [16.393, 43.543],
            [16.904, 43.392],
            [17.725, 42.85],
            [17.221, 43.026],
            [17.044, 43.015],
            [17.826, 42.797],
            [18.517, 42.434],
            [18.646, 42.442],
            [18.632, 42.378],
            [18.895, 42.25],
            [19.186, 41.949],
            [19.579, 41.788],
            [19.575, 41.64],
            [19.442, 41.425],
            [19.46, 40.934],
            [19.338, 40.663],
            [19.46, 40.406],
            [19.323, 40.408],
            [19.399, 40.285],
            [19.852, 40.043],
            [20, 39.71],
            [20.191, 39.545],
            [20.302, 39.326],
            [20.781, 39.009],
            [21.12, 39.029],
            [21.112, 38.896],
            [20.893, 38.941],
            [20.778, 38.927],
            [20.767, 38.875],
            [20.778, 38.807],
            [20.994, 38.654],
            [21.112, 38.385],
            [21.303, 38.373],
            [21.332, 38.488],
            [21.472, 38.321],
            [21.966, 38.413],
            [22.318, 38.358],
            [22.423, 38.439],
            [22.833, 38.234],
            [23.15, 38.175],
            [23.182, 38.134],
            [23.121, 38.073],
            [22.894, 38.05],
            [22.92, 37.958],
            [21.825, 38.328],
            [21.66, 38.175],
            [21.404, 38.196],
            [21.307, 38.028],
            [21.123, 37.892],
            [21.289, 37.774],
            [21.328, 37.67],
            [21.57, 37.542],
            [21.678, 37.387],
            [21.584, 37.082],
            [21.894, 36.738],
            [21.955, 36.99],
            [22.081, 37.03],
            [22.376, 36.701],
            [22.376, 36.514],
            [22.426, 36.476],
            [22.491, 36.446],
            [22.488, 36.568],
            [22.61, 36.78],
            [22.718, 36.793],
            [22.984, 36.528],
            [23.161, 36.448],
            [23.042, 36.644],
            [23.06, 36.854],
            [22.725, 37.542],
            [22.776, 37.585],
            [22.941, 37.517],
            [23.096, 37.441],
            [23.161, 37.333],
            [23.488, 37.441],
            [23.395, 37.58],
            [23.197, 37.62],
            [23.146, 37.795],
            [23.035, 37.878],
            [23.503, 38.035],
            [24.021, 37.677],
            [24.025, 38.141],
            [23.967, 38.274],
            [23.683, 38.352],
            [23.571, 38.49],
            [23.37, 38.526],
            [23.254, 38.661],
            [22.57, 38.868],
            [22.804, 38.901],
            [23.067, 39.038],
            [22.966, 39.031],
            [22.887, 39.17],
            [22.84, 39.259],
            [22.92, 39.305],
            [23.161, 39.259],
            [23.154, 39.101],
            [23.326, 39.175],
            [23.233, 39.359],
            [22.977, 39.564],
            [22.837, 39.8],
            [22.592, 40.036],
            [22.628, 40.496],
            [22.923, 40.59],
            [22.851, 40.491],
            [22.898, 40.399],
            [23.312, 40.217],
            [23.395, 39.989],
            [23.629, 39.923],
            [23.676, 39.958],
            [23.434, 40.116],
            [23.388, 40.222],
            [23.427, 40.264],
            [23.665, 40.224],
            [23.946, 39.965],
            [24, 40.024],
            [23.967, 40.114],
            [23.73, 40.33],
            [23.913, 40.359],
            [24.342, 40.147],
            [24.212, 40.328],
            [23.866, 40.418],
            [23.83, 40.481],
            [23.877, 40.545],
            [23.744, 40.677],
            [23.762, 40.748],
            [24.082, 40.724],
            [24.478, 40.948],
            [24.792, 40.857],
            [25.105, 40.995],
            [25.857, 40.844],
            [26.012, 40.769],
            [26.106, 40.611],
            [26.793, 40.627],
            [26.253, 40.314],
            [26.203, 40.075],
            [26.772, 40.498],
            [27.258, 40.687],
            [27.499, 40.974],
            [27.924, 40.991],
            [28.172, 41.081],
            [28.78, 40.974],
            [28.957, 41.009],
            [29.058, 41.229],
            [28.197, 41.555],
            [27.988, 41.856],
            [27.981, 42.047],
            [27.708, 42.35],
            [27.484, 42.468],
            [27.754, 42.706],
            [27.888, 42.75],
            [27.927, 43.185],
            [28.132, 43.396],
            [28.464, 43.389],
            [28.561, 43.501],
            [28.658, 43.984],
            [28.644, 44.296],
            [28.888, 44.574],
            [28.806, 44.566],
            [28.932, 44.967],
            [29.094, 44.975],
            [29.047, 44.758],
            [29.558, 44.843],
            [29.727, 45.343],
            [29.601, 45.6],
            [29.63, 45.722],
            [30.221, 45.868],
            [30.656, 46.267],
            [30.797, 46.552],
            [31.401, 46.628],
            [31.563, 46.777],
            [31.531, 46.664],
            [31.873, 46.651],
            [31.913, 46.927],
            [31.758, 47.213],
            [31.941, 46.982],
            [31.945, 46.784],
            [32.046, 46.642],
            [32.355, 46.565],
            [32.579, 46.616],
            [32.363, 46.475],
            [31.556, 46.555],
            [32.01, 46.43],
            [31.992, 46.364],
            [31.779, 46.324],
            [31.83, 46.282],
            [32.035, 46.262],
            [32.478, 46.083],
            [33.201, 46.177],
            [33.428, 46.057],
            [33.594, 46.097],
            [33.666, 45.947],
            [33.144, 45.75],
            [32.507, 45.404],
            [32.611, 45.328],
            [32.917, 45.349],
            [33.187, 45.194],
            [33.392, 45.187],
            [33.554, 45.097],
            [33.612, 44.908],
            [33.45, 44.553],
            [33.655, 44.434],
            [33.911, 44.387],
            [34.281, 44.538],
            [34.469, 44.722],
            [34.717, 44.807],
            [35.088, 44.803],
            [35.473, 45.099],
            [35.678, 45.102],
            [35.869, 45.005],
            [36.395, 45.066],
            [36.575, 45.394],
            [36.171, 45.453],
            [36.013, 45.371],
            [35.833, 45.402],
            [35.459, 45.316],
            [35.023, 45.701],
            [34.857, 45.987],
            [34.85, 46.19],
            [35.063, 46.267],
            [35.232, 46.44],
            [35.279, 46.279],
            [35.016, 46.105],
            [35.203, 46.17],
            [35.401, 46.381],
            [35.826, 46.624],
            [36.279, 46.659],
            [36.56, 46.763],
            [36.794, 46.715],
            [37.046, 46.876],
            [37.341, 46.916],
            [37.543, 47.074],
            [38.177, 47.081],
            [38.576, 47.239],
            [38.763, 47.262],
            [38.551, 47.15],
            [38.67, 47.144],
            [38.929, 47.177],
            [39.023, 47.272],
            [39.195, 47.269],
            [39.271, 47.045],
            [38.439, 46.814],
            [38.501, 46.664],
            [38.231, 46.701],
            [37.968, 46.618],
            [37.766, 46.637],
            [37.914, 46.406],
            [38.079, 46.394],
            [38.493, 46.09],
            [38.184, 46.095],
            [38.079, 45.935],
            [38.015, 46.048],
            [37.932, 46.001],
            [37.842, 45.8],
            [37.611, 45.566],
            [37.611, 45.5],
            [37.673, 45.489],
            [37.647, 45.378],
            [37.215, 45.272],
            [36.866, 45.427],
            [36.722, 45.371],
            [36.942, 45.289],
            [36.629, 45.151],
            [37.205, 44.972],
            [37.496, 44.696],
            [37.853, 44.699],
            [38.18, 44.42],
            [38.717, 44.288],
            [39.872, 43.474],
            [40.463, 43.146],
            [40.837, 43.064],
            [41.129, 42.828],
            [41.42, 42.738],
            [41.762, 41.885],
            [41.701, 41.705],
            [41.413, 41.423],
            [40.265, 40.962],
            [39.807, 40.982],
            [39.426, 41.106],
            [38.382, 40.925],
            [37.068, 41.184],
            [36.776, 41.363],
            [36.405, 41.274],
            [36.179, 41.427],
            [36.053, 41.682],
            [35.919, 41.713],
            [35.559, 41.633],
            [35.297, 41.729],
            [35.124, 41.89],
            [35.156, 42.028],
            [35.005, 42.064],
            [34.749, 41.956],
            [33.381, 42.017],
            [32.305, 41.729],
            [31.459, 41.319],
            [31.254, 41.107],
            [30.811, 41.085],
            [30.347, 41.198],
            [29.918, 41.151],
            [29.148, 41.22],
            [29.047, 41.007],
            [29.115, 40.937],
            [29.364, 40.809],
            [29.846, 40.738],
            [29.054, 40.649],
            [28.788, 40.535],
            [29.054, 40.423],
            [29.007, 40.39],
            [27.963, 40.37],
            [27.988, 40.489],
            [27.873, 40.514],
            [27.733, 40.481],
            [27.848, 40.382],
            [27.729, 40.328],
            [27.477, 40.319],
            [27.283, 40.456],
            [26.739, 40.401],
            [26.314, 40.024],
            [26.181, 39.989],
            [26.095, 39.521],
            [26.113, 39.467],
            [26.898, 39.55],
            [26.682, 39.292],
            [26.854, 39.116],
            [26.815, 38.962],
            [27.013, 38.887],
            [26.764, 38.71],
            [26.908, 38.481],
            [27.142, 38.451],
            [26.862, 38.373],
            [26.728, 38.418],
            [26.674, 38.335],
            [26.595, 38.418],
            [26.588, 38.557],
            [26.44, 38.641],
            [26.372, 38.562],
            [26.415, 38.368],
            [26.343, 38.37],
            [26.289, 38.278],
            [26.581, 38.149],
            [26.682, 38.198],
            [26.88, 38.056],
            [27.232, 37.979],
            [27.225, 37.726],
            [27.067, 37.658],
            [27.15, 37.604],
            [27.218, 37.389],
            [27.52, 37.248],
            [27.535, 37.163],
            [27.301, 37.127],
            [27.261, 36.976],
            [28.244, 37.03],
            [28.006, 36.832],
            [27.466, 36.747],
            [27.542, 36.684],
            [28.086, 36.752],
            [28.021, 36.634],
            [28.111, 36.646],
            [28.305, 36.813],
            [28.816, 36.675],
            [28.971, 36.715],
            [29.04, 36.693],
            [29.223, 36.325],
            [29.688, 36.156],
            [30.231, 36.307],
            [30.447, 36.269],
            [30.645, 36.866],
            [31.239, 36.821],
            [32.021, 36.535],
            [32.377, 36.184],
            [32.795, 36.037],
            [33.695, 36.182],
            [33.954, 36.295],
            [34.299, 36.604],
            [34.703, 36.816],
            [35.394, 36.575],
            [35.538, 36.597],
            [35.66, 36.724],
            [36.049, 36.91],
            [36.179, 36.807],
            [36.189, 36.66],
            [35.811, 36.309],
            [35.955, 35.998],
            [35.84, 35.849],
            [35.765, 35.571],
            [35.901, 35.42],
            [35.945, 35.224],
            [35.887, 34.948],
            [35.977, 34.547],
            [35.649, 34.249],
            [35.613, 34.032],
            [35.109, 33.084],
            [34.677, 31.896],
            [34.483, 31.592],
            [34.177, 31.304],
            [33.666, 31.131],
            [33.194, 31.084],
            [33.129, 31.169],
            [32.604, 31.068],
            [32.426, 31.179],
            [32.445, 30.712],
            [32.703, 29.865],
            [32.656, 29.765],
            [32.723, 29.521],
            [33.129, 28.978],
            [33.248, 28.568],
            [33.759, 28.047],
            [34.22, 27.765],
            [34.4, 28.016],
            [34.447, 28.357],
            [34.616, 28.758],
            [34.735, 29.271],
            [34.973, 29.554],
            [34.778, 28.508],
            [34.623, 28.065],
            [34.721, 28.131],
            [35.181, 28.035],
            [36.251, 26.594],
            [36.517, 26.105],
            [36.675, 26.039],
            [36.762, 25.751],
            [36.92, 25.641],
            [37.151, 25.291],
            [37.266, 24.961],
            [37.179, 24.82],
            [37.543, 24.291],
            [37.921, 24.185],
            [38.465, 23.713],
            [39.062, 22.593],
            [39.095, 22.393],
            [38.987, 21.881],
            [39.149, 21.518],
            [39.095, 21.31],
            [39.275, 20.973],
            [39.728, 20.39],
            [39.883, 20.293],
            [40.081, 20.267],
            [40.758, 19.755],
            [41.118, 19.083],
            [41.229, 18.678],
            [41.431, 18.453],
            [41.658, 18.008],
            [42.295, 17.435],
            [42.385, 17.123],
            [42.698, 16.737],
            [42.839, 16.033],
            [42.716, 15.654],
            [42.788, 15.265],
            [42.698, 15.326],
            [42.659, 15.232],
            [42.857, 15.133],
            [42.936, 14.939],
            [43.091, 14.01],
            [43.235, 13.859],
            [43.281, 13.692],
            [43.231, 13.267],
            [43.476, 12.838],
            [43.487, 12.699],
            [43.634, 12.745],
            [44.005, 12.607],
            [44.358, 12.67],
            [44.617, 12.818],
            [44.754, 12.764],
            [45.038, 12.816],
            [45.164, 12.998],
            [45.395, 13.068],
            [45.657, 13.338],
            [46.788, 13.465],
            [47.407, 13.661],
            [47.99, 14.048],
            [48.278, 13.998],
            [48.667, 14.05],
            [48.93, 14.267],
            [49.049, 14.456],
            [49.351, 14.639],
            [49.905, 14.828],
            [50.168, 14.85],
            [50.528, 15.038],
            [51.324, 15.227],
            [52.217, 15.656],
            [52.174, 15.956],
            [52.238, 16.171],
            [52.58, 16.47],
            [53.297, 16.724],
            [53.61, 16.76],
            [54.067, 17.005],
            [54.568, 17.031],
            [54.773, 16.965],
            [55.064, 17.04],
            [55.277, 17.321],
            [55.255, 17.586],
            [55.478, 17.843],
            [56.382, 17.987],
            [56.551, 18.166],
            [56.656, 18.588],
            [56.825, 18.753],
            [57.178, 18.902],
            [57.811, 19.017],
            [57.714, 19.678],
            [57.862, 20.244],
            [58.171, 20.59],
            [58.247, 20.6],
            [58.211, 20.425],
            [58.474, 20.407],
            [58.895, 21.112],
            [59.37, 21.499],
            [59.798, 22.22],
            [59.824, 22.51],
            [59.431, 22.661],
            [58.772, 23.517],
            [58.578, 23.643],
            [58.326, 23.624],
            [57.221, 23.923],
            [56.911, 24.15],
            [56.641, 24.47],
            [56.371, 25.018],
            [56.364, 25.57],
            [56.299, 25.65],
            [56.375, 25.805],
            [56.414, 26.351],
            [56.306, 26.235],
            [56.166, 26.207],
            [55.943, 25.794],
            [55.522, 25.497],
            [55.097, 25.041],
            [54.748, 24.81],
            [54.398, 24.279],
            [54.146, 24.171],
            [53.801, 24.07],
            [52.649, 24.155],
            [52.12, 23.971],
            [51.842, 24.011],
            [51.767, 24.254],
            [51.666, 24.251],
            [51.605, 24.338],
            [51.536, 24.286],
            [51.31, 24.341],
            [51.418, 24.53],
            [51.266, 24.607],
            [51.428, 24.668],
            [51.608, 25.053],
            [51.486, 25.525],
            [51.572, 25.78],
            [51.544, 25.902],
            [51.263, 26.154],
            [51.004, 25.982],
            [50.762, 25.445],
            [50.845, 24.888],
            [50.806, 24.789],
            [50.557, 25.086],
            [50.456, 25.424],
            [50.24, 25.622],
            [50.082, 25.961],
            [50.032, 26.11],
            [50.154, 26.1],
            [50.215, 26.308],
            [50.186, 26.405],
            [50.028, 26.527],
            [50.01, 26.678],
            [50.15, 26.662],
            [49.985, 26.829],
            [49.718, 26.956],
            [49.538, 27.152],
            [49.405, 27.181],
            [49.175, 27.438],
            [49.236, 27.492],
            [48.797, 27.725],
            [48.807, 27.896],
            [48.185, 28.98],
            [48.051, 29.355],
            [47.724, 29.393],
            [47.969, 29.617],
            [48.145, 29.572],
            [48.005, 29.836],
            [47.983, 30.011],
            [48.141, 30.04],
            [48.455, 29.938],
            [48.833, 30.035],
            [48.919, 30.12],
            [48.915, 30.398],
            [49.038, 30.45],
            [49.002, 30.506],
            [49.225, 30.473],
            [49.247, 30.412],
            [49.189, 30.375],
            [49.002, 30.374],
            [49.556, 30.028],
            [50.071, 30.198],
            [50.168, 29.921],
            [50.651, 29.421],
            [50.676, 29.146],
            [50.878, 29.063],
            [50.842, 28.928],
            [51.061, 28.726],
            [51.094, 28.513],
            [51.277, 28.131],
            [51.518, 27.91],
            [51.666, 27.844],
            [52.03, 27.824],
            [52.476, 27.617],
            [52.692, 27.324],
            [53.455, 26.943],
            [53.707, 26.726],
            [54.247, 26.697],
            [54.758, 26.506],
            [55.295, 26.785],
            [55.424, 26.77],
            [55.651, 26.978],
            [55.943, 27.037],
            [56.119, 27.143],
            [56.357, 27.2],
            [56.728, 27.127],
            [56.911, 26.994],
            [57.037, 26.801],
            [57.106, 26.372],
            [57.336, 25.791],
            [57.732, 25.725],
            [57.797, 25.654],
            [57.937, 25.692],
            [58.204, 25.591],
            [58.798, 25.555],
            [59.046, 25.417],
            [59.456, 25.482],
            [59.615, 25.404],
            [60.4, 25.312],
            [60.511, 25.437],
            [60.662, 25.282],
            [61.411, 25.102],
            [61.534, 25.195],
            [61.908, 25.131],
            [62.2, 25.225],
            [62.315, 25.134],
            [62.664, 25.265],
            [63.492, 25.211],
            [63.557, 25.353],
            [63.935, 25.343],
            [64.061, 25.404],
            [64.658, 25.185],
            [64.777, 25.308],
            [66.469, 25.445],
            [66.358, 25.508],
            [66.131, 25.494],
            [66.217, 25.589],
            [66.43, 25.575],
            [66.7, 25.226],
            [66.703, 24.86],
            [67.171, 24.756],
            [67.308, 24.174],
            [67.564, 23.881],
            [67.646, 23.919],
            [67.668, 23.812],
            [67.819, 23.827],
            [67.859, 23.902],
            [67.952, 23.829],
            [68.035, 23.848],
            [68.114, 23.753],
            [68.165, 23.857],
            [68.233, 23.596],
            [68.777, 23.852],
            [68.417, 23.572],
            [68.64, 23.19],
            [68.816, 23.053],
            [69.238, 22.848],
            [69.666, 22.76],
            [70.12, 22.947],
            [70.339, 22.94],
            [70.491, 23.089],
            [70.512, 23.003],
            [70.177, 22.572],
            [69.277, 22.286],
            [69.05, 22.437],
            [68.971, 22.291],
            [69.191, 21.992],
            [70.127, 21.095],
            [70.721, 20.741],
            [71.023, 20.739],
            [72.017, 21.156],
            [72.255, 21.531],
            [72.211, 21.728],
            [72.039, 21.822],
            [72.276, 22.09],
            [72.305, 22.188],
            [72.183, 22.27],
            [72.809, 22.234],
            [72.553, 22.161],
            [72.521, 21.977],
            [72.701, 21.971],
            [72.593, 21.878],
            [72.543, 21.697],
            [73.111, 21.751],
            [72.615, 21.461],
            [72.733, 21.472],
            [72.625, 21.373],
            [72.694, 21.178],
            [72.813, 21.117],
            [72.895, 20.673],
            [72.669, 19.831],
            [72.726, 19.578],
            [72.798, 19.52],
            [72.787, 19.362],
            [72.989, 19.277],
            [72.813, 19.3],
            [72.802, 19.079],
            [72.834, 18.975],
            [72.971, 19.154],
            [73.007, 19.02],
            [72.874, 18.644],
            [73.155, 17.621],
            [73.338, 16.46],
            [73.475, 16.053],
            [73.68, 15.71],
            [73.831, 15.659],
            [73.77, 15.573],
            [73.932, 15.397],
            [73.803, 15.397],
            [73.95, 15.074],
            [74.382, 14.495],
            [74.67, 13.668],
            [74.771, 13.078],
            [74.944, 12.564],
            [75.196, 12.057],
            [75.523, 11.703],
            [75.725, 11.361],
            [76.2, 10.201],
            [76.222, 10.024],
            [76.348, 9.922],
            [76.459, 9.536],
            [76.377, 9.54],
            [76.344, 9.828],
            [76.243, 9.927],
            [76.326, 9.451],
            [76.553, 8.903],
            [77.064, 8.316],
            [77.302, 8.146],
            [77.518, 8.078],
            [78.061, 8.384],
            [78.191, 8.891],
            [78.421, 9.104],
            [78.979, 9.269],
            [79.411, 9.193],
            [79.275, 9.285],
            [79.019, 9.333],
            [78.918, 9.453],
            [78.94, 9.566],
            [79.257, 10.035],
            [79.314, 10.257],
            [79.53, 10.33],
            [79.84, 10.323],
            [79.836, 11.269],
            [79.8, 11.338],
            [79.692, 11.312],
            [79.793, 11.446],
            [79.753, 11.575],
            [79.858, 11.989],
            [80.229, 12.691],
            [80.344, 13.361],
            [80.063, 13.606],
            [80.157, 13.713],
            [80.308, 13.486],
            [80.113, 14.212],
            [80.178, 14.479],
            [80.052, 15.074],
            [80.103, 15.324],
            [80.293, 15.711],
            [80.646, 15.895],
            [80.783, 15.868],
            [80.826, 15.765],
            [80.977, 15.758],
            [81.132, 15.961],
            [81.287, 16.336],
            [81.762, 16.329],
            [82.259, 16.56],
            [82.36, 16.783],
            [82.281, 16.935],
            [82.36, 17.097],
            [83.199, 17.609],
            [83.656, 18.071],
            [84.106, 18.293],
            [84.772, 19.126],
            [85.441, 19.626],
            [85.369, 19.678],
            [85.182, 19.595],
            [85.247, 19.758],
            [85.503, 19.888],
            [85.557, 19.867],
            [85.56, 19.753],
            [85.495, 19.697],
            [85.575, 19.692],
            [86.215, 19.895],
            [86.313, 19.987],
            [86.244, 20.053],
            [86.377, 20.006],
            [86.5, 20.171],
            [86.752, 20.314],
            [86.763, 20.419],
            [86.975, 20.701],
            [86.842, 21.107],
            [86.86, 21.237],
            [87.101, 21.501],
            [87.677, 21.654],
            [87.947, 21.826],
            [88.159, 22.123],
            [87.961, 22.254],
            [87.94, 22.374],
            [87.994, 22.265],
            [88.195, 22.14],
            [88.055, 21.694],
            [88.123, 21.636],
            [88.253, 21.623],
            [88.289, 21.758],
            [88.447, 21.614],
            [88.584, 21.659],
            [88.642, 22.123],
            [88.739, 22.006],
            [88.692, 21.734],
            [88.746, 21.584],
            [88.858, 21.744],
            [88.908, 21.654],
            [89.052, 21.654],
            [88.948, 21.939],
            [89.027, 21.937],
            [89.052, 22.093],
            [89.167, 21.784],
            [89.355, 21.722],
            [89.502, 21.914],
            [89.484, 22.275],
            [89.567, 21.767],
            [89.812, 21.984],
            [89.88, 22.388],
            [89.985, 22.466],
            [89.895, 22.308],
            [89.916, 22.116],
            [89.956, 22.024],
            [90.208, 22.157],
            [90.089, 22.017],
            [90.071, 21.886],
            [90.23, 21.829],
            [90.356, 22.048],
            [90.59, 22.258],
            [90.615, 22.362],
            [90.435, 22.753],
            [90.46, 22.881],
            [90.554, 22.905],
            [90.467, 23.055],
            [90.597, 23.135],
            [90.59, 23.267],
            [90.269, 23.456],
            [90.557, 23.421],
            [90.604, 23.591],
            [90.633, 23.095],
            [90.946, 22.596],
            [91.216, 22.642],
            [91.479, 22.885],
            [91.796, 22.298],
            [91.864, 22.35],
            [91.824, 22.228],
            [92.008, 21.685],
            [92.055, 21.175],
            [92.307, 20.791],
            [92.724, 20.296],
            [92.735, 20.562],
            [92.89, 20.34],
            [92.793, 20.211],
            [92.829, 20.178],
            [92.883, 20.152],
            [93.034, 20.406],
            [93.066, 20.378],
            [93.016, 20.185],
            [93.095, 20.182],
            [93.002, 20.074],
            [93.131, 19.859],
            [93.2, 19.899],
            [93.156, 20.041],
            [93.25, 20.071],
            [93.581, 19.909],
            [93.707, 19.913],
            [93.61, 19.775],
            [93.999, 19.44],
            [93.963, 19.329],
            [93.826, 19.239],
            [93.578, 19.4],
            [93.495, 19.369],
            [93.707, 19.027],
            [93.93, 18.9],
            [93.941, 19.145],
            [94.046, 19.288],
            [94.071, 18.894],
            [94.247, 18.741],
            [94.172, 18.732],
            [94.431, 18.201],
            [94.589, 17.569],
            [94.564, 17.309],
            [94.272, 16.517],
            [94.226, 16.017],
            [94.442, 16.095],
            [94.665, 16.336],
            [94.704, 16.512],
            [94.661, 15.904],
            [94.848, 16.033],
            [94.892, 16.184],
            [94.942, 15.819],
            [95.176, 15.826],
            [95.345, 16.097],
            [95.302, 15.757],
            [95.388, 15.724],
            [95.68, 15.977],
            [95.763, 16.17],
            [96.324, 16.444],
            [96.188, 16.769],
            [96.249, 16.765],
            [96.281, 16.597],
            [96.432, 16.505],
            [96.623, 16.564],
            [96.767, 16.71],
            [96.908, 17.031],
            [96.85, 17.203],
            [96.911, 17.305],
            [96.85, 17.401],
            [97.199, 17.095],
            [97.21, 16.892],
            [97.376, 16.522],
            [97.725, 16.569],
            [97.635, 16.458],
            [97.584, 16.019],
            [97.71, 15.876],
            [97.811, 14.859],
            [97.869, 14.739],
            [97.937, 14.764],
            [98.02, 14.652],
            [97.93, 14.696],
            [97.908, 14.652],
            [98.099, 14.161],
            [98.11, 13.713],
            [98.15, 13.647],
            [98.2, 13.981],
            [98.247, 13.734],
            [98.574, 13.161],
            [98.664, 12.663],
            [98.625, 12.441],
            [98.679, 12.349],
            [98.6, 12.245],
            [98.697, 12.226],
            [98.636, 11.738],
            [98.805, 11.779],
            [98.877, 11.72],
            [98.74, 11.592],
            [98.744, 11.24],
            [98.675, 10.986],
            [98.466, 10.675],
            [98.495, 10.182],
            [98.564, 10.035],
            [98.704, 10.191],
            [98.243, 8.767],
            [98.225, 8.544],
            [98.304, 8.226],
            [98.42, 8.179],
            [98.578, 8.344],
            [98.704, 8.257],
            [98.79, 8.059],
            [99.05, 7.887],
            [99.078, 7.719],
            [99.183, 7.719],
            [99.262, 7.618],
            [99.359, 7.372],
            [99.597, 7.356],
            [99.554, 7.219],
            [99.719, 7.106],
            [99.698, 6.877],
            [100.119, 6.441],
            [100.342, 5.985],
            [100.353, 5.587],
            [100.616, 4.651],
            [100.616, 4.374],
            [100.796, 4.023],
            [100.716, 3.966],
            [101.3, 3.254],
            [101.354, 3.011],
            [101.296, 2.886],
            [101.519, 2.684],
            [101.782, 2.573],
            [102.146, 2.249],
            [102.549, 2.042],
            [102.729, 1.856],
            [103.355, 1.546],
            [103.481, 1.329],
            [103.694, 1.45],
            [103.992, 1.455],
            [103.982, 1.624],
            [104.176, 1.365],
            [104.28, 1.415],
            [104.288, 1.481],
            [103.967, 2.261],
            [103.812, 2.58],
            [103.539, 2.775],
            [103.438, 2.933],
            [103.452, 3.521],
            [103.362, 3.769],
            [103.47, 4.393],
            [103.452, 4.669],
            [103.197, 5.262],
            [102.981, 5.525],
            [102.534, 5.863],
            [102.34, 6.172],
            [102.102, 6.242],
            [101.8, 6.474],
            [101.498, 6.865],
            [101.303, 6.908],
            [101.019, 6.861],
            [100.587, 7.176],
            [100.425, 7.188],
            [100.162, 7.599],
            [100.158, 7.728],
            [100.256, 7.774],
            [100.317, 7.715],
            [100.284, 7.552],
            [100.382, 7.542],
            [100.439, 7.281],
            [100.544, 7.228],
            [100.281, 8.269],
            [100.162, 8.509],
            [100.13, 8.429],
            [99.989, 8.589],
            [99.834, 9.288],
            [99.723, 9.314],
            [99.395, 9.214],
            [99.255, 9.266],
            [99.287, 9.415],
            [99.161, 9.734],
            [99.165, 10.319],
            [99.485, 10.889],
            [99.626, 11.463],
            [99.989, 12.17],
            [99.964, 12.691],
            [100.09, 13.045],
            [99.989, 13.243],
            [100.018, 13.354],
            [100.234, 13.484],
            [100.601, 13.567],
            [100.961, 13.432],
            [100.896, 12.654],
            [101.444, 12.62],
            [101.724, 12.689],
            [102.034, 12.531],
            [102.228, 12.331],
            [102.261, 12.394],
            [102.542, 12.109],
            [102.596, 12.203],
            [102.912, 11.703],
            [102.948, 11.774],
            [103.002, 11.71],
            [103.01, 11.588],
            [103.125, 11.46],
            [103.092, 11.212],
            [103.154, 10.913],
            [103.355, 10.922],
            [103.532, 11.148],
            [103.654, 11.059],
            [103.722, 10.891],
            [103.679, 10.759],
            [103.539, 10.668],
            [103.586, 10.552],
            [103.661, 10.509],
            [103.841, 10.58],
            [103.87, 10.654],
            [103.938, 10.587],
            [104.262, 10.542],
            [104.662, 10.17],
            [104.802, 10.203],
            [105.029, 10.068],
            [105.094, 9.901],
            [104.903, 9.816],
            [104.846, 9.606],
            [104.817, 8.802],
            [104.896, 8.747],
            [104.77, 8.597],
            [105.116, 8.629],
            [105.321, 8.8],
            [105.501, 9.094],
            [106.167, 9.396],
            [106.206, 9.502],
            [106.16, 9.594],
            [105.832, 10],
            [106.379, 9.556],
            [106.574, 9.641],
            [106.509, 9.821],
            [106.138, 10.222],
            [106.595, 9.859],
            [106.786, 10.116],
            [106.466, 10.299],
            [106.757, 10.295],
            [106.743, 10.444],
            [106.606, 10.465],
            [106.728, 10.536],
            [106.811, 10.434],
            [106.948, 10.401],
            [107.006, 10.66],
            [107.088, 10.498],
            [107.261, 10.398],
            [107.844, 10.7],
            [108.003, 10.72],
            [108.096, 10.898],
            [108.273, 10.934],
            [108.82, 11.316],
            [108.986, 11.337],
            [109.04, 11.592],
            [109.133, 11.601],
            [109.198, 11.726],
            [109.198, 12],
            [109.248, 11.908],
            [109.259, 11.955],
            [109.205, 12.415],
            [109.306, 12.39],
            [109.22, 12.646],
            [109.335, 12.752],
            [109.446, 12.599],
            [109.425, 12.956],
            [109.27, 13.279],
            [109.248, 13.854],
            [109.288, 13.765],
            [109.302, 13.856],
            [109.086, 14.552],
            [109.086, 14.717],
            [108.82, 15.378],
            [108.579, 15.585],
            [108.266, 16.09],
            [108.028, 16.331],
            [107.834, 16.323],
            [107.726, 16.487],
            [107.182, 16.897],
            [107.121, 17.055],
            [106.354, 17.765],
            [106.48, 17.72],
            [106.498, 17.946],
            [105.89, 18.503],
            [105.623, 18.966],
            [105.792, 19.295],
            [105.814, 19.588],
            [105.983, 19.939],
            [106.167, 19.992],
            [106.52, 20.289],
            [106.552, 20.527],
            [106.754, 20.735],
            [106.682, 21.001],
            [106.887, 20.951],
            [107.074, 20.999],
            [107.164, 20.949],
            [107.355, 21.055],
            [107.409, 21.284],
            [107.808, 21.498],
            [108.248, 21.558],
            [108.323, 21.694],
            [108.446, 21.607],
            [108.503, 21.633],
            [108.478, 21.904],
            [108.593, 21.9],
            [108.615, 21.77],
            [108.773, 21.631],
            [109.101, 21.591],
            [109.083, 21.44],
            [109.346, 21.454],
            [109.544, 21.537],
            [109.522, 21.694],
            [109.688, 21.525],
            [109.76, 21.56],
            [109.828, 21.484],
            [109.932, 21.48],
            [109.922, 21.376],
            [109.781, 21.338],
            [109.68, 21.131],
            [109.662, 20.918],
            [109.86, 20.515],
            [109.968, 20.449],
            [109.983, 20.404],
            [109.886, 20.413],
            [109.94, 20.295],
            [110.347, 20.295],
            [110.451, 20.355],
            [110.512, 20.518],
            [110.314, 20.671],
            [110.365, 20.838],
            [110.181, 20.859],
            [110.156, 20.944],
            [110.375, 21.173],
            [110.411, 21.338],
            [110.458, 21.23],
            [110.566, 21.215],
            [110.771, 21.386],
            [110.998, 21.43],
            [111.016, 21.511],
            [111.319, 21.485],
            [111.603, 21.558],
            [111.776, 21.72],
            [111.873, 21.716],
            [111.945, 21.85],
            [112.305, 21.742],
            [112.391, 21.801],
            [112.359, 21.978],
            [112.586, 21.777],
            [112.809, 21.945],
            [112.953, 21.907],
            [113.09, 22.208],
            [113.147, 22.076],
            [113.547, 22.223],
            [113.59, 22.35],
            [113.554, 22.595],
            [113.331, 22.912],
            [113.443, 22.94],
            [113.446, 23.055],
            [113.518, 23.102],
            [113.619, 23.128],
            [113.619, 22.862],
            [113.828, 22.607],
            [114.015, 22.511],
            [113.903, 22.397],
            [114.267, 22.296],
            [114.335, 22.397],
            [114.267, 22.541],
            [114.339, 22.593],
            [114.555, 22.529],
            [114.544, 22.621],
            [114.652, 22.754],
            [114.749, 22.626],
            [114.854, 22.617],
            [115.196, 22.817],
            [115.498, 22.72],
            [115.642, 22.853],
            [115.851, 22.801],
            [116.157, 22.888],
            [116.251, 22.982],
            [116.47, 22.945],
            [116.539, 23.18],
            [116.701, 23.277],
            [116.629, 23.353],
            [116.863, 23.452],
            [116.909, 23.647],
            [117.082, 23.579],
            [117.291, 23.714],
            [117.367, 23.589],
            [117.467, 23.841],
            [117.629, 23.836],
            [117.741, 24.015],
            [117.838, 24.013],
            [118.058, 24.246],
            [118.025, 24.379],
            [117.878, 24.397],
            [117.842, 24.475],
            [118.007, 24.482],
            [118.087, 24.628],
            [118.295, 24.572],
            [118.655, 24.621],
            [118.72, 24.746],
            [118.637, 24.836],
            [118.907, 24.93],
            [118.954, 25.004],
            [118.915, 25.128],
            [118.976, 25.209],
            [119.285, 25.232],
            [119.17, 25.355],
            [119.181, 25.45],
            [119.422, 25.459],
            [119.624, 25.391],
            [119.541, 25.591],
            [119.649, 25.919],
            [119.62, 26.004],
            [119.332, 25.949],
            [119.138, 26.122],
            [119.462, 26.055],
            [119.879, 26.334],
            [119.786, 26.546],
            [119.638, 26.621],
            [119.588, 26.785],
            [119.71, 26.728],
            [119.825, 26.846],
            [119.883, 26.61],
            [119.969, 26.586],
            [120.088, 26.671],
            [120.139, 26.886],
            [120.279, 27.098],
            [120.607, 27.412],
            [120.589, 27.581],
            [120.833, 27.891],
            [120.747, 28.009],
            [120.959, 28.037],
            [121.147, 28.327],
            [121.215, 28.346],
            [121.273, 28.223],
            [121.51, 28.324],
            [121.611, 28.292],
            [121.474, 28.641],
            [121.661, 28.851],
            [121.539, 28.931],
            [121.679, 28.954],
            [121.449, 29.131],
            [121.535, 29.237],
            [121.719, 29.256],
            [121.917, 29.134],
            [121.967, 29.49],
            [121.888, 29.627],
            [121.507, 29.485],
            [122.083, 29.87],
            [121.679, 29.98],
            [121.431, 30.226],
            [121.258, 30.304],
            [120.905, 30.16],
            [120.632, 30.132],
            [120.495, 30.303],
            [120.196, 30.242],
            [120.448, 30.388],
            [120.823, 30.355],
            [120.999, 30.558],
            [121.42, 30.79],
            [121.877, 30.917],
            [121.661, 31.32],
            [121.057, 31.719],
            [120.787, 31.82],
            [120.715, 31.983],
            [120.499, 32.019],
            [120.193, 31.907],
            [120.034, 31.936],
            [120.52, 32.106],
            [120.79, 32.032],
            [120.974, 31.87],
            [121.352, 31.858],
            [121.679, 31.712],
            [121.867, 31.704],
            [121.856, 31.816],
            [121.751, 31.993],
            [121.402, 32.207],
            [121.402, 32.372],
            [121.341, 32.426],
            [120.855, 32.662],
            [120.869, 33.016],
            [120.506, 33.637],
            [120.268, 34.275],
            [119.584, 34.582],
            [119.35, 34.75],
            [119.203, 34.748],
            [119.167, 34.849],
            [119.429, 35.302],
            [119.721, 35.589],
            [119.98, 35.74],
            [120.056, 35.861],
            [120.286, 35.985],
            [120.095, 36.118],
            [120.182, 36.203],
            [120.329, 36.228],
            [120.329, 36.109],
            [120.394, 36.054],
            [120.639, 36.13],
            [120.711, 36.413],
            [120.895, 36.445],
            [120.812, 36.632],
            [121.053, 36.611],
            [121.931, 36.96],
            [122.162, 36.958],
            [122.241, 36.849],
            [122.342, 36.832],
            [122.518, 36.946],
            [122.446, 37.068],
            [122.587, 37.181],
            [122.572, 37.318],
            [122.666, 37.403],
            [122.338, 37.405],
            [122.057, 37.53],
            [121.964, 37.444],
            [121.64, 37.46],
            [120.751, 37.833],
            [120.257, 37.679],
            [120.311, 37.623],
            [119.883, 37.351],
            [119.887, 37.254],
            [119.761, 37.155],
            [119.451, 37.125],
            [119.113, 37.201],
            [118.954, 37.332],
            [118.99, 37.641],
            [119.087, 37.701],
            [118.94, 38.043],
            [118.799, 38.127],
            [118.544, 38.095],
            [118.015, 38.184],
            [117.655, 38.424],
            [117.554, 38.691],
            [117.784, 39.134],
            [118.04, 39.227],
            [118.299, 39.068],
            [118.627, 39.177],
            [118.976, 39.182],
            [119.224, 39.408],
            [119.39, 39.752],
            [119.591, 39.903],
            [120.481, 40.231],
            [120.772, 40.588],
            [121.175, 40.901],
            [121.73, 40.845],
            [121.834, 40.974],
            [121.859, 40.842],
            [122.14, 40.687],
            [122.263, 40.5],
            [121.802, 39.951],
            [121.517, 39.845],
            [121.474, 39.755],
            [121.517, 39.639],
            [121.269, 39.545],
            [121.276, 39.385],
            [121.82, 39.387],
            [121.629, 39.22],
            [121.679, 39.109],
            [121.107, 38.92],
            [121.165, 38.731],
            [121.651, 38.865],
            [121.676, 39.003],
            [121.982, 39.054],
            [122.335, 39.366],
            [122.839, 39.601],
            [123.58, 39.786],
            [123.652, 39.882],
            [123.76, 39.823],
            [124.106, 39.84],
            [124.351, 40.012],
            [124.347, 39.906],
            [124.556, 39.79],
            [124.639, 39.614],
            [124.732, 39.653],
            [124.775, 39.759],
            [125.362, 39.526],
            [125.409, 39.288],
            [125.168, 38.806],
            [125.553, 38.686],
            [125.308, 38.665],
            [125.067, 38.557],
            [124.88, 38.342],
            [124.876, 38.233],
            [124.693, 38.128],
            [125.207, 38.082],
            [125.247, 38.057],
            [124.988, 37.932],
            [125.312, 37.844],
            [125.359, 37.724],
            [125.582, 37.814],
            [125.769, 37.986],
            [126.05, 37.87],
            [126.118, 37.743],
            [126.37, 37.878],
            [126.633, 37.781],
            [126.565, 37.717],
            [126.651, 37.448],
            [126.791, 37.295],
            [126.745, 37.193],
            [126.871, 36.976],
            [126.975, 36.939],
            [126.871, 36.825],
            [126.784, 36.948],
            [126.485, 37.007],
            [126.215, 36.872],
            [126.161, 36.773],
            [126.179, 36.691],
            [126.388, 36.651],
            [126.489, 36.695],
            [126.539, 36.167],
            [126.694, 36.014],
            [126.647, 35.922],
            [126.752, 35.872],
            [126.716, 35.769],
            [126.489, 35.648],
            [126.615, 35.571],
            [126.493, 35.502],
            [126.291, 35.155],
            [126.421, 34.823],
            [126.593, 34.825],
            [126.471, 34.757],
            [126.525, 34.698],
            [126.302, 34.721],
            [126.266, 34.674],
            [126.482, 34.493],
            [126.532, 34.314],
            [126.755, 34.512],
            [126.896, 34.439],
            [127.249, 34.755],
            [127.259, 34.662],
            [127.173, 34.545],
            [127.324, 34.464],
            [127.479, 34.625],
            [127.389, 34.743],
            [127.403, 34.823],
            [127.522, 34.84],
            [127.634, 34.689],
            [127.717, 34.721],
            [127.742, 34.783],
            [127.641, 34.889],
            [127.713, 34.955],
            [128.037, 35.023],
            [128.095, 34.934],
            [128.444, 34.87],
            [128.419, 35.016],
            [128.512, 35.101],
            [128.98, 35.101],
            [129.214, 35.182],
            [129.419, 35.498],
            [129.563, 35.948],
            [129.574, 36.05],
            [129.459, 36.007],
            [129.405, 36.052],
            [129.473, 36.741],
            [129.419, 37.059],
            [129.337, 37.274],
            [128.62, 38.175],
            [128.329, 38.681],
            [127.785, 39.083],
            [127.396, 39.208],
            [127.421, 39.373],
            [127.522, 39.377],
            [127.569, 39.781],
            [127.868, 39.896],
            [127.965, 39.996],
            [128.303, 40.036],
            [128.512, 40.13],
            [128.703, 40.318],
            [129.11, 40.491],
            [129.34, 40.726],
            [129.707, 40.857],
            [129.765, 41.304],
            [129.686, 41.595],
            [129.758, 41.712],
            [130.237, 42.184],
            [130.456, 42.302],
            [130.636, 42.274],
            [130.73, 42.326],
            [130.834, 42.522],
            [130.708, 42.656],
            [131.158, 42.626],
            [131.796, 43.255],
            [132.012, 43.279],
            [131.868, 43.095],
            [131.947, 43.095],
            [132.31, 43.314],
            [132.303, 42.883],
            [132.71, 42.876],
            [132.865, 42.793],
            [132.998, 42.809],
            [133.16, 42.698],
            [134.01, 42.948],
            [135.133, 43.526],
            [135.482, 43.835],
            [135.532, 43.972],
            [135.874, 44.373],
            [136.141, 44.489],
            [136.252, 44.666],
            [136.803, 45.171],
            [137.685, 45.819],
            [138.106, 46.251],
            [138.211, 46.463],
            [138.337, 46.543],
            [138.585, 47.057],
            [139.003, 47.383],
            [139.374, 47.887],
            [140.112, 48.423],
            [140.223, 48.774],
            [140.378, 48.965],
            [140.324, 49.121],
            [140.518, 49.597],
            [140.464, 49.911],
            [140.623, 50.083],
            [140.536, 50.131],
            [140.475, 50.546],
            [140.522, 50.8],
            [140.67, 51.051],
            [140.688, 51.232],
            [140.932, 51.621],
            [141.368, 51.921],
            [141.386, 52.056],
            [141.487, 52.178],
            [141.134, 52.435],
            [141.246, 52.549],
            [141.256, 52.839],
            [140.839, 53.088],
            [141.181, 53.015],
            [141.4, 53.185],
            [141.375, 53.292],
            [140.688, 53.596],
            [140.346, 53.813],
            [140.18, 54.051],
            [139.795, 54.256],
            [139.32, 54.193],
            [138.697, 54.32],
            [138.7, 53.871],
            [138.661, 53.746],
            [138.452, 53.537],
            [138.25, 53.523],
            [138.571, 53.818],
            [138.528, 53.959],
            [138.38, 53.909],
            [138.254, 53.726],
            [137.952, 53.603],
            [137.253, 53.546],
            [137.221, 53.579],
            [137.516, 53.707],
            [137.646, 53.865],
            [137.836, 53.947],
            [137.34, 54.1],
            [137.667, 54.284],
            [137.379, 54.282],
            [137.142, 54.183],
            [137.095, 54.129],
            [137.257, 54.025],
            [137.156, 53.822],
            [136.72, 53.805],
            [136.684, 53.931],
            [136.821, 54.452],
            [136.796, 54.621],
            [135.853, 54.584],
            [135.259, 54.732],
            [135.212, 54.841],
            [135.262, 54.943],
            [137.692, 56.14],
            [138.661, 56.966],
            [139.802, 57.514],
            [140.004, 57.688],
            [140.446, 57.813],
            [140.792, 58.304],
            [141.602, 58.65],
            [142.027, 59],
            [142.581, 59.24],
            [143.193, 59.37],
            [143.524, 59.344],
            [143.87, 59.412],
            [145.555, 59.414],
            [145.756, 59.374],
            [145.933, 59.198],
            [146.048, 59.171],
            [146.275, 59.221],
            [146.444, 59.431],
            [146.538, 59.457],
            [147.513, 59.268],
            [147.873, 59.388],
            [148.258, 59.414],
            [148.492, 59.263],
            [148.726, 59.257],
            [148.914, 59.283],
            [148.964, 59.368],
            [148.744, 59.374],
            [148.708, 59.448],
            [148.798, 59.532],
            [148.924, 59.474],
            [149.205, 59.488],
            [149.065, 59.631],
            [149.425, 59.761],
            [149.641, 59.771],
            [150.667, 59.556],
            [150.483, 59.495],
            [150.822, 59.46],
            [151.034, 59.585],
            [151.347, 59.561],
            [151.797, 59.323],
            [152.262, 59.224],
            [151.121, 59.082],
            [151.326, 58.875],
            [152.089, 58.91],
            [152.165, 58.997],
            [152.319, 59.03],
            [152.816, 58.926],
            [153.079, 59.082],
            [153.273, 59.091],
            [153.36, 59.214],
            [153.695, 59.224],
            [154.011, 59.075],
            [154.458, 59.216],
            [154.703, 59.141],
            [155.16, 59.19],
            [155.167, 59.36],
            [154.973, 59.45],
            [154.584, 59.54],
            [154.271, 59.474],
            [154.148, 59.528],
            [154.271, 59.658],
            [154.292, 59.834],
            [154.44, 59.884],
            [154.577, 60.096],
            [154.973, 60.377],
            [155.718, 60.683],
            [156.056, 60.995],
            [156.629, 61.273],
            [156.679, 61.481],
            [157.086, 61.676],
            [157.471, 61.799],
            [158.069, 61.754],
            [159.188, 61.929],
            [159.296, 61.913],
            [159.552, 61.719],
            [160.308, 61.894],
            [160.247, 61.648],
            [159.883, 61.292],
            [159.948, 61.129],
            [159.789, 60.957],
            [160.185, 61.047],
            [160.38, 61.025],
            [160.225, 60.832],
            [160.175, 60.639],
            [160.481, 60.74],
            [160.765, 60.754],
            [161.039, 60.962],
            [162.392, 61.662],
            [162.857, 61.705],
            [162.993, 61.544],
            [163.087, 61.57],
            [163.256, 61.7],
            [163.008, 61.792],
            [163.019, 61.891],
            [163.13, 62.051],
            [163.163, 62.259],
            [163.303, 62.373],
            [163.245, 62.455],
            [163.332, 62.551],
            [164.419, 62.705],
            [164.793, 62.571],
            [165.398, 62.493],
            [165.416, 62.446],
            [165.215, 62.448],
            [165.207, 62.373],
            [164.599, 62.471],
            [164.207, 62.292],
            [164.073, 62.045],
            [164.019, 61.71],
            [163.883, 61.641],
            [163.803, 61.462],
            [163.973, 61.42],
            [164.005, 61.344],
            [163.555, 61.026],
            [163.71, 60.917],
            [163.353, 60.801],
            [162.972, 60.783],
            [162.068, 60.466],
            [161.755, 60.153],
            [159.847, 59.127],
            [159.591, 58.804],
            [159.21, 58.52],
            [158.45, 58.164],
            [158.274, 58.009],
            [157.665, 58.02],
            [157.449, 57.799],
            [156.873, 57.804],
            [156.791, 57.749],
            [156.949, 57.615],
            [156.978, 57.466],
            [156.848, 57.29],
            [156.729, 57.152],
            [156.024, 56.752],
            [155.718, 56.072],
            [155.563, 55.199],
            [155.952, 53.744],
            [156.11, 52.865],
            [156.229, 52.626],
            [156.366, 52.51],
            [156.488, 51.912],
            [156.521, 51.381],
            [156.672, 51.227],
            [156.747, 50.97],
            [158.105, 51.81],
            [158.493, 52.383],
            [158.479, 52.626],
            [158.609, 52.874],
            [158.432, 52.957],
            [158.472, 53.032],
            [158.565, 53.049],
            [158.745, 52.909],
            [158.951, 53.048],
            [159.584, 53.237],
            [160.023, 53.129],
            [160.002, 53.275],
            [159.897, 53.381],
            [159.955, 53.553],
            [159.843, 53.784],
            [159.923, 54.008],
            [160.074, 54.19],
            [160.772, 54.541],
            [161.129, 54.598],
            [161.294, 54.52],
            [161.625, 54.516],
            [162.104, 54.752],
            [162.079, 54.886],
            [161.784, 55.206],
            [161.723, 55.495],
            [162.086, 56.089],
            [162.529, 56.261],
            [162.489, 56.4],
            [162.673, 56.49],
            [163.037, 56.521],
            [162.63, 56.232],
            [162.839, 56.065],
            [163.047, 56.044],
            [163.335, 56.233],
            [163.256, 56.688],
            [162.921, 56.723],
            [162.803, 56.811],
            [162.763, 57.244],
            [162.781, 57.358],
            [163.188, 57.638],
            [163.227, 57.79],
            [162.655, 57.948],
            [162.522, 57.903],
            [162.392, 57.718],
            [162.41, 57.778],
            [162.039, 57.919],
            [161.96, 58.077],
            [162.14, 58.447],
            [162.453, 58.709],
            [162.968, 58.987],
            [163.004, 59.02],
            [162.939, 59.115],
            [163.083, 59.131],
            [163.274, 59.303],
            [163.271, 59.52],
            [163.411, 59.835],
            [163.782, 60.04],
            [164.135, 59.985],
            [164.113, 59.898],
            [164.441, 60.073],
            [164.671, 59.997],
            [164.779, 59.874],
            [164.955, 59.844],
            [165.074, 59.945],
            [165.085, 60.099],
            [166.179, 60.48],
            [166.352, 60.485],
            [166.136, 59.98],
            [166.187, 59.849],
            [166.273, 59.856],
            [166.964, 60.308],
            [167.227, 60.407],
            [168.462, 60.592],
            [169.225, 60.596],
            [169.617, 60.438],
            [169.981, 60.066],
            [170.352, 59.966],
            [170.608, 60.434],
            [172.393, 61.061],
            [172.397, 61.167],
            [172.584, 61.191],
            [172.732, 61.315],
            [172.908, 61.311],
            [172.807, 61.436],
            [172.858, 61.469],
            [173.131, 61.407],
            [173.624, 61.716],
            [173.822, 61.679],
            [174.139, 61.795],
            [174.514, 61.823],
            [174.715, 61.948],
            [176.328, 62.346],
            [176.702, 62.505],
            [177.16, 62.561],
            [177.188, 62.592],
            [176.965, 62.658],
            [177.023, 62.778],
            [177.34, 62.781],
            [177.293, 62.599],
            [178.02, 62.547],
            [179.122, 62.32],
            [179.176, 62.469],
            [179.478, 62.613],
            [179.572, 62.688],
            [179.572, 62.773],
            [179.258, 63.009],
            [179.406, 63.078],
            [179.334, 63.189],
            [178.92, 63.346],
            [178.794, 63.54],
            [178.744, 63.394],
            [178.679, 63.403],
            [178.708, 63.521],
            [178.654, 63.557],
            [178.466, 63.575],
            [178.441, 63.606],
            [178.733, 63.667],
            [178.693, 63.842],
            [178.65, 63.965],
            [178.452, 64.011],
            [178.477, 64.129],
            [178.229, 64.365],
            [178.132, 64.234],
            [178.045, 64.219],
            [177.689, 64.304],
            [177.433, 64.445],
            [177.466, 64.736],
            [177.386, 64.774],
            [176.843, 64.634],
            [176.508, 64.682],
            [176.141, 64.585],
            [176.35, 64.705],
            [176.249, 64.844],
            [176.058, 64.905],
            [175.676, 64.783],
            [174.55, 64.684],
            [175.781, 64.844],
            [176.062, 64.96],
            [176.429, 64.856],
            [177.07, 64.787],
            [177.224, 64.861],
            [177.037, 65],
            [176.342, 65.047],
            [176.882, 65.082],
            [177.178, 65.014],
            [177.75, 64.717],
            [178.52, 64.603],
            [178.697, 64.63],
            [179.449, 64.821],
            [179.827, 65.035],
            [180, 65.068],
            [180, 66.033],
            [41.119, 66.032],
            [40.693, 65.964],
            [40.329, 65.752],
            [39.818, 65.597],
            [39.75, 65.448],
            [39.797, 65.349],
            [40.283, 64.998],
            [40.445, 64.778],
            [40.059, 64.771],
            [39.847, 64.691],
            [39.757, 64.576],
            [39.566, 64.571],
            [38.411, 64.858],
            [38.011, 64.879],
            [37.529, 65.108],
            [37.14, 65.195],
            [36.884, 65.172],
            [36.787, 64.988],
            [36.535, 64.939],
            [36.578, 64.792],
            [37.183, 64.408],
            [37.741, 64.398],
            [37.953, 64.32],
            [38.061, 64.09],
            [38.072, 64.026],
            [37.968, 63.95],
            [37.442, 63.813],
            [36.366, 64.004],
            [36.146, 64.189],
            [35.801, 64.335],
            [35.286, 64.363],
            [34.868, 64.561],
            [34.857, 64.707],
            [34.951, 64.755],
            [34.832, 64.8],
            [34.803, 64.986],
            [34.407, 65.396],
            [34.616, 65.51],
            [34.793, 65.816],
            [34.559, 66.032],
            [12.93, 66.032],
            [13.034, 65.957],
            [12.688, 65.903],
            [12.274, 65.568],
            [12.123, 65.363],
            [12.134, 65.28],
            [12.418, 65.184],
            [12.915, 65.339],
            [12.739, 65.214],
            [12.508, 65.099],
            [12.307, 65.085],
            [12.159, 65.179],
            [11.49, 64.976],
            [11.349, 64.906],
            [11.295, 64.755],
            [11.634, 64.814],
            [10.564, 64.419],
            [10.01, 64.083],
            [9.567, 63.707],
            [9.769, 63.7],
            [9.923, 63.521],
            [10.057, 63.512],
            [10.935, 63.771],
            [11.047, 63.846],
            [10.914, 63.92],
            [11.076, 63.988],
            [11.306, 64.049],
            [11.457, 64.004],
            [11.176, 63.899],
            [11.371, 63.806],
            [10.726, 63.625],
            [10.672, 63.557],
            [10.759, 63.462],
            [10.19, 63.455],
            [10.021, 63.391],
            [9.697, 63.625],
            [9.322, 63.57],
            [9.157, 63.458],
            [9.077, 63.5],
            [9.135, 63.594],
            [8.674, 63.623],
            [8.361, 63.498],
            [8.386, 63.445],
            [8.595, 63.426],
            [8.635, 63.342],
            [8.271, 63.287],
            [8.159, 63.162],
            [8.624, 62.846],
            [8.21, 62.995],
            [8.102, 63.09],
            [7.573, 63.099],
            [6.939, 62.931],
            [6.734, 62.721],
            [8.044, 62.771],
            [8.095, 62.731],
            [7.537, 62.672],
            [7.526, 62.61],
            [7.691, 62.585],
            [7.493, 62.544],
            [6.961, 62.627],
            [6.352, 62.611],
            [6.118, 62.446],
            [6.136, 62.408],
            [6.691, 62.467],
            [6.208, 62.353],
            [5.909, 62.415],
            [5.719, 62.379],
            [5.535, 62.311],
            [5.359, 62.151],
            [5.143, 62.16],
            [5.096, 62.026],
            [5.269, 61.936],
            [6.133, 61.853],
            [6.73, 61.87],
            [6.017, 61.787],
            [5.467, 61.896],
            [4.93, 61.879],
            [4.927, 61.71],
            [5.337, 61.485],
            [5.002, 61.434],
            [5.02, 61.25],
            [5.107, 61.188],
            [5.326, 61.108],
            [6.082, 61.167],
            [6.385, 61.134],
            [6.493, 61.155],
            [6.601, 61.29],
            [6.658, 61.207],
            [7.173, 61.165],
            [7.277, 61.181],
            [7.331, 61.372],
            [7.443, 61.434],
            [7.346, 61.301],
            [7.403, 61.223],
            [7.605, 61.21],
            [7.04, 61.091],
            [7.04, 60.953],
            [6.971, 61.056],
            [6.777, 61.143],
            [5.009, 61.039],
            [5.049, 60.707],
            [5.117, 60.636],
            [5.243, 60.57],
            [5.647, 60.688],
            [5.135, 60.445],
            [5.287, 60.205],
            [5.69, 60.124],
            [5.207, 60.087],
            [5.218, 59.98],
            [5.117, 59.834],
            [5.146, 59.639],
            [5.495, 59.825],
            [5.697, 60.011],
            [5.877, 60.07],
            [6.154, 60.346],
            [6.997, 60.512],
            [6.719, 60.419],
            [6.525, 60.153],
            [6.572, 60.36],
            [6.518, 60.408],
            [6.349, 60.353],
            [5.729, 59.863],
            [5.834, 59.796],
            [6.215, 59.818],
            [5.773, 59.66],
            [5.474, 59.714],
            [5.243, 59.565],
            [5.132, 59.226],
            [5.171, 59.162],
            [5.362, 59.167],
            [5.564, 59.29],
            [6.417, 59.547],
            [5.953, 59.299],
            [5.967, 59.186],
            [5.888, 59.098],
            [6.1, 58.952],
            [6.363, 59],
            [6.1, 58.87],
            [5.611, 59.013],
            [5.517, 58.726],
            [5.585, 58.62],
            [6.053, 58.375],
            [6.388, 58.268],
            [6.658, 58.263],
            [6.694, 58.224],
            [6.554, 58.124],
            [6.73, 58.068],
            [6.802, 58.155],
            [6.878, 58.152],
            [7.004, 58.025],
            [7.465, 58.021],
            [8.167, 58.145],
            [9.322, 58.747],
            [9.394, 58.806],
            [9.311, 58.856],
            [9.697, 59.009],
            [9.556, 59.113],
            [9.635, 59.118],
            [9.844, 58.959],
            [10.179, 59.009],
            [10.431, 59.28],
            [10.399, 59.52],
            [10.568, 59.587],
            [10.536, 59.697],
            [10.597, 59.764],
            [10.644, 59.389],
            [10.834, 59.184],
            [11.385, 59.066],
            [11.194, 59.079],
            [11.148, 58.988],
            [11.209, 58.867],
            [11.248, 58.369],
            [11.432, 58.341],
            [11.45, 58.119],
            [11.551, 58.001],
            [11.702, 57.973],
            [11.734, 57.718],
            [11.878, 57.679],
            [11.961, 57.426],
            [12.055, 57.447],
            [12.152, 57.226],
            [12.422, 56.907],
            [12.717, 56.662],
            [12.883, 56.617],
            [12.919, 56.516],
            [12.858, 56.452],
            [12.656, 56.44],
            [12.8, 56.264],
            [12.472, 56.291],
            [12.973, 55.749],
            [12.886, 55.412],
            [13.322, 55.346],
            [13.808, 55.428],
            [14.175, 55.396],
            [14.341, 55.528],
            [14.204, 55.73],
            [14.215, 55.832],
            [14.402, 55.976],
            [14.56, 56.049],
            [14.755, 56.034],
            [14.715, 56.134],
            [14.784, 56.162],
            [15.626, 56.186],
            [15.828, 56.126],
            [15.997, 56.223],
            [16.35, 56.709],
            [16.53, 57.068],
            [16.476, 57.264],
            [16.652, 57.501],
            [16.555, 57.813],
            [16.598, 57.914],
            [16.695, 57.917],
            [16.699, 58.16],
            [16.771, 58.214],
            [16.652, 58.435],
            [16.926, 58.492],
            [16.789, 58.586],
            [16.213, 58.636],
            [16.98, 58.655],
            [18.286, 59.11],
            [18.416, 59.29],
            [18.618, 59.327],
            [18.51, 59.408],
            [18.132, 59.316],
            [17.966, 59.36],
            [18.276, 59.438],
            [18.97, 59.757],
            [18.934, 59.943],
            [18.787, 60.08],
            [18.535, 60.153],
            [18.556, 60.254],
            [18.164, 60.408],
            [17.955, 60.591],
            [17.66, 60.535],
            [17.556, 60.643],
            [17.25, 60.7],
            [17.278, 60.813],
            [17.203, 60.952],
            [17.131, 61.575],
            [17.217, 61.657],
            [17.196, 61.724],
            [17.466, 61.684],
            [17.376, 61.867],
            [17.509, 62.167],
            [17.635, 62.233],
            [17.43, 62.335],
            [17.372, 62.427],
            [17.412, 62.509],
            [17.646, 62.452],
            [18.038, 62.601],
            [17.905, 62.66],
            [17.973, 62.721],
            [17.88, 62.873],
            [18.171, 62.79],
            [18.463, 62.896],
            [18.502, 62.988],
            [18.312, 62.997],
            [18.531, 63.063],
            [18.607, 63.179],
            [18.859, 63.207],
            [18.816, 63.257],
            [19.035, 63.238],
            [19.356, 63.478],
            [19.496, 63.424],
            [19.503, 63.509],
            [19.723, 63.464],
            [19.914, 63.611],
            [20.763, 63.868],
            [21.019, 64.177],
            [21.465, 64.38],
            [21.519, 64.464],
            [21.138, 64.809],
            [21.573, 65.125],
            [21.411, 65.318],
            [21.609, 65.262],
            [21.523, 65.359],
            [21.566, 65.408],
            [21.879, 65.424],
            [21.951, 65.471],
            [21.919, 65.533],
            [22.149, 65.552],
            [22.088, 65.611],
            [22.254, 65.597],
            [22.286, 65.75],
            [22.401, 65.863],
            [22.538, 65.795],
            [22.747, 65.872],
            [23.103, 65.736],
            [23.69, 65.828],
            [24.403, 65.781],
            [24.63, 65.859],
            [24.583, 65.757],
            [24.676, 65.67],
            [25.346, 65.479],
            [25.256, 65.142],
            [25.371, 65.009],
            [25.227, 64.951],
            [25.288, 64.861],
            [24.943, 64.884],
            [24.558, 64.8],
            [24.277, 64.516],
            [23.654, 64.134],
            [23.6, 64.04],
            [22.758, 63.684],
            [22.531, 63.648],
            [22.527, 63.58],
            [22.398, 63.491],
            [22.318, 63.504],
            [22.347, 63.443],
            [22.243, 63.438],
            [22.318, 63.311],
            [21.897, 63.21],
            [21.544, 63.205],
            [21.652, 63.04],
            [21.472, 63.033],
            [21.458, 62.95],
            [21.145, 62.74],
            [21.105, 62.623],
            [21.166, 62.413],
            [21.343, 62.278],
            [21.256, 61.99],
            [21.386, 61.915],
            [21.606, 61.592],
            [21.498, 61.552],
            [21.566, 61.485],
            [21.508, 61.485],
            [21.512, 61.282],
            [21.361, 60.967],
            [21.436, 60.596],
            [21.613, 60.532],
            [21.804, 60.594],
            [21.854, 60.506],
            [22.585, 60.381],
            [22.513, 60.282],
            [22.588, 60.228],
            [22.444, 60.157],
            [22.462, 60.03],
            [22.75, 60.058],
            [22.912, 60.21],
            [22.995, 60.099],
            [23.197, 60.021],
            [22.963, 59.827],
            [23.02, 59.816],
            [23.463, 59.986],
            [24.446, 60.021],
            [24.601, 60.115],
            [25.656, 60.334],
            [25.756, 60.268],
            [26.037, 60.342],
            [25.954, 60.474],
            [26.379, 60.424],
            [26.57, 60.625],
            [26.534, 60.414],
            [27.204, 60.544],
            [27.463, 60.466],
            [28.514, 60.677],
            [28.651, 60.611],
            [28.622, 60.492],
            [28.492, 60.54],
            [28.644, 60.375],
            [29.068, 60.191],
            [29.72, 60.195],
            [30.174, 59.957],
            [30.156, 59.905],
            [29.148, 60],
            [28.946, 59.829],
            [28.518, 59.849],
            [28.334, 59.693],
            [28.057, 59.782],
            [28.014, 59.724],
            [28.064, 59.554],
            [27.891, 59.414],
            [26.973, 59.45],
            [26.624, 59.554],
            [25.508, 59.639],
            [25.522, 59.559],
            [25.443, 59.521],
            [24.381, 59.473],
            [24.054, 59.372],
            [24.082, 59.292],
            [23.496, 59.195],
            [23.467, 59.032],
            [23.514, 58.999],
            [23.431, 58.921],
            [23.503, 58.79],
            [23.679, 58.787],
            [23.51, 58.658],
            [23.769, 58.362],
            [24.115, 58.266],
            [24.338, 58.381],
            [24.529, 58.355],
            [24.302, 57.784],
            [24.363, 57.645],
            [24.381, 57.251],
            [23.931, 57.009],
            [23.647, 56.971],
            [23.287, 57.089],
            [23.136, 57.323],
            [22.65, 57.596],
            [22.556, 57.724],
            [21.728, 57.572],
            [21.458, 57.322],
            [21.35, 57.018],
            [21.073, 56.823],
            [21.033, 56.636],
            [21.062, 55.813],
            [21.238, 55.456],
            [21.188, 54.935],
            [20.889, 54.909],
            [20.594, 54.982],
            [21.033, 55.35],
            [21.116, 55.617],
            [21.015, 55.402],
            [20.68, 55.103],
            [20.396, 54.952],
            [19.975, 54.921],
            [19.86, 54.634],
            [19.406, 54.386],
            [18.837, 54.369],
            [18.668, 54.431],
            [18.438, 54.745],
            [18.801, 54.633],
            [18.758, 54.685],
            [18.322, 54.838],
            [18.085, 54.836],
            [17.26, 54.73],
            [16.558, 54.555],
            [16.188, 54.291],
            [14.384, 53.924],
            [13.826, 54.127],
            [13.826, 54.06],
            [13.923, 53.997],
            [13.927, 53.879],
            [14.557, 53.824],
            [14.582, 53.64],
            [13.952, 53.801],
            [13.866, 53.853],
            [13.725, 54.154],
            [13.448, 54.141],
            [13.149, 54.282],
            [13.03, 54.41],
            [12.577, 54.468],
            [12.112, 54.169],
            [11.796, 54.145],
            [11.4, 53.945],
            [10.856, 54.009],
            [10.809, 54.075],
            [11.007, 54.181],
            [11.065, 54.28],
            [11.014, 54.379],
            [10.73, 54.317],
            [10.359, 54.438],
            [10.212, 54.409],
            [10.143, 54.489],
            [9.869, 54.473],
            [10.028, 54.581],
            [10.021, 54.674],
            [9.747, 54.808],
            [9.689, 55.001],
            [9.455, 55.039],
            [9.671, 55.266],
            [9.592, 55.494],
            [10.024, 55.761],
            [9.905, 55.843],
            [10.183, 55.865],
            [10.374, 56.252],
            [10.539, 56.2],
            [10.755, 56.242],
            [10.856, 56.296],
            [10.928, 56.443],
            [10.845, 56.521],
            [10.489, 56.52],
            [10.284, 56.62],
            [10.294, 56.999],
            [10.525, 57.244],
            [10.536, 57.448],
            [10.46, 57.615],
            [10.611, 57.737],
            [9.963, 57.58],
            [9.434, 57.174],
            [8.62, 57.112],
            [8.285, 56.853],
            [8.267, 56.754],
            [8.469, 56.664],
            [8.771, 56.725],
            [8.991, 57.016],
            [9.11, 57.044],
            [9.254, 57.011],
            [9.196, 56.702],
            [9.067, 56.794],
            [8.887, 56.735],
            [8.735, 56.627],
            [8.671, 56.495],
            [8.163, 56.606],
            [8.12, 56.14],
            [8.203, 55.982],
            [8.131, 55.6],
            [8.617, 55.419],
            [8.653, 55.329],
            [8.671, 55.155],
            [8.573, 55.134],
            [8.681, 54.792],
            [8.959, 54.539],
            [8.951, 54.468],
            [8.649, 54.398],
            [8.645, 54.294],
            [8.908, 54.261],
            [8.905, 54.001],
            [8.977, 53.926],
            [9.311, 53.858],
            [9.632, 53.6],
            [9.783, 53.555],
            [9.585, 53.6],
            [9.207, 53.857],
            [8.62, 53.876],
            [8.527, 53.78],
            [8.494, 53.395],
            [8.494, 53.515],
            [8.332, 53.607],
            [8.199, 53.433],
            [8.109, 53.468],
            [8.167, 53.544],
            [8.008, 53.69],
            [7.63, 53.697],
            [7.205, 53.655],
            [7.054, 53.376],
            [7.198, 53.282],
            [6.968, 53.327],
            [6.817, 53.442],
            [6.061, 53.407],
            [5.531, 53.268],
            [5.359, 53.096],
            [5.06, 52.961],
            [4.887, 52.909],
            [4.768, 52.942],
            [4.484, 52.31],
            [4.027, 51.928],
            [3.947, 51.81],
            [4.181, 51.61],
            [4.005, 51.596],
            [4.275, 51.471],
            [4.142, 51.456],
            [3.742, 51.596],
            [3.451, 51.541],
            [3.587, 51.454],
            [4.225, 51.386],
            [3.425, 51.393],
            [2.446, 51.067],
            [1.769, 50.935],
            [1.579, 50.739],
            [1.55, 50.294],
            [1.593, 50.253],
            [1.406, 50.088],
            [0.185, 49.702],
            [0.128, 49.508],
            [0.416, 49.449],
            [-0.164, 49.296],
            [-1.139, 49.388],
            [-1.233, 49.494],
            [-1.258, 49.68],
            [-1.856, 49.683],
            [-1.813, 49.491],
            [-1.582, 49.202],
            [-1.564, 48.805],
            [-1.377, 48.652],
            [-1.823, 48.631],
            [-1.906, 48.697],
            [-2.003, 48.583],
            [-2.079, 48.645],
            [-2.446, 48.649],
            [-2.691, 48.538],
            [-3.004, 48.791],
            [-3.231, 48.841],
            [-3.713, 48.711],
            [-4.531, 48.619],
            [-4.721, 48.539],
            [-4.761, 48.451],
            [-4.718, 48.364],
            [-4.394, 48.367],
            [-4.243, 48.303],
            [-4.577, 48.289],
            [-4.329, 48.17],
            [-4.678, 48.039],
            [-4.426, 47.968],
            [-4.311, 47.822],
            [-3.901, 47.838],
            [-3.159, 47.694],
            [-3.065, 47.621],
            [-2.788, 47.626],
            [-2.734, 47.602],
            [-2.77, 47.513],
            [-2.428, 47.472],
            [-2.529, 47.381],
            [-2.504, 47.312],
            [-1.975, 47.31],
            [-1.744, 47.216],
            [-2.108, 47.263],
            [-2.198, 47.163],
            [-2.018, 47.038],
            [-2.093, 46.866],
            [-1.787, 46.515],
            [-1.147, 46.312],
            [-1.031, 45.741],
            [-1.211, 45.77],
            [-1.197, 45.715],
            [-0.79, 45.468],
            [-0.643, 45.09],
            [-0.549, 45.001],
            [-0.689, 45.093],
            [-0.826, 45.381],
            [-1.082, 45.533],
            [-1.244, 44.666],
            [-1.154, 44.763],
            [-1.078, 44.691],
            [-1.244, 44.56],
            [-1.485, 43.564],
            [-1.633, 43.437],
            [-1.993, 43.345],
            [-2.338, 43.328],
            [-2.875, 43.455],
            [-3.044, 43.371],
            [-3.605, 43.519],
            [-4.523, 43.416],
            [-5.848, 43.645],
            [-7.061, 43.553],
            [-7.699, 43.765],
            [-8.257, 43.58],
            [-8.249, 43.439],
            [-8.537, 43.336],
            [-8.872, 43.335],
            [-9.178, 43.173],
            [-9.236, 42.977],
            [-9.041, 42.814],
            [-8.926, 42.798],
            [-9.034, 42.593],
            [-8.811, 42.64],
            [-8.811, 42.47],
            [-8.728, 42.411],
            [-8.815, 42.284],
            [-8.692, 42.274],
            [-8.887, 42.106],
            [-8.879, 41.948],
            [-8.779, 41.941],
            [-8.887, 41.765],
            [-8.757, 41.698],
            [-8.804, 41.561],
            [-8.656, 41.029],
            [-8.685, 40.753],
            [-8.872, 40.259],
            [-8.836, 40.116],
            [-9.149, 39.543],
            [-9.376, 39.338],
            [-9.351, 39.248],
            [-9.481, 38.799]
          ],
          [
            [46.709, 44.503],
            [46.755, 44.656],
            [47.004, 44.876],
            [47.083, 44.817],
            [47.349, 45.218],
            [47.414, 45.421],
            [47.529, 45.531],
            [47.465, 45.68],
            [47.634, 45.585],
            [47.702, 45.687],
            [48.159, 45.737],
            [48.487, 45.935],
            [48.728, 45.897],
            [48.685, 46.086],
            [49.247, 46.291],
            [49.207, 46.385],
            [49.362, 46.411],
            [49.347, 46.519],
            [49.887, 46.595],
            [50.42, 46.88],
            [50.582, 46.883],
            [51.176, 47.111],
            [51.616, 47.031],
            [51.745, 46.933],
            [52.138, 46.829],
            [52.483, 46.991],
            [53.034, 46.894],
            [53.171, 46.67],
            [53.063, 46.475],
            [53.135, 46.192],
            [52.775, 45.572],
            [53.2, 45.331],
            [52.426, 45.404],
            [51.418, 45.357],
            [51.011, 44.921],
            [51.058, 44.812],
            [51.31, 44.619],
            [51.544, 44.531],
            [51.176, 44.501],
            [50.86, 44.628],
            [50.41, 44.625],
            [50.298, 44.581],
            [50.251, 44.406],
            [50.33, 44.326],
            [50.831, 44.192],
            [51.065, 43.75],
            [51.302, 43.482],
            [51.295, 43.173],
            [51.616, 43.158],
            [51.9, 42.869],
            [52.184, 42.869],
            [52.274, 42.8],
            [52.494, 42.821],
            [52.598, 42.76],
            [52.62, 42.429],
            [52.462, 42.1],
            [52.469, 41.885],
            [52.609, 41.529],
            [52.85, 41.199],
            [52.883, 41.653],
            [52.814, 41.712],
            [52.969, 41.975],
            [53.164, 42.094],
            [53.754, 42.13],
            [53.848, 42.092],
            [54.096, 41.519],
            [54.704, 41.071],
            [54.686, 40.873],
            [54.319, 40.835],
            [54.377, 40.693],
            [54.193, 40.72],
            [53.869, 40.649],
            [53.765, 40.667],
            [53.614, 40.819],
            [53.146, 40.824],
            [52.944, 41.038],
            [52.735, 40.399],
            [52.804, 40.054],
            [53.034, 39.774],
            [52.951, 39.896],
            [52.987, 39.988],
            [53.488, 39.91],
            [53.473, 39.668],
            [53.603, 39.547],
            [53.39, 39.536],
            [53.236, 39.609],
            [53.124, 39.432],
            [53.156, 39.266],
            [53.336, 39.34],
            [53.704, 39.21],
            [53.869, 38.95],
            [53.822, 37.927],
            [54.017, 36.849],
            [53.678, 36.853],
            [53.916, 36.931],
            [53.768, 36.931],
            [52.192, 36.622],
            [51.763, 36.615],
            [50.928, 36.811],
            [50.338, 37.149],
            [50.129, 37.406],
            [49.373, 37.519],
            [49.081, 37.668],
            [48.959, 37.891],
            [48.872, 38.392],
            [48.851, 38.816],
            [48.962, 39.078],
            [49.013, 39.134],
            [49.11, 39.085],
            [49.121, 39.003],
            [49.164, 39.029],
            [49.268, 39.285],
            [49.362, 39.349],
            [49.326, 39.608],
            [49.553, 40.194],
            [49.92, 40.316],
            [50.366, 40.279],
            [50.183, 40.505],
            [49.776, 40.583],
            [49.455, 40.8],
            [49.225, 41.026],
            [49.106, 41.302],
            [48.825, 41.63],
            [48.383, 41.953],
            [48.08, 42.354],
            [47.727, 42.68],
            [47.709, 42.81],
            [47.465, 43.034],
            [47.508, 43.51],
            [47.648, 43.885],
            [47.562, 43.835],
            [47.461, 43.555],
            [47.306, 44.104],
            [47.022, 44.343],
            [46.752, 44.421],
            [46.709, 44.503]
          ]
        ]
      }
    },
    {
      "type": "Feature",
      "properties": {},
      "geometry": {
        "type": "Polygon",
        "coordinates": [
          [
            [13.07, 66.431],
            [13.12, 66.231],
            [14.035, 66.297],
            [13.675, 66.181],
            [13.272, 66.167],
            [34.286, 66.167],
            [33.36, 66.33],
            [33.655, 66.443],
            [33.216, 66.531],
            [33.18, 66.681],
            [32.863, 66.722],
            [32.463, 66.917],
            [32.499, 67.003],
            [31.895, 67.161],
            [32.931, 67.087],
            [32.849, 67.021],
            [33.151, 66.844],
            [34.451, 66.651],
            [34.397, 66.613],
            [34.483, 66.55],
            [34.825, 66.611],
            [35.513, 66.396],
            [36.985, 66.273],
            [37.5, 66.167],
            [39.46, 66.167],
            [40.52, 66.446],
            [41.19, 66.826],
            [41.276, 66.915],
            [41.359, 67.21],
            [41.132, 67.267],
            [41.132, 67.385],
            [40.967, 67.713],
            [40.38, 67.831],
            [39.811, 68.151],
            [39.746, 68.163],
            [39.822, 68.059],
            [39.57, 68.071],
            [38.832, 68.325],
            [38.429, 68.356],
            [37.73, 68.693],
            [35.858, 69.193],
            [35.289, 69.276],
            [35.009, 69.222],
            [33.684, 69.311],
            [33.435, 69.13],
            [33.14, 69.069],
            [33.327, 69.153],
            [33.453, 69.429],
            [32.978, 69.368],
            [33, 69.47],
            [32.377, 69.479],
            [32.33, 69.554],
            [32.093, 69.632],
            [32.175, 69.673],
            [32.913, 69.602],
            [32.996, 69.627],
            [33.007, 69.722],
            [31.985, 69.953],
            [31.999, 69.811],
            [31.79, 69.816],
            [31.668, 69.72],
            [31.452, 69.689],
            [30.714, 69.795],
            [30.483, 69.795],
            [30.429, 69.722],
            [30.35, 69.835],
            [30.239, 69.863],
            [30.087, 69.717],
            [29.695, 69.745],
            [29.619, 69.817],
            [29.648, 69.944],
            [29.601, 69.977],
            [28.806, 70.092],
            [28.78, 70.146],
            [30.264, 70.125],
            [30.944, 70.274],
            [30.962, 70.343],
            [30.595, 70.524],
            [30.213, 70.543],
            [30.239, 70.623],
            [30.066, 70.703],
            [29.738, 70.647],
            [29.101, 70.861],
            [28.831, 70.864],
            [28.608, 70.76],
            [28.194, 70.248],
            [28.204, 70.576],
            [28.273, 70.668],
            [27.898, 70.679],
            [28.327, 70.824],
            [28.392, 70.975],
            [27.596, 71.092],
            [27.236, 70.948],
            [27.546, 70.804],
            [27.182, 70.745],
            [26.988, 70.512],
            [26.584, 70.409],
            [26.646, 70.637],
            [26.559, 70.67],
            [26.736, 70.854],
            [26.66, 70.939],
            [26.505, 70.913],
            [25.472, 70.34],
            [25.418, 70.236],
            [25.213, 70.137],
            [25.044, 70.109],
            [24.982, 70.144],
            [24.993, 70.218],
            [25.148, 70.324],
            [25.274, 70.552],
            [25.767, 70.854],
            [25.436, 70.911],
            [25.263, 70.843],
            [24.658, 71.001],
            [24.262, 70.826],
            [24.421, 70.703],
            [24.039, 70.486],
            [23.661, 70.399],
            [23.38, 70.248],
            [23.287, 70.106],
            [23.398, 70.021],
            [23.355, 69.984],
            [23.046, 70.102],
            [22.941, 70.305],
            [22.686, 70.375],
            [22.423, 70.338],
            [22.322, 70.265],
            [22.221, 70.309],
            [21.782, 70.231],
            [21.357, 70.234],
            [21.804, 70.066],
            [21.976, 69.835],
            [21.433, 70.014],
            [21.253, 70.003],
            [21.163, 69.889],
            [20.623, 69.915],
            [20.547, 69.85],
            [20.533, 69.692],
            [20.738, 69.521],
            [20.486, 69.541],
            [20.108, 69.342],
            [20.043, 69.356],
            [20.338, 69.616],
            [20.389, 69.868],
            [20.324, 69.946],
            [19.96, 69.824],
            [19.64, 69.423],
            [19.687, 69.805],
            [19.197, 69.748],
            [19.039, 69.661],
            [18.992, 69.561],
            [18.614, 69.491],
            [18.625, 69.434],
            [18.916, 69.335],
            [18.859, 69.314],
            [18.484, 69.364],
            [18.261, 69.47],
            [18.078, 69.324],
            [18.103, 69.156],
            [17.703, 69.101],
            [17.39, 68.8],
            [17.131, 68.694],
            [16.652, 68.627],
            [16.515, 68.533],
            [16.584, 68.467],
            [17.426, 68.482],
            [17.552, 68.427],
            [16.951, 68.354],
            [16.389, 68.389],
            [16.206, 68.318],
            [16.173, 68.281],
            [16.26, 68.144],
            [16.393, 68.092],
            [16.26, 68.002],
            [16.314, 67.882],
            [16.119, 68.028],
            [16.008, 68.229],
            [15.291, 68.036],
            [15.622, 67.948],
            [15.05, 67.956],
            [14.798, 67.809],
            [14.78, 67.675],
            [15.306, 67.766],
            [15.345, 67.734],
            [15.219, 67.656],
            [15.248, 67.602],
            [15.486, 67.516],
            [15.691, 67.521],
            [15.576, 67.444],
            [15.594, 67.349],
            [15.41, 67.474],
            [14.964, 67.575],
            [14.442, 67.271],
            [15.435, 67.246],
            [15.417, 67.203],
            [14.11, 67.12],
            [13.88, 66.965],
            [13.653, 66.908],
            [13.959, 66.795],
            [13.621, 66.795],
            [13.311, 66.701],
            [13.21, 66.641],
            [13.192, 66.536],
            [13.106, 66.54],
            [13.07, 66.431]
          ]
        ]
      }
    },
    {
      "type": "Feature",
      "properties": {},
      "geometry": {
        "type": "Polygon",
        "coordinates": [
          [
            [34.286, 66.167],
            [34.559, 66.032],
            [41.119, 66.032],
            [41.574, 66.167],
            [39.46, 66.167],
            [38.396, 66.064],
            [37.5, 66.167],
            [34.286, 66.167]
          ]
        ]
      }
    },
    {
      "type": "Feature",
      "properties": {},
      "geometry": {
        "type": "Polygon",
        "coordinates": [
          [
            [41.574, 66.167],
            [43.55, 66.167],
            [43.652, 66.252],
            [43.235, 66.415],
            [42.601, 66.422],
            [42.212, 66.519],
            [41.574, 66.167]
          ]
        ]
      }
    },
    {
      "type": "Feature",
      "properties": {},
      "geometry": {
        "type": "Polygon",
        "coordinates": [
          [
            [43.332, 68.673],
            [44.171, 68.326],
            [44.203, 68.253],
            [44.225, 67.996],
            [43.782, 67.255],
            [43.854, 67.189],
            [44.293, 67.099],
            [44.43, 66.937],
            [44.487, 66.672],
            [44.221, 66.406],
            [44.099, 66.234],
            [44.124, 66.167],
            [180, 66.17],
            [180, 68.984],
            [179.273, 69.26],
            [178.952, 69.295],
            [178.848, 69.387],
            [176.926, 69.646],
            [175.921, 69.896],
            [174.787, 69.856],
            [173.437, 69.948],
            [173.279, 69.824],
            [172.559, 69.969],
            [170.485, 70.107],
            [170.503, 69.857],
            [170.161, 69.627],
            [170.582, 69.583],
            [170.996, 69.135],
            [170.996, 69.045],
            [170.539, 68.826],
            [169.61, 68.786],
            [169.416, 68.92],
            [169.311, 69.08],
            [168.303, 69.271],
            [168.149, 69.578],
            [167.857, 69.729],
            [167.627, 69.741],
            [166.885, 69.5],
            [164.513, 69.609],
            [163.947, 69.736],
            [162.374, 69.649],
            [161.535, 69.38],
            [161.481, 69.201],
            [161.564, 69.064],
            [161.564, 68.904],
            [161.366, 68.823],
            [161.103, 68.562],
            [160.855, 68.538],
            [161.129, 68.654],
            [161.341, 68.904],
            [161.309, 68.982],
            [161.035, 69.099],
            [160.909, 69.606],
            [159.833, 69.784],
            [159.728, 69.87],
            [159.984, 70.222],
            [159.959, 70.423],
            [159.804, 70.606],
            [159.35, 70.791],
            [158.036, 71.04],
            [156.686, 71.093],
            [155.894, 71.095],
            [153.795, 70.88],
            [152.51, 70.835],
            [151.761, 70.982],
            [152.093, 71.024],
            [151.581, 71.286],
            [151.146, 71.373],
            [150.098, 71.227],
            [150.667, 71.455],
            [150.599, 71.52],
            [150.062, 71.51],
            [149.497, 71.665],
            [148.968, 71.691],
            [148.924, 71.715],
            [149.05, 71.797],
            [150.015, 71.895],
            [149.961, 71.993],
            [149.5, 72.165],
            [148.402, 72.312],
            [147.261, 72.328],
            [146.073, 71.809],
            [145.076, 71.708],
            [144.99, 71.753],
            [145.072, 71.831],
            [145.065, 71.927],
            [145.407, 71.89],
            [145.756, 71.941],
            [145.756, 72.02],
            [145.663, 72.067],
            [145.76, 72.225],
            [146.232, 72.137],
            [146.005, 71.946],
            [146.113, 71.946],
            [146.599, 72.123],
            [146.833, 72.295],
            [144.295, 72.192],
            [144.169, 72.258],
            [144.896, 72.395],
            [146.235, 72.35],
            [146.253, 72.442],
            [144.306, 72.644],
            [142.063, 72.72],
            [141.31, 72.857],
            [140.709, 72.89],
            [140.652, 72.843],
            [140.972, 72.717],
            [140.983, 72.63],
            [141.08, 72.586],
            [140.45, 72.493],
            [139.6, 72.496],
            [139.14, 72.329],
            [139.176, 72.163],
            [139.618, 72.225],
            [140.187, 72.191],
            [139.849, 72.149],
            [139.64, 71.998],
            [139.359, 71.951],
            [139.723, 71.885],
            [139.694, 71.701],
            [139.986, 71.491],
            [139.208, 71.444],
            [138.78, 71.63],
            [138.524, 71.562],
            [138.232, 71.597],
            [138.049, 71.526],
            [137.919, 71.383],
            [138.315, 71.326],
            [137.844, 71.227],
            [137.991, 71.142],
            [137.941, 71.133],
            [137.116, 71.416],
            [136.09, 71.619],
            [135.558, 71.611],
            [135.021, 71.515],
            [134.704, 71.387],
            [133.689, 71.434],
            [133.131, 71.607],
            [132.804, 71.767],
            [132.652, 71.927],
            [132.228, 71.642],
            [132.004, 71.35],
            [132.037, 71.244],
            [131.907, 71.203],
            [131.562, 70.901],
            [131.158, 70.743],
            [130.899, 70.804],
            [130.759, 70.962],
            [130.669, 70.889],
            [130.536, 70.892],
            [129.761, 71.119],
            [129.135, 71.593],
            [128.923, 71.602],
            [128.843, 71.663],
            [129.459, 71.739],
            [129.211, 71.916],
            [129.121, 71.953],
            [129.117, 71.824],
            [128.912, 71.755],
            [127.727, 72.413],
            [127.803, 72.434],
            [128.933, 72.079],
            [129.283, 72.092],
            [129.412, 72.166],
            [129.412, 72.316],
            [129.283, 72.437],
            [128.419, 72.534],
            [129.25, 72.704],
            [129.229, 72.776],
            [129.016, 72.873],
            [128.599, 72.895],
            [129.052, 73.045],
            [129.099, 73.112],
            [128.912, 73.111],
            [128.89, 73.191],
            [128.588, 73.262],
            [128.257, 73.267],
            [128.282, 73.331],
            [127.742, 73.482],
            [127.033, 73.548],
            [126.554, 73.335],
            [126.291, 73.394],
            [126.259, 73.42],
            [126.345, 73.506],
            [126.255, 73.548],
            [125.6, 73.447],
            [125.618, 73.52],
            [124.541, 73.751],
            [124.019, 73.713],
            [123.796, 73.626],
            [123.415, 73.637],
            [123.307, 73.533],
            [123.321, 73.43],
            [123.623, 73.194],
            [123.159, 72.954],
            [122.525, 73.017],
            [122.5, 72.97],
            [122.752, 72.906],
            [122.536, 72.878],
            [121.748, 72.97],
            [119.75, 72.979],
            [118.429, 73.246],
            [118.378, 73.368],
            [118.457, 73.465],
            [118.936, 73.48],
            [118.871, 73.538],
            [118.45, 73.59],
            [115.336, 73.703],
            [114.818, 73.607],
            [114.062, 73.585],
            [113.511, 73.505],
            [113.54, 73.434],
            [113.885, 73.345],
            [113.558, 73.232],
            [113.543, 73.055],
            [113.216, 72.805],
            [113.713, 72.654],
            [113.666, 72.635],
            [113.313, 72.658],
            [113.158, 72.769],
            [113.129, 72.831],
            [113.475, 73.048],
            [113.489, 73.347],
            [113.158, 73.46],
            [113.417, 73.647],
            [113.032, 73.914],
            [112.838, 73.961],
            [112.939, 73.836],
            [112.795, 73.746],
            [112.147, 73.71],
            [111.401, 73.828],
            [111.229, 73.968],
            [111.549, 74.029],
            [111.131, 74.053],
            [111.056, 73.939],
            [110.26, 74.017],
            [109.868, 73.93],
            [109.666, 73.8],
            [109.752, 73.722],
            [110.721, 73.781],
            [110.869, 73.73],
            [109.857, 73.472],
            [109.331, 73.487],
            [109.09, 73.378],
            [108.352, 73.31],
            [107.751, 73.173],
            [106.476, 73.14],
            [105.71, 72.836],
            [105.144, 72.777],
            [105.677, 72.96],
            [106.188, 73.309],
            [106.678, 73.331],
            [107.272, 73.621],
            [108.201, 73.694],
            [109.076, 74.032],
            [109.81, 74.17],
            [109.911, 74.262],
            [109.839, 74.322],
            [112.924, 75.015],
            [113.615, 75.293],
            [113.727, 75.451],
            [113.245, 75.612],
            [112.957, 75.572],
            [112.73, 75.737],
            [112.453, 75.831],
            [113.392, 75.678],
            [113.518, 75.623],
            [113.486, 75.564],
            [113.619, 75.593],
            [113.871, 75.855],
            [113.857, 75.921],
            [113.565, 75.892],
            [113.273, 76.251],
            [112.989, 76.239],
            [113.151, 76.175],
            [112.658, 76.053],
            [112.798, 76.13],
            [112.683, 76.218],
            [112.618, 76.383],
            [112.298, 76.435],
            [111.941, 76.381],
            [112.093, 76.48],
            [111.787, 76.604],
            [111.113, 76.723],
            [108.183, 76.737],
            [108.028, 76.718],
            [107.902, 76.571],
            [107.722, 76.522],
            [106.415, 76.512],
            [106.386, 76.59],
            [106.638, 76.574],
            [107.43, 76.926],
            [106.941, 77.034],
            [105.821, 76.998],
            [105.713, 77.001],
            [105.645, 77.1],
            [104.201, 77.102],
            [105.386, 77.237],
            [106.059, 77.39],
            [105.71, 77.525],
            [104.183, 77.73],
            [103.132, 77.626],
            [102.61, 77.508],
            [101.519, 77.197],
            [100.99, 76.991],
            [100.907, 76.9],
            [100.922, 76.822],
            [101.098, 76.704],
            [100.929, 76.557],
            [101.685, 76.485],
            [101.598, 76.439],
            [100.842, 76.525],
            [98.805, 76.48],
            [99.824, 76.137],
            [99.852, 75.93],
            [99.539, 75.798],
            [99.442, 75.803],
            [99.604, 75.852],
            [99.77, 76.029],
            [98.661, 76.242],
            [97.671, 76.078],
            [97.498, 75.98],
            [97.35, 76.034],
            [96.497, 75.892],
            [96.602, 75.991],
            [95.655, 75.892],
            [96.076, 76.083],
            [95.579, 76.137],
            [94.575, 76.152],
            [93.65, 76.055],
            [93.261, 76.098],
            [93.106, 76.025],
            [92.973, 76.076],
            [92.858, 75.98],
            [92.89, 75.909],
            [92.987, 75.902],
            [93.178, 75.959],
            [93.405, 75.9],
            [93.574, 75.956],
            [94.157, 75.959],
            [91.479, 75.65],
            [90.186, 75.591],
            [89.596, 75.458],
            [89.311, 75.47],
            [88.732, 75.369],
            [87.67, 75.13],
            [87.007, 75.17],
            [86.939, 75.069],
            [87.468, 75.013],
            [87.418, 74.94],
            [86.863, 74.718],
            [86.651, 74.682],
            [86.201, 74.815],
            [86.061, 74.729],
            [85.881, 74.741],
            [85.791, 74.645],
            [86.424, 74.586],
            [87.231, 74.364],
            [86.899, 74.326],
            [86.395, 74.451],
            [86.183, 74.423],
            [86.003, 74.315],
            [86.572, 74.244],
            [87.209, 73.878],
            [87.573, 73.81],
            [87.119, 73.616],
            [86.154, 73.534],
            [85.938, 73.456],
            [85.909, 73.39],
            [86.716, 73.126],
            [86.676, 73.107],
            [85.819, 73.328],
            [85.794, 73.439],
            [86.093, 73.578],
            [87.029, 73.824],
            [86.892, 73.887],
            [85.611, 73.822],
            [85.449, 73.734],
            [84.739, 73.763],
            [83.544, 73.666],
            [81.816, 73.659],
            [80.581, 73.569],
            [80.596, 73.474],
            [80.398, 73.357],
            [80.423, 73.23],
            [80.509, 73.086],
            [80.841, 72.949],
            [80.657, 72.711],
            [80.826, 72.487],
            [81.1, 72.39],
            [82.093, 72.265],
            [82.32, 72.073],
            [82.644, 71.925],
            [83.199, 71.875],
            [83.533, 71.684],
            [83.551, 71.543],
            [83.152, 71.104],
            [83.58, 70.765],
            [83.735, 70.547],
            [83.659, 70.418],
            [83.497, 70.345],
            [83.073, 70.278],
            [83.13, 70.158],
            [83.08, 70.094],
            [82.857, 70.104],
            [82.684, 70.218],
            [82.921, 70.408],
            [83.029, 70.581],
            [83.011, 70.896],
            [82.867, 70.955],
            [82.594, 70.89],
            [82.259, 70.543],
            [82.219, 70.396],
            [82.162, 70.599],
            [82.335, 70.807],
            [82.237, 70.998],
            [82.324, 71.26],
            [82.975, 71.451],
            [83.235, 71.668],
            [83.105, 71.72],
            [82.759, 71.764],
            [81.661, 71.717],
            [80.855, 71.97],
            [80.761, 72.09],
            [79.955, 72.224],
            [79.422, 72.382],
            [78.483, 72.395],
            [77.968, 72.329],
            [77.471, 72.192],
            [77.41, 72.107],
            [78.018, 72.092],
            [78.234, 71.953],
            [78.187, 71.908],
            [77.55, 71.842],
            [76.87, 72.033],
            [76.031, 71.911],
            [76.312, 71.595],
            [76.434, 71.552],
            [77.482, 71.312],
            [78.213, 71.267],
            [78.49, 71.026],
            [78.724, 70.975],
            [79.084, 71.001],
            [79.015, 70.949],
            [78.321, 70.93],
            [77.59, 71.168],
            [76.996, 71.18],
            [76.927, 71.128],
            [76.744, 71.203],
            [75.732, 71.265],
            [75.333, 71.342],
            [75.279, 71.43],
            [75.469, 71.534],
            [75.502, 71.654],
            [75.246, 71.814],
            [75.275, 71.96],
            [75.394, 71.984],
            [75.743, 72.296],
            [75.592, 72.458],
            [75.603, 72.581],
            [75.369, 72.796],
            [75.153, 72.852],
            [74.785, 72.812],
            [75.009, 72.619],
            [75.099, 72.421],
            [75.091, 72.264],
            [74.991, 72.145],
            [73.673, 71.845],
            [73.086, 71.444],
            [73.576, 71.217],
            [74.343, 70.578],
            [73.831, 70.175],
            [73.579, 69.804],
            [73.561, 69.706],
            [73.893, 69.418],
            [73.777, 69.198],
            [73.979, 69.114],
            [74.364, 69.144],
            [74.814, 69.09],
            [75.419, 69.239],
            [76.002, 69.236],
            [77.651, 68.903],
            [77.997, 68.26],
            [77.665, 68.191],
            [77.536, 68.007],
            [77.59, 67.752],
            [78.922, 67.588],
            [77.773, 67.571],
            [77.176, 67.778],
            [77.248, 67.941],
            [77.237, 68.47],
            [76.459, 68.979],
            [75.124, 68.861],
            [74.58, 68.752],
            [74.479, 68.66],
            [74.393, 68.42],
            [74.742, 68.073],
            [74.771, 67.766],
            [74.076, 67.415],
            [73.792, 66.995],
            [73.515, 66.861],
            [72.417, 66.561],
            [72.323, 66.332],
            [72.067, 66.253],
            [71.358, 66.359],
            [70.339, 66.342],
            [69.983, 66.401],
            [69.194, 66.578],
            [69.014, 66.788],
            [69.878, 66.845],
            [70.282, 66.686],
            [70.692, 66.745],
            [70.383, 66.602],
            [70.725, 66.519],
            [71.344, 66.687],
            [71.538, 66.682],
            [71.553, 66.76],
            [71.365, 66.962],
            [71.668, 66.939],
            [71.848, 67.007],
            [72.593, 67.587],
            [73.068, 67.767],
            [73.173, 67.974],
            [73.14, 68.182],
            [73.59, 68.482],
            [73.547, 68.574],
            [72.813, 68.816],
            [72.579, 68.969],
            [72.528, 69.154],
            [72.615, 69.484],
            [72.6, 69.793],
            [72.471, 70.276],
            [72.701, 70.458],
            [72.705, 70.963],
            [72.582, 71.151],
            [72.078, 71.307],
            [71.866, 71.458],
            [71.913, 71.548],
            [72.28, 71.696],
            [72.575, 72.012],
            [72.751, 72.343],
            [72.813, 72.691],
            [71.499, 72.915],
            [69.738, 72.885],
            [69.644, 72.897],
            [69.695, 72.977],
            [69.392, 72.956],
            [69.04, 72.67],
            [68.608, 72.014],
            [68.269, 71.682],
            [67.542, 71.413],
            [66.919, 71.283],
            [66.638, 71.081],
            [66.847, 71.064],
            [66.667, 70.901],
            [66.703, 70.819],
            [67.142, 70.838],
            [67.286, 70.739],
            [67.146, 70.22],
            [67.24, 70.107],
            [67.07, 70.005],
            [66.926, 70.014],
            [66.804, 69.739],
            [66.898, 69.554],
            [67.063, 69.694],
            [67.625, 69.585],
            [68.006, 69.481],
            [68.118, 69.236],
            [68.543, 68.967],
            [68.762, 68.918],
            [69.14, 68.951],
            [68.831, 68.568],
            [68.37, 68.314],
            [67.729, 68.514],
            [67.15, 68.753],
            [67.002, 68.873],
            [66.415, 68.948],
            [65.033, 69.271],
            [64.896, 69.248],
            [64.928, 69.326],
            [64.19, 69.535],
            [63.362, 69.675],
            [60.911, 69.847],
            [60.169, 69.59],
            [60.666, 69.111],
            [60.857, 69.146],
            [60.932, 68.986],
            [60.49, 68.729],
            [59.896, 68.706],
            [59.867, 68.606],
            [59.924, 68.472],
            [59.726, 68.352],
            [59.1, 68.444],
            [59.111, 68.616],
            [59.37, 68.738],
            [59.111, 68.896],
            [59.057, 69.007],
            [58.355, 68.916],
            [58.236, 68.833],
            [58.175, 68.89],
            [57.127, 68.554],
            [56.044, 68.649],
            [55.417, 68.568],
            [54.924, 68.373],
            [54.863, 68.201],
            [54.719, 68.184],
            [54.478, 68.295],
            [53.966, 68.227],
            [53.261, 68.267],
            [53.344, 68.344],
            [53.93, 68.436],
            [53.916, 68.536],
            [53.758, 68.634],
            [53.97, 68.844],
            [53.797, 68.908],
            [54.492, 68.993],
            [53.801, 68.996],
            [52.343, 68.607],
            [52.552, 68.592],
            [52.724, 68.484],
            [52.397, 68.352],
            [52.184, 68.375],
            [52.285, 68.46],
            [51.994, 68.538],
            [50.838, 68.351],
            [49.157, 67.87],
            [48.753, 67.896],
            [48.696, 67.875],
            [48.879, 67.731],
            [48.833, 67.682],
            [47.875, 67.585],
            [47.907, 67.455],
            [47.767, 67.276],
            [47.655, 66.976],
            [46.493, 66.8],
            [45.884, 66.891],
            [45.564, 67.186],
            [44.941, 67.351],
            [44.901, 67.413],
            [45.528, 67.757],
            [46.691, 67.849],
            [46.683, 67.97],
            [45.891, 68.479],
            [45.078, 68.578],
            [44.048, 68.548],
            [43.332, 68.673]
          ]
        ]
      }
    },
    {
      "type": "Feature",
      "properties": {},
      "geometry": {
        "type": "Polygon",
        "coordinates": [
          [
            [-180, 68.984],
            [-178.873, 68.753],
            [-178.538, 68.585],
            [-178.751, 68.661],
            [-178.693, 68.547],
            [-178.099, 68.425],
            [-178.02, 68.323],
            [-178.056, 68.265],
            [-177.797, 68.338],
            [-178.373, 68.566],
            [-177.527, 68.295],
            [-177.638, 68.241],
            [-177.588, 68.224],
            [-177.296, 68.222],
            [-175.345, 67.679],
            [-175.234, 67.446],
            [-175.374, 67.358],
            [-175.003, 67.437],
            [-174.848, 67.349],
            [-174.938, 67.094],
            [-174.784, 66.917],
            [-174.773, 66.785],
            [-174.924, 66.623],
            [-174.503, 66.538],
            [-174.395, 66.344],
            [-174.085, 66.474],
            [-174.017, 66.382],
            [-174.064, 66.229],
            [-173.776, 66.434],
            [-174.233, 66.632],
            [-174.06, 66.689],
            [-174.006, 66.779],
            [-174.085, 66.943],
            [-174.55, 67.09],
            [-173.678, 67.144],
            [-173.156, 67.069],
            [-173.344, 66.91],
            [-173.347, 66.851],
            [-173.261, 66.84],
            [-173.174, 66.865],
            [-173.192, 66.993],
            [-172.519, 66.953],
            [-173.009, 67.064],
            [-171.796, 66.932],
            [-171.36, 66.677],
            [-170.474, 66.319],
            [-170.604, 66.248],
            [-170.302, 66.293],
            [-170.194, 66.201],
            [-180, 66.17],
            [-180, 66.033],
            [-170.003, 66.033],
            [-170.539, 65.865],
            [-170.561, 65.656],
            [-170.665, 65.622],
            [-171.45, 65.793],
            [-171.054, 65.55],
            [-171.169, 65.502],
            [-171.907, 65.497],
            [-172.436, 65.67],
            [-172.782, 65.681],
            [-172.354, 65.497],
            [-172.418, 65.45],
            [-172.231, 65.455],
            [-172.31, 65.276],
            [-172.663, 65.248],
            [-172.285, 65.205],
            [-172.213, 65.049],
            [-172.591, 64.908],
            [-173.066, 64.847],
            [-172.8, 64.79],
            [-172.922, 64.705],
            [-172.901, 64.629],
            [-172.487, 64.543],
            [-172.379, 64.432],
            [-172.739, 64.412],
            [-172.793, 64.498],
            [-172.904, 64.526],
            [-172.948, 64.507],
            [-172.915, 64.37],
            [-173.156, 64.28],
            [-173.376, 64.354],
            [-173.308, 64.443],
            [-173.329, 64.54],
            [-173.603, 64.365],
            [-173.729, 64.365],
            [-174.571, 64.717],
            [-175.036, 64.814],
            [-175.442, 64.816],
            [-175.853, 65.01],
            [-175.856, 65.233],
            [-176.094, 65.471],
            [-177.055, 65.613],
            [-177.487, 65.504],
            [-178.412, 65.495],
            [-178.528, 65.594],
            [-178.502, 65.74],
            [-178.79, 65.865],
            [-178.938, 66.033],
            [-178.747, 66.014],
            [-178.585, 66.198],
            [-178.528, 66.401],
            [-178.87, 66.187],
            [-179.104, 66.233],
            [-179.143, 66.375],
            [-179.341, 66.288],
            [-179.327, 66.163],
            [-179.615, 66.128],
            [-179.683, 66.184],
            [-179.791, 65.901],
            [-179.73, 65.804],
            [-179.366, 65.639],
            [-179.352, 65.517],
            [-179.705, 65.188],
            [-180, 65.068],
            [-180, 68.984]
          ]
        ]
      }
    },
    {
      "type": "Feature",
      "properties": {},
      "geometry": {
        "type": "Polygon",
        "coordinates": [
          [
            [-15.543, 66.229],
            [-14.856, 66.382],
            [-14.596, 66.382],
            [-14.913, 66.285],
            [-15.115, 66.102],
            [-14.697, 66.021],
            [-14.69, 65.898],
            [-14.827, 65.764],
            [-14.391, 65.788],
            [-14.319, 65.684],
            [-14.474, 65.575],
            [-14.168, 65.642],
            [-13.617, 65.519],
            [-13.668, 65.399],
            [-13.804, 65.354],
            [-13.653, 65.29],
            [-13.65, 65.236],
            [-13.754, 65.193],
            [-13.581, 65.142],
            [-13.57, 65.068],
            [-13.855, 64.993],
            [-13.851, 64.863],
            [-14.046, 64.741],
            [-14.384, 64.745],
            [-14.377, 64.677],
            [-14.467, 64.636],
            [-14.434, 64.538],
            [-14.629, 64.417],
            [-15.021, 64.295],
            [-15.831, 64.177],
            [-16.641, 63.865],
            [-17.815, 63.714],
            [-17.948, 63.535],
            [-18.254, 63.53],
            [-18.222, 63.472],
            [-18.654, 63.406],
            [-20.198, 63.556],
            [-20.493, 63.688],
            [-20.472, 63.748],
            [-20.364, 63.766],
            [-20.414, 63.806],
            [-20.652, 63.738],
            [-21.138, 63.887],
            [-21.094, 63.934],
            [-21.152, 63.945],
            [-21.447, 63.858],
            [-22.653, 63.828],
            [-22.743, 64.019],
            [-22.7, 64.083],
            [-22.509, 63.991],
            [-22.056, 64.071],
            [-21.67, 64.349],
            [-21.462, 64.379],
            [-22.052, 64.314],
            [-21.901, 64.392],
            [-22.002, 64.413],
            [-21.951, 64.516],
            [-21.591, 64.627],
            [-22.16, 64.538],
            [-22.326, 64.625],
            [-22.246, 64.728],
            [-22.466, 64.795],
            [-23.348, 64.825],
            [-23.82, 64.74],
            [-24.025, 64.863],
            [-22.786, 65.047],
            [-21.894, 65.049],
            [-21.778, 65.188],
            [-22.041, 65.125],
            [-22.509, 65.196],
            [-21.843, 65.448],
            [-22.902, 65.58],
            [-23.899, 65.408],
            [-24.475, 65.524],
            [-24.248, 65.615],
            [-23.856, 65.538],
            [-24.01, 65.616],
            [-24.093, 65.776],
            [-23.614, 65.679],
            [-23.287, 65.75],
            [-23.704, 65.781],
            [-23.834, 65.849],
            [-23.524, 65.88],
            [-23.776, 66.017],
            [-23.737, 66.069],
            [-23.434, 66.024],
            [-23.6, 66.109],
            [-23.452, 66.181],
            [-23.064, 66.087],
            [-23.02, 65.983],
            [-22.66, 66.026],
            [-22.617, 65.868],
            [-22.441, 65.908],
            [-22.444, 66.069],
            [-22.948, 66.214],
            [-22.484, 66.266],
            [-22.686, 66.339],
            [-23.118, 66.339],
            [-22.891, 66.441],
            [-22.426, 66.431],
            [-21.408, 66.026],
            [-21.516, 65.967],
            [-21.31, 65.896],
            [-21.375, 65.741],
            [-21.66, 65.724],
            [-21.364, 65.578],
            [-21.433, 65.474],
            [-21.231, 65.42],
            [-21.13, 65.267],
            [-20.94, 65.566],
            [-20.803, 65.637],
            [-20.68, 65.663],
            [-20.454, 65.571],
            [-20.356, 65.719],
            [-20.356, 66.033],
            [-20.209, 66.101],
            [-19.489, 65.767],
            [-19.384, 66.076],
            [-18.844, 66.184],
            [-18.276, 65.885],
            [-18.142, 65.734],
            [-18.099, 65.83],
            [-18.315, 66.094],
            [-18.297, 66.158],
            [-17.908, 66.144],
            [-17.552, 65.964],
            [-17.152, 66.203],
            [-16.839, 66.125],
            [-16.486, 66.196],
            [-16.429, 66.278],
            [-16.54, 66.446],
            [-16.249, 66.523],
            [-15.986, 66.514],
            [-15.543, 66.229]
          ]
        ]
      }
    },
    {
      "type": "Feature",
      "properties": {},
      "geometry": {
        "type": "Polygon",
        "coordinates": [
          [
            [-72.805, 18.777],
            [-72.823, 18.708],
            [-73.079, 18.791],
            [-73.284, 18.897],
            [-73.277, 18.954],
            [-73.068, 18.932],
            [-72.805, 18.777]
          ]
        ]
      }
    },
    {
      "type": "Feature",
      "properties": {},
      "geometry": {
        "type": "Polygon",
        "coordinates": [
          [
            [167.641, -78.142],
            [167.378, -78.25],
            [166.935, -78.222],
            [166.284, -78.307],
            [166.122, -78.274],
            [166.014, -78.102],
            [166.863, -78.196],
            [167.497, -77.993],
            [167.594, -78.022],
            [167.641, -78.142]
          ]
        ]
      }
    },
    {
      "type": "Feature",
      "properties": {},
      "geometry": {
        "type": "Polygon",
        "coordinates": [
          [
            [167.083, -77.321],
            [167.461, -77.394],
            [168.451, -77.387],
            [169.275, -77.455],
            [169.351, -77.524],
            [168.519, -77.682],
            [167.393, -77.649],
            [166.73, -77.85],
            [166.215, -77.524],
            [166.626, -77.377],
            [166.413, -77.252],
            [166.507, -77.189],
            [166.986, -77.187],
            [167.108, -77.271],
            [167.083, -77.321]
          ]
        ]
      }
    },
    {
      "type": "Feature",
      "properties": {},
      "geometry": {
        "type": "Polygon",
        "coordinates": [
          [
            [100.983, -65.678],
            [100.547, -65.702],
            [100.27, -65.603],
            [100.41, -65.466],
            [100.608, -65.396],
            [101.08, -65.403],
            [101.26, -65.528],
            [100.983, -65.678]
          ]
        ]
      }
    },
    {
      "type": "Feature",
      "properties": {},
      "geometry": {
        "type": "Polygon",
        "coordinates": [
          [
            [85.823, -66.954],
            [85.65, -66.98],
            [85.359, -66.855],
            [85.315, -66.776],
            [85.341, -66.723],
            [85.805, -66.775],
            [85.938, -66.895],
            [85.823, -66.954]
          ]
        ]
      }
    },
    {
      "type": "Feature",
      "properties": {},
      "geometry": {
        "type": "Polygon",
        "coordinates": [
          [
            [96.612, -66.035],
            [96.933, -66.058],
            [97.016, -66.164],
            [96.393, -66.224],
            [96.306, -66.186],
            [96.4, -66.08],
            [96.612, -66.035]
          ]
        ]
      }
    },
    {
      "type": "Feature",
      "properties": {},
      "geometry": {
        "type": "Polygon",
        "coordinates": [
          [
            [72.003, -70.632],
            [71.841, -70.622],
            [71.661, -70.497],
            [71.646, -70.337],
            [71.797, -70.264],
            [71.88, -70.405],
            [72.075, -70.525],
            [72.078, -70.61],
            [72.003, -70.632]
          ]
        ]
      }
    },
    {
      "type": "Feature",
      "properties": {},
      "geometry": {
        "type": "Polygon",
        "coordinates": [
          [
            [-131.068, -74.583],
            [-131.842, -74.543],
            [-132.163, -74.425],
            [-131.763, -74.325],
            [-130.982, -74.415],
            [-130.968, -74.516],
            [-131.068, -74.583]
          ]
        ]
      }
    },
    {
      "type": "Feature",
      "properties": {},
      "geometry": {
        "type": "Polygon",
        "coordinates": [
          [
            [-119.548, -74.111],
            [-119.905, -74.082],
            [-119.66, -73.99],
            [-119.804, -73.814],
            [-119.217, -73.778],
            [-118.958, -73.809],
            [-118.879, -73.878],
            [-119.059, -73.998],
            [-119.548, -74.111]
          ]
        ]
      }
    },
    {
      "type": "Feature",
      "properties": {},
      "geometry": {
        "type": "Polygon",
        "coordinates": [
          [
            [-116.74, -74.165],
            [-117.23, -74.193],
            [-117.399, -74.123],
            [-116.38, -73.866],
            [-116.153, -73.91],
            [-116.74, -74.165]
          ]
        ]
      }
    },
    {
      "type": "Feature",
      "properties": {},
      "geometry": {
        "type": "Polygon",
        "coordinates": [
          [
            [-127.367, -74.623],
            [-127.915, -74.543],
            [-128.095, -74.467],
            [-128.134, -74.328],
            [-127.231, -74.425],
            [-127.144, -74.481],
            [-127.367, -74.623]
          ]
        ]
      }
    },
    {
      "type": "Feature",
      "properties": {},
      "geometry": {
        "type": "Polygon",
        "coordinates": [
          [
            [-161.993, -83.119],
            [-163.047, -83.097],
            [-163.551, -82.987],
            [-163.796, -82.843],
            [-162.799, -82.864],
            [-161.636, -83.027],
            [-161.993, -83.119]
          ]
        ]
      }
    },
    {
      "type": "Feature",
      "properties": {},
      "geometry": {
        "type": "Polygon",
        "coordinates": [
          [
            [-160.466, -81.59],
            [-163.253, -81.482],
            [-163.951, -81.39],
            [-163.868, -81.324],
            [-163.202, -81.281],
            [-162.457, -81.314],
            [-160.938, -81.463],
            [-160.466, -81.59]
          ]
        ]
      }
    },
    {
      "type": "Feature",
      "properties": {},
      "geometry": {
        "type": "Polygon",
        "coordinates": [
          [
            [-149.23, -77.121],
            [-150.462, -77.076],
            [-150.789, -76.982],
            [-149.871, -76.875],
            [-149.23, -77.121]
          ]
        ]
      }
    },
    {
      "type": "Feature",
      "properties": {},
      "geometry": {
        "type": "Polygon",
        "coordinates": [
          [
            [3.037, -70.597],
            [2.698, -70.623],
            [2.583, -70.535],
            [3.073, -70.382],
            [3.231, -70.403],
            [3.22, -70.519],
            [3.037, -70.597]
          ]
        ]
      }
    },
    {
      "type": "Feature",
      "properties": {},
      "geometry": {
        "type": "Polygon",
        "coordinates": [
          [
            [1.298, -70.255],
            [1.157, -70.379],
            [0.992, -70.224],
            [0.949, -70.094],
            [1.413, -70.04],
            [1.46, -70.136],
            [1.298, -70.255]
          ]
        ]
      }
    },
    {
      "type": "Feature",
      "properties": {},
      "geometry": {
        "type": "Polygon",
        "coordinates": [
          [
            [-2.533, -70.768],
            [-2.093, -70.821],
            [-2.371, -71.044],
            [-2.785, -71.167],
            [-2.799, -70.983],
            [-2.965, -70.941],
            [-3.008, -70.851],
            [-3.573, -70.703],
            [-3.04, -70.674],
            [-2.533, -70.768]
          ]
        ]
      }
    },
    {
      "type": "Feature",
      "properties": {},
      "geometry": {
        "type": "Polygon",
        "coordinates": [
          [
            [4.527, -70.479],
            [4.181, -70.452],
            [4.07, -70.29],
            [4.495, -70.252],
            [4.617, -70.368],
            [4.527, -70.479]
          ]
        ]
      }
    },
    {
      "type": "Feature",
      "properties": {},
      "geometry": {
        "type": "Polygon",
        "coordinates": [
          [
            [16.224, -70.007],
            [16.159, -70.071],
            [15.615, -69.939],
            [15.561, -69.863],
            [15.91, -69.728],
            [16.627, -69.75],
            [16.317, -69.844],
            [16.224, -70.007]
          ]
        ]
      }
    },
    {
      "type": "Feature",
      "properties": {},
      "geometry": {
        "type": "Polygon",
        "coordinates": [
          [
            [26.858, -70.38],
            [26.358, -70.434],
            [26.005, -70.373],
            [25.954, -70.261],
            [26.3, -70.073],
            [26.606, -70.078],
            [26.876, -70.33],
            [26.858, -70.38]
          ]
        ]
      }
    },
    {
      "type": "Feature",
      "properties": {},
      "geometry": {
        "type": "Polygon",
        "coordinates": [
          [
            [-31.121, -79.798],
            [-30.84, -79.77],
            [-30.779, -79.647],
            [-30.66, -79.732],
            [-29.871, -79.823],
            [-29.616, -79.909],
            [-30.422, -80.01],
            [-31.823, -79.85],
            [-31.999, -79.732],
            [-31.682, -79.635],
            [-31.121, -79.798]
          ]
        ]
      }
    },
    {
      "type": "Feature",
      "properties": {},
      "geometry": {
        "type": "Polygon",
        "coordinates": [
          [
            [-33.936, -79.321],
            [-36.6, -79.283],
            [-36.567, -79.208],
            [-35.534, -79.09],
            [-33.936, -79.321]
          ]
        ]
      }
    },
    {
      "type": "Feature",
      "properties": {},
      "geometry": {
        "type": "Polygon",
        "coordinates": [
          [
            [-3.281, -70.533],
            [-3.497, -70.488],
            [-3.173, -70.308],
            [-2.806, -70.288],
            [-2.684, -70.377],
            [-2.738, -70.507],
            [-3.281, -70.533]
          ]
        ]
      }
    },
    {
      "type": "Feature",
      "properties": {},
      "geometry": {
        "type": "Polygon",
        "coordinates": [
          [
            [-20.608, -73.887],
            [-20.641, -74.151],
            [-20.425, -74.318],
            [-20.418, -74.443],
            [-20.49, -74.493],
            [-20.817, -74.455],
            [-20.976, -74.226],
            [-21.166, -74.132],
            [-22.034, -74.106],
            [-21.127, -73.939],
            [-20.868, -73.677],
            [-20.691, -73.625],
            [-20.58, -73.62],
            [-20.522, -73.712],
            [-20.608, -73.887]
          ]
        ]
      }
    },
    {
      "type": "Feature",
      "properties": {},
      "geometry": {
        "type": "Polygon",
        "coordinates": [
          [
            [-67.261, -79.453],
            [-67.434, -79.501],
            [-68.55, -79.437],
            [-68.42, -79.333],
            [-68.032, -79.227],
            [-67.067, -79.269],
            [-67.24, -79.328],
            [-67.304, -79.394],
            [-67.261, -79.453]
          ]
        ]
      }
    },
    {
      "type": "Feature",
      "properties": {},
      "geometry": {
        "type": "Polygon",
        "coordinates": [
          [
            [-55.529, -63.174],
            [-55.158, -63.206],
            [-55.075, -63.324],
            [-55.831, -63.299],
            [-56.378, -63.438],
            [-56.501, -63.358],
            [-56.386, -63.233],
            [-56.044, -63.157],
            [-55.59, -63.129],
            [-55.529, -63.174]
          ]
        ]
      }
    },
    {
      "type": "Feature",
      "properties": {},
      "geometry": {
        "type": "Polygon",
        "coordinates": [
          [
            [-57.977, -61.912],
            [-57.739, -61.921],
            [-57.638, -62.02],
            [-58.146, -62.063],
            [-58.132, -62.147],
            [-58.182, -62.171],
            [-58.466, -62.138],
            [-58.564, -62.244],
            [-58.819, -62.171],
            [-59.003, -62.209],
            [-58.682, -62.008],
            [-57.977, -61.912]
          ]
        ]
      }
    },
    {
      "type": "Feature",
      "properties": {},
      "geometry": {
        "type": "Polygon",
        "coordinates": [
          [
            [-61.998, -69.722],
            [-62.084, -69.729],
            [-62.218, -69.495],
            [-62.567, -69.181],
            [-62.239, -69.176],
            [-61.814, -69.377],
            [-61.807, -69.514],
            [-61.912, -69.533],
            [-61.998, -69.722]
          ]
        ]
      }
    },
    {
      "type": "Feature",
      "properties": {},
      "geometry": {
        "type": "Polygon",
        "coordinates": [
          [
            [-62.326, -64.424],
            [-62.581, -64.514],
            [-62.783, -64.48],
            [-62.506, -64.254],
            [-62.48, -64.211],
            [-62.61, -64.117],
            [-62.452, -64.013],
            [-62.059, -64.138],
            [-62.185, -64.369],
            [-62.326, -64.424]
          ]
        ]
      }
    },
    {
      "type": "Feature",
      "properties": {},
      "geometry": {
        "type": "Polygon",
        "coordinates": [
          [
            [-56.062, -63.079],
            [-56.353, -63.169],
            [-56.612, -63.046],
            [-56.49, -62.982],
            [-56.062, -63.013],
            [-56.062, -63.079]
          ]
        ]
      }
    },
    {
      "type": "Feature",
      "properties": {},
      "geometry": {
        "type": "Polygon",
        "coordinates": [
          [
            [-60.626, -62.56],
            [-60.14, -62.549],
            [-59.849, -62.615],
            [-60.22, -62.745],
            [-60.378, -62.617],
            [-60.994, -62.68],
            [-61.148, -62.634],
            [-61.152, -62.589],
            [-60.976, -62.591],
            [-60.799, -62.475],
            [-60.626, -62.56]
          ]
        ]
      }
    },
    {
      "type": "Feature",
      "properties": {},
      "geometry": {
        "type": "Polygon",
        "coordinates": [
          [
            [-91.162, -73.182],
            [-91.511, -73.196],
            [-91.45, -72.967],
            [-91.356, -72.91],
            [-91.67, -72.623],
            [-91.302, -72.547],
            [-90.806, -72.611],
            [-90.78, -72.731],
            [-90.896, -72.823],
            [-90.777, -72.854],
            [-90.777, -72.993],
            [-91.162, -73.182]
          ]
        ]
      }
    },
    {
      "type": "Feature",
      "properties": {},
      "geometry": {
        "type": "Polygon",
        "coordinates": [
          [
            [-71.985, -69.698],
            [-72.201, -69.74],
            [-72.777, -69.644],
            [-72.957, -69.53],
            [-72.856, -69.433],
            [-72.463, -69.452],
            [-71.985, -69.698]
          ]
        ]
      }
    },
    {
      "type": "Feature",
      "properties": {},
      "geometry": {
        "type": "Polygon",
        "coordinates": [
          [
            [-65.846, -65.843],
            [-66.062, -65.881],
            [-66.181, -65.827],
            [-66.048, -65.745],
            [-66.066, -65.665],
            [-65.969, -65.572],
            [-65.638, -65.547],
            [-65.67, -65.653],
            [-65.814, -65.686],
            [-65.846, -65.843]
          ]
        ]
      }
    },
    {
      "type": "Feature",
      "properties": {},
      "geometry": {
        "type": "Polygon",
        "coordinates": [
          [
            [154.811, 49.312],
            [154.613, 49.294],
            [154.613, 49.381],
            [154.825, 49.647],
            [154.901, 49.631],
            [154.803, 49.468],
            [154.811, 49.312]
          ]
        ]
      }
    },
    {
      "type": "Feature",
      "properties": {},
      "geometry": {
        "type": "Polygon",
        "coordinates": [
          [
            [53.52, 80.185],
            [52.634, 80.18],
            [52.213, 80.263],
            [53.185, 80.412],
            [53.851, 80.268],
            [53.52, 80.185]
          ]
        ]
      }
    },
    {
      "type": "Feature",
      "properties": {},
      "geometry": {
        "type": "Polygon",
        "coordinates": [
          [
            [57.08, 80.352],
            [57.12, 80.194],
            [57.08, 80.095],
            [56.987, 80.072],
            [55.723, 80.105],
            [56.011, 80.204],
            [56.026, 80.341],
            [57.08, 80.352]
          ]
        ]
      }
    },
    {
      "type": "Feature",
      "properties": {},
      "geometry": {
        "type": "Polygon",
        "coordinates": [
          [
            [-75.509, -48.764],
            [-75.624, -48.765],
            [-75.649, -48.587],
            [-75.52, -48.328],
            [-75.559, -48.071],
            [-75.39, -48.019],
            [-75.156, -48.425],
            [-75.16, -48.623],
            [-75.509, -48.764]
          ]
        ]
      }
    },
    {
      "type": "Feature",
      "properties": {},
      "geometry": {
        "type": "Polygon",
        "coordinates": [
          [
            [-75.304, -50.68],
            [-75.329, -50.772],
            [-75.437, -50.741],
            [-75.477, -50.654],
            [-75.426, -50.481],
            [-75.117, -50.51],
            [-75.293, -50.597],
            [-75.304, -50.68]
          ]
        ]
      }
    },
    {
      "type": "Feature",
      "properties": {},
      "geometry": {
        "type": "Polygon",
        "coordinates": [
          [
            [-74.386, -52.923],
            [-73.655, -53.069],
            [-73.137, -53.354],
            [-73.569, -53.307],
            [-73.867, -53.097],
            [-74.271, -53.081],
            [-74.559, -52.921],
            [-74.713, -52.75],
            [-74.573, -52.772],
            [-74.386, -52.923]
          ]
        ]
      }
    },
    {
      "type": "Feature",
      "properties": {},
      "geometry": {
        "type": "Polygon",
        "coordinates": [
          [
            [-69.702, -54.92],
            [-68.899, -55.019],
            [-68.456, -54.96],
            [-68.399, -55.043],
            [-68.615, -55.156],
            [-68.284, -55.255],
            [-68.327, -55.333],
            [-68.089, -55.479],
            [-68.05, -55.643],
            [-68.23, -55.602],
            [-68.338, -55.505],
            [-68.867, -55.451],
            [-68.932, -55.371],
            [-68.888, -55.241],
            [-69.007, -55.256],
            [-69.191, -55.171],
            [-69.295, -55.166],
            [-69.36, -55.301],
            [-69.18, -55.475],
            [-69.457, -55.425],
            [-69.644, -55.321],
            [-69.659, -55.229],
            [-69.824, -55.237],
            [-69.979, -55.147],
            [-69.886, -54.881],
            [-69.702, -54.92]
          ]
        ]
      }
    },
    {
      "type": "Feature",
      "properties": {},
      "geometry": {
        "type": "Polygon",
        "coordinates": [
          [
            [-75.106, -48.837],
            [-75.117, -48.916],
            [-75.39, -49.16],
            [-75.505, -49.231],
            [-75.642, -49.196],
            [-75.487, -49.083],
            [-75.639, -48.943],
            [-75.585, -48.859],
            [-75.12, -48.772],
            [-75.106, -48.837]
          ]
        ]
      }
    },
    {
      "type": "Feature",
      "properties": {},
      "geometry": {
        "type": "Polygon",
        "coordinates": [
          [
            [53.765, 12.637],
            [54.186, 12.665],
            [54.51, 12.552],
            [54.128, 12.361],
            [53.718, 12.319],
            [53.315, 12.533],
            [53.534, 12.715],
            [53.765, 12.637]
          ]
        ]
      }
    },
    {
      "type": "Feature",
      "properties": {},
      "geometry": {
        "type": "Polygon",
        "coordinates": [
          [
            [58.722, 20.218],
            [58.639, 20.211],
            [58.643, 20.338],
            [58.884, 20.68],
            [58.952, 20.517],
            [58.722, 20.218]
          ]
        ]
      }
    },
    {
      "type": "Feature",
      "properties": {},
      "geometry": {
        "type": "Polygon",
        "coordinates": [
          [
            [56.188, 26.921],
            [55.954, 26.7],
            [55.849, 26.732],
            [55.424, 26.582],
            [55.295, 26.64],
            [55.763, 26.811],
            [55.759, 26.947],
            [55.907, 26.91],
            [56.213, 27.002],
            [56.281, 26.952],
            [56.188, 26.921]
          ]
        ]
      }
    },
    {
      "type": "Feature",
      "properties": {},
      "geometry": {
        "type": "Polygon",
        "coordinates": [
          [
            [41.989, 16.715],
            [42.065, 16.71],
            [42.061, 16.803],
            [42.169, 16.708],
            [42.158, 16.571],
            [42.072, 16.671],
            [41.964, 16.654],
            [41.802, 16.779],
            [41.777, 16.847],
            [41.859, 16.894],
            [41.859, 17.003],
            [41.949, 16.937],
            [41.989, 16.715]
          ]
        ]
      }
    },
    {
      "type": "Feature",
      "properties": {},
      "geometry": {
        "type": "Polygon",
        "coordinates": [
          [
            [40.142, 15.696],
            [40.182, 15.644],
            [40.25, 15.703],
            [40.409, 15.63],
            [40.398, 15.58],
            [39.977, 15.613],
            [39.948, 15.696],
            [40.07, 15.677],
            [39.941, 15.744],
            [40.002, 15.828],
            [39.955, 15.89],
            [40.095, 15.838],
            [40.142, 15.696]
          ]
        ]
      }
    },
    {
      "type": "Feature",
      "properties": {},
      "geometry": {
        "type": "Polygon",
        "coordinates": [
          [
            [50.608, 25.883],
            [50.575, 25.806],
            [50.467, 25.966],
            [50.471, 26.228],
            [50.586, 26.24],
            [50.608, 25.883]
          ]
        ]
      }
    },
    {
      "type": "Feature",
      "properties": {},
      "geometry": {
        "type": "Polygon",
        "coordinates": [
          [
            [48.275, 29.624],
            [48.181, 29.612],
            [48.08, 29.799],
            [48.185, 29.98],
            [48.347, 29.784],
            [48.275, 29.624]
          ]
        ]
      }
    },
    {
      "type": "Feature",
      "properties": {},
      "geometry": {
        "type": "Polygon",
        "coordinates": [
          [
            [168.447, -16.78],
            [168.462, -16.835],
            [168.181, -16.804],
            [168.134, -16.637],
            [168.199, -16.594],
            [168.447, -16.78]
          ]
        ]
      }
    },
    {
      "type": "Feature",
      "properties": {},
      "geometry": {
        "type": "Polygon",
        "coordinates": [
          [
            [168.296, -16.337],
            [168.023, -16.316],
            [167.929, -16.229],
            [168.163, -16.082],
            [168.296, -16.337]
          ]
        ]
      }
    },
    {
      "type": "Feature",
      "properties": {},
      "geometry": {
        "type": "Polygon",
        "coordinates": [
          [
            [168.447, -17.542],
            [168.584, -17.696],
            [168.523, -17.799],
            [168.253, -17.781],
            [168.307, -17.747],
            [168.278, -17.707],
            [168.159, -17.71],
            [168.275, -17.552],
            [168.447, -17.542]
          ]
        ]
      }
    },
    {
      "type": "Feature",
      "properties": {},
      "geometry": {
        "type": "Polygon",
        "coordinates": [
          [
            [167.911, -15.436],
            [167.843, -15.481],
            [167.673, -15.452],
            [167.825, -15.313],
            [168.001, -15.283],
            [167.911, -15.436]
          ]
        ]
      }
    },
    {
      "type": "Feature",
      "properties": {},
      "geometry": {
        "type": "Polygon",
        "coordinates": [
          [
            [166.745, -14.827],
            [166.809, -15.158],
            [166.925, -15.139],
            [166.986, -14.939],
            [167.076, -14.936],
            [167.202, -15.443],
            [167.094, -15.58],
            [166.759, -15.63],
            [166.629, -15.406],
            [166.647, -15.212],
            [166.529, -14.851],
            [166.568, -14.643],
            [166.745, -14.827]
          ]
        ]
      }
    },
    {
      "type": "Feature",
      "properties": {},
      "geometry": {
        "type": "Polygon",
        "coordinates": [
          [
            [168.213, -15.971],
            [168.123, -15.681],
            [168.159, -15.462],
            [168.267, -15.892],
            [168.213, -15.971]
          ]
        ]
      }
    },
    {
      "type": "Feature",
      "properties": {},
      "geometry": {
        "type": "Polygon",
        "coordinates": [
          [
            [167.414, -16.096],
            [167.681, -16.261],
            [167.835, -16.45],
            [167.76, -16.516],
            [167.45, -16.556],
            [167.349, -16.155],
            [167.216, -16.155],
            [167.151, -16.08],
            [167.198, -15.886],
            [167.335, -15.917],
            [167.414, -16.096]
          ]
        ]
      }
    },
    {
      "type": "Feature",
      "properties": {},
      "geometry": {
        "type": "Polygon",
        "coordinates": [
          [
            [159.879, -8.534],
            [158.943, -8.041],
            [158.598, -7.759],
            [158.457, -7.544],
            [158.735, -7.605],
            [159.109, -7.903],
            [159.433, -8.028],
            [159.843, -8.327],
            [159.793, -8.407],
            [159.879, -8.534]
          ]
        ]
      }
    },
    {
      "type": "Feature",
      "properties": {},
      "geometry": {
        "type": "Polygon",
        "coordinates": [
          [
            [157.485, -7.331],
            [157.518, -7.365],
            [157.442, -7.426],
            [157.316, -7.341],
            [157.1, -7.324],
            [156.495, -6.761],
            [156.452, -6.638],
            [156.603, -6.641],
            [157.032, -6.891],
            [157.194, -7.16],
            [157.485, -7.331]
          ]
        ]
      }
    },
    {
      "type": "Feature",
      "properties": {},
      "geometry": {
        "type": "Polygon",
        "coordinates": [
          [
            [121.161, 6.075],
            [121.215, 6.004],
            [121.391, 6.002],
            [121.409, 5.939],
            [121.294, 5.87],
            [121.219, 5.943],
            [120.931, 5.896],
            [120.877, 5.953],
            [121.039, 6.096],
            [121.161, 6.075]
          ]
        ]
      }
    },
    {
      "type": "Feature",
      "properties": {},
      "geometry": {
        "type": "Polygon",
        "coordinates": [
          [
            [-74.566, -48.592],
            [-74.922, -48.627],
            [-75.214, -48.142],
            [-75.246, -48.026],
            [-75.199, -47.974],
            [-74.829, -47.851],
            [-74.847, -48.021],
            [-74.602, -48.37],
            [-74.566, -48.592]
          ]
        ]
      }
    },
    {
      "type": "Feature",
      "properties": {},
      "geometry": {
        "type": "Polygon",
        "coordinates": [
          [
            [-64.55, -54.716],
            [-63.816, -54.725],
            [-63.971, -54.81],
            [-64.324, -54.796],
            [-64.637, -54.902],
            [-64.756, -54.826],
            [-64.55, -54.716]
          ]
        ]
      }
    },
    {
      "type": "Feature",
      "properties": {},
      "geometry": {
        "type": "Polygon",
        "coordinates": [
          [
            [-72.924, -53.482],
            [-72.881, -53.578],
            [-72.481, -53.588],
            [-72.204, -53.807],
            [-72.409, -54.003],
            [-72.87, -54.126],
            [-72.96, -54.065],
            [-72.78, -53.954],
            [-72.762, -53.864],
            [-73.039, -53.833],
            [-73.083, -53.998],
            [-73.212, -53.986],
            [-73.306, -53.944],
            [-73.313, -53.729],
            [-73.471, -53.736],
            [-73.641, -53.571],
            [-73.846, -53.546],
            [-73.687, -53.427],
            [-73.446, -53.409],
            [-73.101, -53.512],
            [-73.111, -53.425],
            [-73.054, -53.394],
            [-72.924, -53.482]
          ]
        ]
      }
    },
    {
      "type": "Feature",
      "properties": {},
      "geometry": {
        "type": "Polygon",
        "coordinates": [
          [
            [-67.081, -55.154],
            [-67.34, -55.293],
            [-67.495, -55.178],
            [-67.769, -55.26],
            [-68.071, -55.222],
            [-68.302, -54.98],
            [-68.107, -54.93],
            [-67.247, -54.977],
            [-67.106, -55.064],
            [-67.081, -55.154]
          ]
        ]
      }
    },
    {
      "type": "Feature",
      "properties": {},
      "geometry": {
        "type": "Polygon",
        "coordinates": [
          [
            [-70.991, -54.867],
            [-70.804, -54.968],
            [-70.419, -54.909],
            [-70.296, -55.114],
            [-70.476, -55.177],
            [-70.599, -55.083],
            [-70.941, -55.062],
            [-71.203, -54.894],
            [-71.387, -54.933],
            [-71.437, -54.89],
            [-71.373, -54.835],
            [-70.991, -54.867]
          ]
        ]
      }
    },
    {
      "type": "Feature",
      "properties": {},
      "geometry": {
        "type": "Polygon",
        "coordinates": [
          [
            [-74.559, -51.277],
            [-74.62, -51.395],
            [-75.048, -51.399],
            [-75.289, -51.625],
            [-75.153, -51.279],
            [-75.041, -51.317],
            [-74.613, -51.206],
            [-74.559, -51.277]
          ]
        ]
      }
    },
    {
      "type": "Feature",
      "properties": {},
      "geometry": {
        "type": "Polygon",
        "coordinates": [
          [
            [-75.055, -50.297],
            [-75.25, -50.376],
            [-75.448, -50.343],
            [-75.325, -50.012],
            [-74.875, -50.109],
            [-74.839, -50.198],
            [-75.055, -50.297]
          ]
        ]
      }
    },
    {
      "type": "Feature",
      "properties": {},
      "geometry": {
        "type": "Polygon",
        "coordinates": [
          [
            [-74.821, -51.63],
            [-74.782, -51.824],
            [-74.537, -51.965],
            [-74.695, -52.279],
            [-74.85, -52.27],
            [-75.106, -51.79],
            [-74.915, -51.737],
            [-74.911, -51.651],
            [-74.821, -51.63]
          ]
        ]
      }
    },
    {
      "type": "Feature",
      "properties": {},
      "geometry": {
        "type": "Polygon",
        "coordinates": [
          [
            [-71.391, -54.032],
            [-71.023, -54.112],
            [-71.005, -54.246],
            [-71.142, -54.374],
            [-71.473, -54.23],
            [-71.761, -54.23],
            [-71.949, -54.302],
            [-71.974, -54.208],
            [-72.211, -54.048],
            [-72.147, -53.939],
            [-71.995, -53.885],
            [-71.391, -54.032]
          ]
        ]
      }
    },
    {
      "type": "Feature",
      "properties": {},
      "geometry": {
        "type": "Polygon",
        "coordinates": [
          [
            [-73.734, -44.394],
            [-73.983, -44.495],
            [-74.001, -44.59],
            [-73.828, -44.84],
            [-73.727, -45.12],
            [-73.752, -45.267],
            [-73.849, -45.34],
            [-74.098, -45.325],
            [-74.091, -45.196],
            [-74.616, -44.648],
            [-74.479, -44.585],
            [-74.501, -44.474],
            [-74.098, -44.389],
            [-74.083, -44.186],
            [-73.993, -44.141],
            [-73.9, -44.136],
            [-73.702, -44.274],
            [-73.734, -44.394]
          ]
        ]
      }
    },
    {
      "type": "Feature",
      "properties": {},
      "geometry": {
        "type": "Polygon",
        "coordinates": [
          [
            [-74.314, -45.691],
            [-74.465, -45.757],
            [-74.677, -45.738],
            [-74.688, -45.663],
            [-74.494, -45.425],
            [-74.501, -45.285],
            [-74.31, -45.172],
            [-74.314, -45.464],
            [-74.231, -45.611],
            [-74.314, -45.691]
          ]
        ]
      }
    },
    {
      "type": "Feature",
      "properties": {},
      "geometry": {
        "type": "Polygon",
        "coordinates": [
          [
            [-61.915, 47.284],
            [-61.771, 47.26],
            [-62.009, 47.234],
            [-61.926, 47.425],
            [-61.548, 47.631],
            [-61.397, 47.638],
            [-61.685, 47.499],
            [-61.915, 47.284]
          ]
        ]
      }
    },
    {
      "type": "Feature",
      "properties": {},
      "geometry": {
        "type": "Polygon",
        "coordinates": [
          [
            [113.846, -7.105],
            [113.655, -7.112],
            [113.471, -7.218],
            [113.126, -7.225],
            [112.762, -7.14],
            [112.726, -7.074],
            [112.867, -6.9],
            [113.068, -6.879],
            [113.975, -6.872],
            [114.073, -6.961],
            [113.846, -7.105]
          ]
        ]
      }
    },
    {
      "type": "Feature",
      "properties": {},
      "geometry": {
        "type": "Polygon",
        "coordinates": [
          [
            [-157.341, 1.856],
            [-157.176, 1.74],
            [-157.421, 1.787],
            [-157.579, 1.902],
            [-157.532, 1.928],
            [-157.435, 1.848],
            [-157.367, 1.947],
            [-157.493, 2.03],
            [-157.442, 2.025],
            [-157.323, 1.969],
            [-157.341, 1.856]
          ]
        ]
      }
    },
    {
      "type": "Feature",
      "properties": {},
      "geometry": {
        "type": "Polygon",
        "coordinates": [
          [
            [-149.32, -17.689],
            [-149.176, -17.736],
            [-149.18, -17.863],
            [-149.342, -17.733],
            [-149.58, -17.734],
            [-149.634, -17.564],
            [-149.508, -17.497],
            [-149.378, -17.523],
            [-149.32, -17.689]
          ]
        ]
      }
    },
    {
      "type": "Feature",
      "properties": {},
      "geometry": {
        "type": "Polygon",
        "coordinates": [
          [
            [-172.332, -13.466],
            [-172.177, -13.684],
            [-172.224, -13.804],
            [-172.537, -13.792],
            [-172.778, -13.518],
            [-172.332, -13.466]
          ]
        ]
      }
    },
    {
      "type": "Feature",
      "properties": {},
      "geometry": {
        "type": "Polygon",
        "coordinates": [
          [
            [-171.454, -14.047],
            [-171.911, -14.002],
            [-172.048, -13.858],
            [-171.857, -13.808],
            [-171.605, -13.879],
            [-171.461, -13.978],
            [-171.454, -14.047]
          ]
        ]
      }
    },
    {
      "type": "Feature",
      "properties": {},
      "geometry": {
        "type": "Polygon",
        "coordinates": [
          [
            [144.741, 13.258],
            [144.662, 13.291],
            [144.648, 13.429],
            [144.838, 13.623],
            [144.91, 13.599],
            [144.741, 13.258]
          ]
        ]
      }
    },
    {
      "type": "Feature",
      "properties": {},
      "geometry": {
        "type": "Polygon",
        "coordinates": [
          [
            [178.488, -18.974],
            [178.358, -19.045],
            [178.286, -19.003],
            [178.16, -19.121],
            [177.959, -19.121],
            [178.333, -18.934],
            [178.488, -18.974]
          ]
        ]
      }
    },
    {
      "type": "Feature",
      "properties": {},
      "geometry": {
        "type": "Polygon",
        "coordinates": [
          [
            [169.491, -19.54],
            [169.437, -19.649],
            [169.347, -19.623],
            [169.218, -19.476],
            [169.247, -19.345],
            [169.337, -19.33],
            [169.358, -19.458],
            [169.491, -19.54]
          ]
        ]
      }
    },
    {
      "type": "Feature",
      "properties": {},
      "geometry": {
        "type": "Polygon",
        "coordinates": [
          [
            [169.333, -18.941],
            [169.247, -18.983],
            [168.987, -18.871],
            [169.016, -18.644],
            [169.142, -18.632],
            [169.333, -18.941]
          ]
        ]
      }
    },
    {
      "type": "Feature",
      "properties": {},
      "geometry": {
        "type": "Polygon",
        "coordinates": [
          [
            [168.012, -21.43],
            [168.138, -21.446],
            [168.12, -21.616],
            [167.965, -21.642],
            [167.875, -21.581],
            [167.814, -21.392],
            [167.987, -21.338],
            [168.012, -21.43]
          ]
        ]
      }
    },
    {
      "type": "Feature",
      "properties": {},
      "geometry": {
        "type": "Polygon",
        "coordinates": [
          [
            [167.4, -21.161],
            [167.072, -20.998],
            [167.033, -20.923],
            [167.191, -20.804],
            [167.054, -20.72],
            [167.205, -20.673],
            [167.299, -20.732],
            [167.292, -20.892],
            [167.432, -21.055],
            [167.4, -21.161]
          ]
        ]
      }
    },
    {
      "type": "Feature",
      "properties": {},
      "geometry": {
        "type": "Polygon",
        "coordinates": [
          [
            [166.133, -10.757],
            [165.967, -10.78],
            [165.902, -10.851],
            [165.791, -10.785],
            [165.909, -10.674],
            [166.025, -10.662],
            [166.161, -10.693],
            [166.133, -10.757]
          ]
        ]
      }
    },
    {
      "type": "Feature",
      "properties": {},
      "geometry": {
        "type": "Polygon",
        "coordinates": [
          [
            [160.578, -11.797],
            [160.445, -11.815],
            [160.272, -11.664],
            [160.002, -11.58],
            [159.998, -11.473],
            [160.578, -11.797]
          ]
        ]
      }
    },
    {
      "type": "Feature",
      "properties": {},
      "geometry": {
        "type": "Polygon",
        "coordinates": [
          [
            [160.751, -8.315],
            [160.999, -8.612],
            [160.945, -8.799],
            [161.157, -8.962],
            [161.366, -9.612],
            [161.19, -9.393],
            [160.873, -9.157],
            [160.772, -8.964],
            [160.664, -8.62],
            [160.715, -8.539],
            [160.592, -8.372],
            [160.751, -8.315]
          ]
        ]
      }
    },
    {
      "type": "Feature",
      "properties": {},
      "geometry": {
        "type": "Polygon",
        "coordinates": [
          [
            [161.715, -10.388],
            [162.104, -10.454],
            [162.288, -10.776],
            [162.374, -10.823],
            [162.122, -10.825],
            [161.787, -10.717],
            [161.539, -10.566],
            [161.489, -10.362],
            [161.294, -10.327],
            [161.305, -10.204],
            [161.715, -10.388]
          ]
        ]
      }
    },
    {
      "type": "Feature",
      "properties": {},
      "geometry": {
        "type": "Polygon",
        "coordinates": [
          [
            [157.763, -8.242],
            [157.899, -8.506],
            [157.82, -8.612],
            [157.586, -8.445],
            [157.557, -8.27],
            [157.352, -8.275],
            [157.302, -8.334],
            [157.219, -8.263],
            [157.489, -7.966],
            [157.601, -8.006],
            [157.651, -8.218],
            [157.763, -8.242]
          ]
        ]
      }
    },
    {
      "type": "Feature",
      "properties": {},
      "geometry": {
        "type": "Polygon",
        "coordinates": [
          [
            [158.108, -8.685],
            [158.011, -8.763],
            [157.939, -8.737],
            [157.878, -8.669],
            [157.91, -8.565],
            [158, -8.508],
            [158.105, -8.537],
            [158.108, -8.685]
          ]
        ]
      }
    },
    {
      "type": "Feature",
      "properties": {},
      "geometry": {
        "type": "Polygon",
        "coordinates": [
          [
            [156.686, -7.922],
            [156.51, -7.707],
            [156.56, -7.574],
            [156.809, -7.723],
            [156.686, -7.922]
          ]
        ]
      }
    },
    {
      "type": "Feature",
      "properties": {},
      "geometry": {
        "type": "Polygon",
        "coordinates": [
          [
            [157.172, -8.108],
            [157.043, -8.117],
            [156.96, -8.015],
            [157.025, -7.869],
            [157.104, -7.855],
            [157.187, -7.942],
            [157.172, -8.108]
          ]
        ]
      }
    },
    {
      "type": "Feature",
      "properties": {},
      "geometry": {
        "type": "Polygon",
        "coordinates": [
          [
            [-176.177, -43.74],
            [-176.382, -43.866],
            [-176.407, -43.761],
            [-176.501, -43.767],
            [-176.44, -43.816],
            [-176.501, -43.86],
            [-176.335, -44.049],
            [-176.515, -44.116],
            [-176.598, -44.108],
            [-176.63, -44.037],
            [-176.522, -43.901],
            [-176.555, -43.853],
            [-176.846, -43.825],
            [-176.566, -43.717],
            [-176.177, -43.74]
          ]
        ]
      }
    },
    {
      "type": "Feature",
      "properties": {},
      "geometry": {
        "type": "Polygon",
        "coordinates": [
          [
            [166.223, -50.762],
            [166.244, -50.845],
            [166.014, -50.777],
            [165.888, -50.807],
            [166.075, -50.679],
            [166.1, -50.54],
            [166.266, -50.559],
            [166.179, -50.715],
            [166.223, -50.762]
          ]
        ]
      }
    },
    {
      "type": "Feature",
      "properties": {},
      "geometry": {
        "type": "Polygon",
        "coordinates": [
          [
            [168.145, -46.863],
            [168.044, -46.932],
            [168.242, -46.979],
            [168.242, -47.069],
            [167.522, -47.259],
            [167.799, -46.906],
            [167.785, -46.7],
            [167.954, -46.694],
            [168.145, -46.863]
          ]
        ]
      }
    },
    {
      "type": "Feature",
      "properties": {},
      "geometry": {
        "type": "Polygon",
        "coordinates": [
          [
            [139.507, -16.573],
            [139.356, -16.696],
            [139.147, -16.714],
            [139.294, -16.467],
            [139.59, -16.396],
            [139.698, -16.516],
            [139.507, -16.573]
          ]
        ]
      }
    },
    {
      "type": "Feature",
      "properties": {},
      "geometry": {
        "type": "Polygon",
        "coordinates": [
          [
            [136.713, -13.804],
            [136.803, -13.842],
            [136.846, -13.75],
            [136.89, -13.787],
            [136.746, -14.073],
            [136.789, -14.158],
            [136.951, -14.184],
            [136.893, -14.294],
            [136.335, -14.212],
            [136.429, -14.127],
            [136.425, -13.865],
            [136.656, -13.676],
            [136.702, -13.681],
            [136.713, -13.804]
          ]
        ]
      }
    },
    {
      "type": "Feature",
      "properties": {},
      "geometry": {
        "type": "Polygon",
        "coordinates": [
          [
            [130.46, -11.679],
            [130.608, -11.816],
            [130.042, -11.787],
            [130.071, -11.681],
            [130.197, -11.658],
            [130.154, -11.478],
            [130.294, -11.337],
            [130.46, -11.679]
          ]
        ]
      }
    },
    {
      "type": "Feature",
      "properties": {},
      "geometry": {
        "type": "Polygon",
        "coordinates": [
          [
            [130.618, -11.375],
            [131.022, -11.334],
            [131.27, -11.19],
            [131.54, -11.436],
            [131.457, -11.587],
            [131.382, -11.582],
            [131.292, -11.71],
            [130.95, -11.926],
            [130.51, -11.618],
            [130.384, -11.191],
            [130.618, -11.375]
          ]
        ]
      }
    },
    {
      "type": "Feature",
      "properties": {},
      "geometry": {
        "type": "Polygon",
        "coordinates": [
          [
            [113.183, -26.053],
            [113.158, -26.095],
            [112.964, -25.782],
            [112.946, -25.531],
            [113.183, -26.053]
          ]
        ]
      }
    },
    {
      "type": "Feature",
      "properties": {},
      "geometry": {
        "type": "Polygon",
        "coordinates": [
          [
            [143.928, -40.117],
            [143.838, -39.905],
            [143.881, -39.7],
            [144, -39.58],
            [144.09, -39.638],
            [144.14, -39.953],
            [143.928, -40.117]
          ]
        ]
      }
    },
    {
      "type": "Feature",
      "properties": {},
      "geometry": {
        "type": "Polygon",
        "coordinates": [
          [
            [148.327, -40.308],
            [148.474, -40.433],
            [148.402, -40.486],
            [148.32, -40.434],
            [148.104, -40.452],
            [148.01, -40.381],
            [148.327, -40.308]
          ]
        ]
      }
    },
    {
      "type": "Feature",
      "properties": {},
      "geometry": {
        "type": "Polygon",
        "coordinates": [
          [
            [147.999, -39.757],
            [148.298, -39.986],
            [148.251, -40.099],
            [148.312, -40.174],
            [148.107, -40.263],
            [147.891, -40.014],
            [147.877, -39.905],
            [147.769, -39.87],
            [147.934, -39.726],
            [147.999, -39.757]
          ]
        ]
      }
    },
    {
      "type": "Feature",
      "properties": {},
      "geometry": {
        "type": "Polygon",
        "coordinates": [
          [
            [137.595, -35.738],
            [137.93, -35.726],
            [138.124, -35.853],
            [138.013, -35.907],
            [137.671, -35.898],
            [137.592, -36.027],
            [137.448, -36.075],
            [137.21, -35.983],
            [137.149, -36.039],
            [136.756, -36.034],
            [136.54, -35.89],
            [136.638, -35.749],
            [137.332, -35.593],
            [137.584, -35.62],
            [137.635, -35.657],
            [137.595, -35.738]
          ]
        ]
      }
    },
    {
      "type": "Feature",
      "properties": {},
      "geometry": {
        "type": "Polygon",
        "coordinates": [
          [
            [153.079, -25.751],
            [153.007, -25.729],
            [152.978, -25.552],
            [153.039, -25.194],
            [153.227, -25.007],
            [153.241, -24.923],
            [153.144, -24.816],
            [153.255, -24.729],
            [153.349, -25.064],
            [153.079, -25.751]
          ]
        ]
      }
    },
    {
      "type": "Feature",
      "properties": {},
      "geometry": {
        "type": "Polygon",
        "coordinates": [
          [
            [151.146, -23.491],
            [151.239, -23.529],
            [151.297, -23.72],
            [151.239, -23.776],
            [151.034, -23.531],
            [151.059, -23.46],
            [151.146, -23.491]
          ]
        ]
      }
    },
    {
      "type": "Feature",
      "properties": {},
      "geometry": {
        "type": "Polygon",
        "coordinates": [
          [
            [120.099, 12.168],
            [120.229, 12.22],
            [120.34, 12.078],
            [120.315, 12.012],
            [120.009, 12.009],
            [119.865, 12.2],
            [119.887, 12.3],
            [120.099, 12.168]
          ]
        ]
      }
    },
    {
      "type": "Feature",
      "properties": {},
      "geometry": {
        "type": "Polygon",
        "coordinates": [
          [
            [120.038, 11.703],
            [119.944, 11.691],
            [119.861, 11.955],
            [120.034, 11.917],
            [120.038, 11.703]
          ]
        ]
      }
    },
    {
      "type": "Feature",
      "properties": {},
      "geometry": {
        "type": "Polygon",
        "coordinates": [
          [
            [122.648, 10.472],
            [122.54, 10.425],
            [122.536, 10.608],
            [122.702, 10.741],
            [122.738, 10.654],
            [122.648, 10.472]
          ]
        ]
      }
    },
    {
      "type": "Feature",
      "properties": {},
      "geometry": {
        "type": "Polygon",
        "coordinates": [
          [
            [123.371, 9.45],
            [123.332, 9.424],
            [123.317, 9.49],
            [123.386, 9.967],
            [123.71, 10.474],
            [124.037, 11.274],
            [124.005, 10.399],
            [123.699, 10.128],
            [123.494, 9.589],
            [123.371, 9.45]
          ]
        ]
      }
    },
    {
      "type": "Feature",
      "properties": {},
      "geometry": {
        "type": "Polygon",
        "coordinates": [
          [
            [124.595, 9.786],
            [124.361, 9.63],
            [124.124, 9.599],
            [123.937, 9.623],
            [123.818, 9.818],
            [124.174, 10.135],
            [124.336, 10.16],
            [124.577, 10.026],
            [124.595, 9.786]
          ]
        ]
      }
    },
    {
      "type": "Feature",
      "properties": {},
      "geometry": {
        "type": "Polygon",
        "coordinates": [
          [
            [120.25, 5.257],
            [120.193, 5.169],
            [120.117, 5.216],
            [119.959, 5.08],
            [119.822, 5.07],
            [119.829, 5.134],
            [120.164, 5.332],
            [120.25, 5.257]
          ]
        ]
      }
    },
    {
      "type": "Feature",
      "properties": {},
      "geometry": {
        "type": "Polygon",
        "coordinates": [
          [
            [122.093, 6.429],
            [121.96, 6.415],
            [121.809, 6.613],
            [121.831, 6.663],
            [122.057, 6.742],
            [122.324, 6.603],
            [122.093, 6.429]
          ]
        ]
      }
    },
    {
      "type": "Feature",
      "properties": {},
      "geometry": {
        "type": "Polygon",
        "coordinates": [
          [
            [125.69, 9.915],
            [125.495, 10.118],
            [125.524, 10.309],
            [125.668, 10.441],
            [125.69, 9.915]
          ]
        ]
      }
    },
    {
      "type": "Feature",
      "properties": {},
      "geometry": {
        "type": "Polygon",
        "coordinates": [
          [
            [121.913, 13.54],
            [122.115, 13.463],
            [122.122, 13.364],
            [122.003, 13.205],
            [121.831, 13.328],
            [121.867, 13.566],
            [121.913, 13.54]
          ]
        ]
      }
    },
    {
      "type": "Feature",
      "properties": {},
      "geometry": {
        "type": "Polygon",
        "coordinates": [
          [
            [122.093, 12.354],
            [122.014, 12.106],
            [121.924, 12.331],
            [122, 12.599],
            [122.144, 12.653],
            [122.093, 12.354]
          ]
        ]
      }
    },
    {
      "type": "Feature",
      "properties": {},
      "geometry": {
        "type": "Polygon",
        "coordinates": [
          [
            [123.717, 12.288],
            [123.908, 12.168],
            [124.041, 11.967],
            [124.045, 11.752],
            [123.724, 11.951],
            [123.735, 12.003],
            [123.472, 12.217],
            [123.159, 11.925],
            [123.267, 12.396],
            [123.235, 12.583],
            [123.559, 12.444],
            [123.717, 12.288]
          ]
        ]
      }
    },
    {
      "type": "Feature",
      "properties": {},
      "geometry": {
        "type": "Polygon",
        "coordinates": [
          [
            [124.354, 13.632],
            [124.325, 13.567],
            [124.174, 13.531],
            [124.037, 13.663],
            [124.124, 13.79],
            [124.124, 13.979],
            [124.225, 14.078],
            [124.415, 13.871],
            [124.354, 13.632]
          ]
        ]
      }
    },
    {
      "type": "Feature",
      "properties": {},
      "geometry": {
        "type": "Polygon",
        "coordinates": [
          [
            [122.032, 15.005],
            [121.971, 14.894],
            [122.021, 14.76],
            [121.931, 14.656],
            [121.924, 14.8],
            [121.82, 14.963],
            [121.841, 15.038],
            [122.032, 15.005]
          ]
        ]
      }
    },
    {
      "type": "Feature",
      "properties": {},
      "geometry": {
        "type": "Polygon",
        "coordinates": [
          [
            [148.024, -5.827],
            [147.78, -5.627],
            [147.794, -5.492],
            [148.053, -5.612],
            [148.024, -5.827]
          ]
        ]
      }
    },
    {
      "type": "Feature",
      "properties": {},
      "geometry": {
        "type": "Polygon",
        "coordinates": [
          [
            [147.175, -5.431],
            [147.006, -5.306],
            [147.132, -5.19],
            [147.207, -5.251],
            [147.175, -5.431]
          ]
        ]
      }
    },
    {
      "type": "Feature",
      "properties": {},
      "geometry": {
        "type": "Polygon",
        "coordinates": [
          [
            [147.067, -1.959],
            [147.423, -1.994],
            [147.438, -2.058],
            [147.337, -2.065],
            [147.207, -2.182],
            [146.746, -2.149],
            [146.545, -2.209],
            [146.534, -2.126],
            [146.606, -2.102],
            [146.595, -2.017],
            [146.656, -1.973],
            [147.067, -1.959]
          ]
        ]
      }
    },
    {
      "type": "Feature",
      "properties": {},
      "geometry": {
        "type": "Polygon",
        "coordinates": [
          [
            [154.649, -5.433],
            [154.541, -5.11],
            [154.634, -5.015],
            [154.728, -5.218],
            [154.649, -5.433]
          ]
        ]
      }
    },
    {
      "type": "Feature",
      "properties": {},
      "geometry": {
        "type": "Polygon",
        "coordinates": [
          [
            [150.437, -2.662],
            [150.167, -2.661],
            [149.961, -2.473],
            [150.228, -2.385],
            [150.429, -2.47],
            [150.437, -2.662]
          ]
        ]
      }
    },
    {
      "type": "Feature",
      "properties": {},
      "geometry": {
        "type": "Polygon",
        "coordinates": [
          [
            [151.081, -10.02],
            [151.257, -9.922],
            [151.297, -9.957],
            [151.232, -10.195],
            [150.959, -10.092],
            [150.775, -9.709],
            [151.081, -10.02]
          ]
        ]
      }
    },
    {
      "type": "Feature",
      "properties": {},
      "geometry": {
        "type": "Polygon",
        "coordinates": [
          [
            [150.347, -9.494],
            [150.275, -9.501],
            [150.109, -9.362],
            [150.21, -9.207],
            [150.321, -9.264],
            [150.347, -9.494]
          ]
        ]
      }
    },
    {
      "type": "Feature",
      "properties": {},
      "geometry": {
        "type": "Polygon",
        "coordinates": [
          [
            [150.53, -9.346],
            [150.671, -9.429],
            [150.789, -9.417],
            [150.879, -9.513],
            [150.894, -9.667],
            [150.843, -9.704],
            [150.847, -9.662],
            [150.437, -9.624],
            [150.509, -9.537],
            [150.437, -9.36],
            [150.53, -9.346]
          ]
        ]
      }
    },
    {
      "type": "Feature",
      "properties": {},
      "geometry": {
        "type": "Polygon",
        "coordinates": [
          [
            [152.633, -8.959],
            [152.809, -8.968],
            [152.953, -9.07],
            [152.967, -9.209],
            [152.719, -9.167],
            [152.514, -9.009],
            [152.633, -8.959]
          ]
        ]
      }
    },
    {
      "type": "Feature",
      "properties": {},
      "geometry": {
        "type": "Polygon",
        "coordinates": [
          [
            [153.536, -11.476],
            [153.759, -11.587],
            [153.554, -11.631],
            [153.378, -11.559],
            [153.356, -11.495],
            [153.288, -11.518],
            [153.324, -11.471],
            [153.205, -11.323],
            [153.536, -11.476]
          ]
        ]
      }
    },
    {
      "type": "Feature",
      "properties": {},
      "geometry": {
        "type": "Polygon",
        "coordinates": [
          [
            [135.385, -0.652],
            [135.892, -0.725],
            [136.155, -0.978],
            [136.375, -1.095],
            [136.166, -1.215],
            [135.914, -1.178],
            [135.838, -1.119],
            [135.748, -0.822],
            [135.644, -0.881],
            [135.432, -0.768],
            [135.385, -0.652]
          ]
        ]
      }
    },
    {
      "type": "Feature",
      "properties": {},
      "geometry": {
        "type": "Polygon",
        "coordinates": [
          [
            [135.475, -1.591],
            [136.202, -1.656],
            [136.893, -1.8],
            [136.227, -1.893],
            [135.489, -1.668],
            [135.475, -1.591]
          ]
        ]
      }
    },
    {
      "type": "Feature",
      "properties": {},
      "geometry": {
        "type": "Polygon",
        "coordinates": [
          [
            [138.895, -8.389],
            [138.596, -8.372],
            [138.564, -8.31],
            [138.675, -8.199],
            [138.798, -8.174],
            [138.895, -8.389]
          ]
        ]
      }
    },
    {
      "type": "Feature",
      "properties": {},
      "geometry": {
        "type": "Polygon",
        "coordinates": [
          [
            [130.352, -1.69],
            [130.424, -1.805],
            [130.381, -1.902],
            [130.42, -1.971],
            [130.248, -2.048],
            [129.887, -1.987],
            [129.736, -1.867],
            [130.352, -1.69]
          ]
        ]
      }
    },
    {
      "type": "Feature",
      "properties": {},
      "geometry": {
        "type": "Polygon",
        "coordinates": [
          [
            [131.004, -1.315],
            [130.845, -1.317],
            [130.784, -1.256],
            [130.672, -0.959],
            [130.896, -0.89],
            [131.032, -0.918],
            [131.076, -0.968],
            [131.004, -1.315]
          ]
        ]
      }
    },
    {
      "type": "Feature",
      "properties": {},
      "geometry": {
        "type": "Polygon",
        "coordinates": [
          [
            [130.813, -0.005],
            [131.277, -0.15],
            [131.338, -0.291],
            [131.22, -0.374],
            [131.007, -0.36],
            [130.622, -0.086],
            [130.762, -0.291],
            [130.899, -0.345],
            [130.896, -0.416],
            [130.752, -0.444],
            [130.69, -0.296],
            [130.55, -0.366],
            [130.496, -0.267],
            [130.237, -0.209],
            [130.363, -0.072],
            [130.813, -0.005]
          ]
        ]
      }
    },
    {
      "type": "Feature",
      "properties": {},
      "geometry": {
        "type": "Polygon",
        "coordinates": [
          [
            [128.455, 2.053],
            [128.296, 2.035],
            [128.217, 2.297],
            [128.329, 2.469],
            [128.602, 2.598],
            [128.689, 2.474],
            [128.624, 2.224],
            [128.455, 2.053]
          ]
        ]
      }
    },
    {
      "type": "Feature",
      "properties": {},
      "geometry": {
        "type": "Polygon",
        "coordinates": [
          [
            [127.249, -0.496],
            [127.119, -0.52],
            [127.126, -0.279],
            [127.288, -0.284],
            [127.249, -0.496]
          ]
        ]
      }
    },
    {
      "type": "Feature",
      "properties": {},
      "geometry": {
        "type": "Polygon",
        "coordinates": [
          [
            [127.565, -0.319],
            [127.681, -0.468],
            [127.605, -0.61],
            [127.659, -0.69],
            [127.839, -0.723],
            [127.843, -0.848],
            [127.76, -0.883],
            [127.623, -0.767],
            [127.461, -0.807],
            [127.468, -0.643],
            [127.299, -0.501],
            [127.324, -0.336],
            [127.454, -0.406],
            [127.565, -0.319]
          ]
        ]
      }
    },
    {
      "type": "Feature",
      "properties": {},
      "geometry": {
        "type": "Polygon",
        "coordinates": [
          [
            [128.152, -1.661],
            [128.062, -1.713],
            [127.562, -1.728],
            [127.393, -1.645],
            [127.457, -1.454],
            [127.648, -1.333],
            [127.904, -1.439],
            [128.149, -1.603],
            [128.152, -1.661]
          ]
        ]
      }
    },
    {
      "type": "Feature",
      "properties": {},
      "geometry": {
        "type": "Polygon",
        "coordinates": [
          [
            [134.748, -5.707],
            [134.715, -6.296],
            [134.636, -6.365],
            [134.442, -6.334],
            [134.154, -6.063],
            [134.154, -6.02],
            [134.301, -6.009],
            [134.344, -5.832],
            [134.204, -5.707],
            [134.341, -5.713],
            [134.506, -5.438],
            [134.571, -5.428],
            [134.748, -5.707]
          ]
        ]
      }
    },
    {
      "type": "Feature",
      "properties": {},
      "geometry": {
        "type": "Polygon",
        "coordinates": [
          [
            [134.535, -6.442],
            [134.503, -6.591],
            [134.323, -6.848],
            [134.2, -6.909],
            [134.092, -6.834],
            [134.107, -6.471],
            [134.193, -6.459],
            [134.125, -6.426],
            [134.114, -6.19],
            [134.535, -6.442]
          ]
        ]
      }
    },
    {
      "type": "Feature",
      "properties": {},
      "geometry": {
        "type": "Polygon",
        "coordinates": [
          [
            [132.926, -5.902],
            [132.847, -5.989],
            [133.113, -5.31],
            [133.174, -5.348],
            [133.12, -5.575],
            [132.973, -5.735],
            [132.926, -5.902]
          ]
        ]
      }
    },
    {
      "type": "Feature",
      "properties": {},
      "geometry": {
        "type": "Polygon",
        "coordinates": [
          [
            [132.807, -5.851],
            [132.746, -5.947],
            [132.681, -5.912],
            [132.631, -5.607],
            [132.739, -5.662],
            [132.807, -5.851]
          ]
        ]
      }
    },
    {
      "type": "Feature",
      "properties": {},
      "geometry": {
        "type": "Polygon",
        "coordinates": [
          [
            [128.275, -3.674],
            [128.192, -3.735],
            [128.109, -3.687],
            [127.979, -3.772],
            [127.925, -3.699],
            [128.015, -3.602],
            [128.329, -3.517],
            [128.275, -3.674]
          ]
        ]
      }
    },
    {
      "type": "Feature",
      "properties": {},
      "geometry": {
        "type": "Polygon",
        "coordinates": [
          [
            [123.181, -4.551],
            [123.195, -4.822],
            [123.119, -4.723],
            [123.055, -4.749],
            [122.972, -5.138],
            [123.202, -5.273],
            [123.188, -5.332],
            [122.968, -5.405],
            [122.813, -5.671],
            [122.644, -5.664],
            [122.587, -5.489],
            [122.767, -5.211],
            [122.853, -4.619],
            [122.947, -4.444],
            [123.076, -4.386],
            [123.181, -4.551]
          ]
        ]
      }
    },
    {
      "type": "Feature",
      "properties": {},
      "geometry": {
        "type": "Polygon",
        "coordinates": [
          [
            [122.644, -5.27],
            [122.565, -5.388],
            [122.392, -5.336],
            [122.306, -5.381],
            [122.284, -5.32],
            [122.396, -5.07],
            [122.335, -4.846],
            [122.371, -4.766],
            [122.702, -4.619],
            [122.759, -4.933],
            [122.615, -5.138],
            [122.644, -5.27]
          ]
        ]
      }
    },
    {
      "type": "Feature",
      "properties": {},
      "geometry": {
        "type": "Polygon",
        "coordinates": [
          [
            [122.043, -5.438],
            [121.978, -5.464],
            [121.809, -5.256],
            [121.913, -5.072],
            [122.039, -5.159],
            [122.043, -5.438]
          ]
        ]
      }
    },
    {
      "type": "Feature",
      "properties": {},
      "geometry": {
        "type": "Polygon",
        "coordinates": [
          [
            [123.242, -4.114],
            [123.145, -4.233],
            [123.076, -4.227],
            [122.968, -4.03],
            [123.026, -3.982],
            [123.213, -3.997],
            [123.242, -4.114]
          ]
        ]
      }
    },
    {
      "type": "Feature",
      "properties": {},
      "geometry": {
        "type": "Polygon",
        "coordinates": [
          [
            [126.053, -2.451],
            [125.978, -2.416],
            [125.863, -2.077],
            [125.924, -1.975],
            [125.992, -2.011],
            [126.053, -2.451]
          ]
        ]
      }
    },
    {
      "type": "Feature",
      "properties": {},
      "geometry": {
        "type": "Polygon",
        "coordinates": [
          [
            [126.025, -1.789],
            [126.331, -1.822],
            [125.956, -1.916],
            [125.477, -1.94],
            [125.387, -1.843],
            [126.025, -1.789]
          ]
        ]
      }
    },
    {
      "type": "Feature",
      "properties": {},
      "geometry": {
        "type": "Polygon",
        "coordinates": [
          [
            [124.97, -1.706],
            [125.189, -1.713],
            [125.197, -1.781],
            [125.319, -1.81],
            [125.315, -1.878],
            [125.006, -1.944],
            [124.833, -1.895],
            [124.419, -2.004],
            [124.329, -1.859],
            [124.419, -1.659],
            [124.664, -1.636],
            [124.97, -1.706]
          ]
        ]
      }
    },
    {
      "type": "Feature",
      "properties": {},
      "geometry": {
        "type": "Polygon",
        "coordinates": [
          [
            [123.213, -1.171],
            [123.238, -1.39],
            [123.339, -1.255],
            [123.436, -1.237],
            [123.548, -1.338],
            [123.512, -1.447],
            [123.368, -1.508],
            [123.274, -1.437],
            [123.173, -1.616],
            [123.123, -1.557],
            [123.184, -1.492],
            [123.152, -1.305],
            [122.889, -1.588],
            [122.81, -1.432],
            [122.907, -1.182],
            [123.213, -1.171]
          ]
        ]
      }
    },
    {
      "type": "Feature",
      "properties": {},
      "geometry": {
        "type": "Polygon",
        "coordinates": [
          [
            [126.817, 4.033],
            [126.712, 4.019],
            [126.705, 4.072],
            [126.813, 4.259],
            [126.723, 4.344],
            [126.759, 4.547],
            [126.863, 4.48],
            [126.921, 4.29],
            [126.817, 4.033]
          ]
        ]
      }
    },
    {
      "type": "Feature",
      "properties": {},
      "geometry": {
        "type": "Polygon",
        "coordinates": [
          [
            [120.527, -6.298],
            [120.488, -6.464],
            [120.434, -6.18],
            [120.477, -5.775],
            [120.549, -5.969],
            [120.527, -6.298]
          ]
        ]
      }
    },
    {
      "type": "Feature",
      "properties": {},
      "geometry": {
        "type": "Polygon",
        "coordinates": [
          [
            [131.324, -7.999],
            [131.115, -7.997],
            [131.137, -7.685],
            [131.529, -7.166],
            [131.644, -7.114],
            [131.738, -7.197],
            [131.644, -7.266],
            [131.691, -7.438],
            [131.623, -7.626],
            [131.324, -7.999]
          ]
        ]
      }
    },
    {
      "type": "Feature",
      "properties": {},
      "geometry": {
        "type": "Polygon",
        "coordinates": [
          [
            [129.837, -7.954],
            [129.779, -8.046],
            [129.715, -8.041],
            [129.592, -7.917],
            [129.61, -7.803],
            [129.812, -7.82],
            [129.837, -7.954]
          ]
        ]
      }
    },
    {
      "type": "Feature",
      "properties": {},
      "geometry": {
        "type": "Polygon",
        "coordinates": [
          [
            [126.802, -7.667],
            [126.813, -7.738],
            [126.579, -7.808],
            [126.471, -7.95],
            [126.039, -7.886],
            [125.798, -7.985],
            [125.809, -7.881],
            [125.974, -7.664],
            [126.215, -7.707],
            [126.608, -7.572],
            [126.802, -7.667]
          ]
        ]
      }
    },
    {
      "type": "Feature",
      "properties": {},
      "geometry": {
        "type": "Polygon",
        "coordinates": [
          [
            [122.95, -10.908],
            [122.828, -10.9],
            [122.846, -10.763],
            [123.062, -10.698],
            [123.371, -10.474],
            [123.418, -10.651],
            [122.95, -10.908]
          ]
        ]
      }
    },
    {
      "type": "Feature",
      "properties": {},
      "geometry": {
        "type": "Polygon",
        "coordinates": [
          [
            [124.574, -8.141],
            [124.599, -8.202],
            [125.049, -8.179],
            [125.125, -8.205],
            [125.132, -8.327],
            [124.379, -8.416],
            [124.43, -8.183],
            [124.574, -8.141]
          ]
        ]
      }
    },
    {
      "type": "Feature",
      "properties": {},
      "geometry": {
        "type": "Polygon",
        "coordinates": [
          [
            [124.286, -8.329],
            [124.145, -8.532],
            [124.066, -8.551],
            [124.016, -8.443],
            [123.929, -8.449],
            [124.012, -8.318],
            [124.109, -8.363],
            [124.239, -8.204],
            [124.304, -8.228],
            [124.286, -8.329]
          ]
        ]
      }
    },
    {
      "type": "Feature",
      "properties": {},
      "geometry": {
        "type": "Polygon",
        "coordinates": [
          [
            [123.926, -8.273],
            [123.785, -8.299],
            [123.551, -8.567],
            [123.231, -8.53],
            [123.476, -8.322],
            [123.389, -8.28],
            [123.602, -8.291],
            [123.775, -8.19],
            [123.926, -8.273]
          ]
        ]
      }
    },
    {
      "type": "Feature",
      "properties": {},
      "geometry": {
        "type": "Polygon",
        "coordinates": [
          [
            [123.317, -8.355],
            [123.296, -8.398],
            [123.026, -8.395],
            [123.217, -8.235],
            [123.335, -8.27],
            [123.317, -8.355]
          ]
        ]
      }
    },
    {
      "type": "Feature",
      "properties": {},
      "geometry": {
        "type": "Polygon",
        "coordinates": [
          [
            [117.925, 4.054],
            [117.737, 4.004],
            [117.626, 4.122],
            [117.662, 4.25],
            [117.885, 4.186],
            [117.925, 4.054]
          ]
        ]
      }
    },
    {
      "type": "Feature",
      "properties": {},
      "geometry": {
        "type": "Polygon",
        "coordinates": [
          [
            [116.305, -3.869],
            [116.092, -4.055],
            [116.024, -3.612],
            [116.117, -3.339],
            [116.269, -3.251],
            [116.305, -3.869]
          ]
        ]
      }
    },
    {
      "type": "Feature",
      "properties": {},
      "geometry": {
        "type": "Polygon",
        "coordinates": [
          [
            [109.709, -1.18],
            [109.464, -1.277],
            [109.475, -0.985],
            [109.742, -1.039],
            [109.709, -1.18]
          ]
        ]
      }
    },
    {
      "type": "Feature",
      "properties": {},
      "geometry": {
        "type": "Polygon",
        "coordinates": [
          [
            [108.316, 3.69],
            [108.179, 3.653],
            [108.1, 3.705],
            [108.244, 3.811],
            [108.089, 3.853],
            [108.003, 3.983],
            [108.003, 4.042],
            [108.248, 4.217],
            [108.392, 3.986],
            [108.395, 3.835],
            [108.316, 3.69]
          ]
        ]
      }
    },
    {
      "type": "Feature",
      "properties": {},
      "geometry": {
        "type": "Polygon",
        "coordinates": [
          [
            [101.706, 2.079],
            [101.775, 1.943],
            [101.721, 1.789],
            [101.602, 1.716],
            [101.501, 1.733],
            [101.404, 1.902],
            [101.411, 2.021],
            [101.642, 2.127],
            [101.706, 2.079]
          ]
        ]
      }
    },
    {
      "type": "Feature",
      "properties": {},
      "geometry": {
        "type": "Polygon",
        "coordinates": [
          [
            [102.426, 0.99],
            [102.38, 0.959],
            [102.279, 1.075],
            [102.257, 1.396],
            [102.444, 1.235],
            [102.426, 0.99]
          ]
        ]
      }
    },
    {
      "type": "Feature",
      "properties": {},
      "geometry": {
        "type": "Polygon",
        "coordinates": [
          [
            [102.491, 1.459],
            [102.498, 1.33],
            [102.077, 1.499],
            [102.023, 1.608],
            [102.47, 1.509],
            [102.491, 1.459]
          ]
        ]
      }
    },
    {
      "type": "Feature",
      "properties": {},
      "geometry": {
        "type": "Polygon",
        "coordinates": [
          [
            [103.028, 0.747],
            [103.01, 0.709],
            [102.491, 0.856],
            [102.506, 1.089],
            [102.549, 1.131],
            [103.002, 0.86],
            [103.028, 0.747]
          ]
        ]
      }
    },
    {
      "type": "Feature",
      "properties": {},
      "geometry": {
        "type": "Polygon",
        "coordinates": [
          [
            [103.168, 0.87],
            [103.085, 0.848],
            [102.704, 1.054],
            [102.725, 1.159],
            [102.999, 1.068],
            [103.168, 0.87]
          ]
        ]
      }
    },
    {
      "type": "Feature",
      "properties": {},
      "geometry": {
        "type": "Polygon",
        "coordinates": [
          [
            [104.586, 1.216],
            [104.662, 1.049],
            [104.576, 0.832],
            [104.428, 0.957],
            [104.439, 1.051],
            [104.252, 1.014],
            [104.252, 1.103],
            [104.363, 1.181],
            [104.586, 1.216]
          ]
        ]
      }
    },
    {
      "type": "Feature",
      "properties": {},
      "geometry": {
        "type": "Polygon",
        "coordinates": [
          [
            [104.777, -0.176],
            [104.842, -0.14],
            [105.004, -0.282],
            [104.914, -0.324],
            [104.702, -0.209],
            [104.565, -0.246],
            [104.446, -0.189],
            [104.543, 0.018],
            [104.777, -0.176]
          ]
        ]
      }
    },
    {
      "type": "Feature",
      "properties": {},
      "geometry": {
        "type": "Polygon",
        "coordinates": [
          [
            [104.475, -0.334],
            [104.59, -0.466],
            [104.507, -0.597],
            [104.414, -0.584],
            [104.363, -0.659],
            [104.259, -0.463],
            [104.302, -0.387],
            [104.475, -0.334]
          ]
        ]
      }
    },
    {
      "type": "Feature",
      "properties": {},
      "geometry": {
        "type": "Polygon",
        "coordinates": [
          [
            [108.208, -2.997],
            [108.168, -3.143],
            [108.057, -3.227],
            [107.978, -3.221],
            [107.859, -3.086],
            [107.823, -3.161],
            [107.614, -3.209],
            [107.564, -2.919],
            [107.668, -2.567],
            [107.837, -2.53],
            [108.215, -2.697],
            [108.291, -2.831],
            [108.208, -2.997]
          ]
        ]
      }
    },
    {
      "type": "Feature",
      "properties": {},
      "geometry": {
        "type": "Polygon",
        "coordinates": [
          [
            [97.48, 1.466],
            [97.934, 0.975],
            [97.822, 0.565],
            [97.685, 0.596],
            [97.602, 0.834],
            [97.404, 0.947],
            [97.296, 1.188],
            [97.08, 1.426],
            [97.246, 1.424],
            [97.358, 1.54],
            [97.48, 1.466]
          ]
        ]
      }
    },
    {
      "type": "Feature",
      "properties": {},
      "geometry": {
        "type": "Polygon",
        "coordinates": [
          [
            [100.425, -3.183],
            [100.464, -3.329],
            [100.205, -2.987],
            [100.198, -2.786],
            [100.454, -3.003],
            [100.425, -3.183]
          ]
        ]
      }
    },
    {
      "type": "Feature",
      "properties": {},
      "geometry": {
        "type": "Polygon",
        "coordinates": [
          [
            [100.205, -2.741],
            [100.133, -2.822],
            [100.014, -2.82],
            [99.989, -2.525],
            [100.202, -2.68],
            [100.205, -2.741]
          ]
        ]
      }
    },
    {
      "type": "Feature",
      "properties": {},
      "geometry": {
        "type": "Polygon",
        "coordinates": [
          [
            [99.842, -2.343],
            [99.608, -2.258],
            [99.539, -2.161],
            [99.572, -2.025],
            [99.687, -2.063],
            [99.842, -2.343]
          ]
        ]
      }
    },
    {
      "type": "Feature",
      "properties": {},
      "geometry": {
        "type": "Polygon",
        "coordinates": [
          [
            [99.165, -1.779],
            [99.071, -1.784],
            [98.826, -1.61],
            [98.603, -1.197],
            [98.675, -0.97],
            [98.87, -0.916],
            [98.934, -0.954],
            [99.266, -1.628],
            [99.273, -1.739],
            [99.165, -1.779]
          ]
        ]
      }
    },
    {
      "type": "Feature",
      "properties": {},
      "geometry": {
        "type": "Polygon",
        "coordinates": [
          [
            [98.459, -0.531],
            [98.398, -0.577],
            [98.308, -0.532],
            [98.427, -0.227],
            [98.322, -0.001],
            [98.416, -0.017],
            [98.546, -0.258],
            [98.459, -0.531]
          ]
        ]
      }
    },
    {
      "type": "Feature",
      "properties": {},
      "geometry": {
        "type": "Polygon",
        "coordinates": [
          [
            [96.465, 2.36],
            [95.81, 2.655],
            [95.716, 2.827],
            [95.806, 2.915],
            [95.896, 2.889],
            [96.418, 2.514],
            [96.465, 2.36]
          ]
        ]
      }
    },
    {
      "type": "Feature",
      "properties": {},
      "geometry": {
        "type": "Polygon",
        "coordinates": [
          [
            [117.143, 7.169],
            [117.082, 7.115],
            [117.064, 7.261],
            [117.266, 7.351],
            [117.266, 7.221],
            [117.143, 7.169]
          ]
        ]
      }
    },
    {
      "type": "Feature",
      "properties": {},
      "geometry": {
        "type": "Polygon",
        "coordinates": [
          [
            [22.923, 58.827],
            [22.84, 58.778],
            [22.768, 58.822],
            [22.66, 58.709],
            [22.542, 58.69],
            [22.473, 58.712],
            [22.412, 58.863],
            [22.056, 58.943],
            [22.462, 58.974],
            [22.65, 59.087],
            [22.725, 59.014],
            [22.909, 58.992],
            [23.01, 58.834],
            [22.923, 58.827]
          ]
        ]
      }
    },
    {
      "type": "Feature",
      "properties": {},
      "geometry": {
        "type": "Polygon",
        "coordinates": [
          [
            [57.811, 81.546],
            [58.564, 81.419],
            [57.858, 81.369],
            [58.016, 81.254],
            [57.451, 81.136],
            [56.821, 81.239],
            [56.512, 81.174],
            [56.191, 81.225],
            [55.716, 81.188],
            [55.468, 81.312],
            [56.155, 81.303],
            [57.091, 81.541],
            [57.811, 81.546]
          ]
        ]
      }
    },
    {
      "type": "Feature",
      "properties": {},
      "geometry": {
        "type": "Polygon",
        "coordinates": [
          [
            [54.719, 81.115],
            [55.471, 81.02],
            [56.472, 80.999],
            [57.692, 80.792],
            [56.814, 80.664],
            [55.885, 80.628],
            [55.118, 80.753],
            [54.067, 80.813],
            [54.046, 80.872],
            [54.366, 80.904],
            [54.416, 80.987],
            [54.719, 81.115]
          ]
        ]
      }
    },
    {
      "type": "Feature",
      "properties": {},
      "geometry": {
        "type": "Polygon",
        "coordinates": [
          [
            [58.621, 81.042],
            [58.931, 80.832],
            [58.643, 80.768],
            [57.937, 80.792],
            [57.21, 81.016],
            [58.049, 81.119],
            [58.621, 81.042]
          ]
        ]
      }
    },
    {
      "type": "Feature",
      "properties": {},
      "geometry": {
        "type": "Polygon",
        "coordinates": [
          [
            [11.252, 78.61],
            [11.263, 78.541],
            [11.824, 78.437],
            [12.116, 78.232],
            [11.965, 78.225],
            [11.587, 78.388],
            [11.122, 78.463],
            [10.629, 78.754],
            [10.557, 78.904],
            [10.96, 78.846],
            [11.155, 78.725],
            [11.079, 78.687],
            [11.252, 78.61]
          ]
        ]
      }
    },
    {
      "type": "Feature",
      "properties": {},
      "geometry": {
        "type": "Polygon",
        "coordinates": [
          [
            [53.142, 71.243],
            [53.207, 71.159],
            [53.048, 71.031],
            [53.12, 70.982],
            [53.023, 70.968],
            [52.739, 71.18],
            [52.238, 71.324],
            [52.512, 71.385],
            [52.728, 71.356],
            [52.732, 71.404],
            [53.142, 71.243]
          ]
        ]
      }
    },
    {
      "type": "Feature",
      "properties": {},
      "geometry": {
        "type": "Polygon",
        "coordinates": [
          [
            [74.659, 72.873],
            [74.101, 73.022],
            [74.199, 73.109],
            [74.407, 73.13],
            [74.962, 73.062],
            [74.742, 73.033],
            [74.649, 72.968],
            [74.699, 72.908],
            [74.659, 72.873]
          ]
        ]
      }
    },
    {
      "type": "Feature",
      "properties": {},
      "geometry": {
        "type": "Polygon",
        "coordinates": [
          [
            [77.633, 72.291],
            [76.87, 72.317],
            [77.579, 72.632],
            [78.277, 72.553],
            [78.364, 72.482],
            [77.633, 72.291]
          ]
        ]
      }
    },
    {
      "type": "Feature",
      "properties": {},
      "geometry": {
        "type": "Polygon",
        "coordinates": [
          [
            [79.501, 72.722],
            [78.882, 72.751],
            [78.634, 72.85],
            [79.163, 73.095],
            [79.541, 72.918],
            [79.501, 72.722]
          ]
        ]
      }
    },
    {
      "type": "Feature",
      "properties": {},
      "geometry": {
        "type": "Polygon",
        "coordinates": [
          [
            [135.95, 75.409],
            [135.453, 75.39],
            [135.594, 75.576],
            [135.579, 75.709],
            [135.698, 75.845],
            [135.903, 75.694],
            [136.17, 75.605],
            [135.982, 75.522],
            [136.022, 75.439],
            [135.95, 75.409]
          ]
        ]
      }
    },
    {
      "type": "Feature",
      "properties": {},
      "geometry": {
        "type": "Polygon",
        "coordinates": [
          [
            [169.2, 69.58],
            [168.347, 69.665],
            [167.789, 69.837],
            [168.059, 69.975],
            [168.357, 70.015],
            [169.419, 69.856],
            [169.419, 69.779],
            [169.333, 69.769],
            [169.2, 69.58]
          ]
        ]
      }
    },
    {
      "type": "Feature",
      "properties": {},
      "geometry": {
        "type": "Polygon",
        "coordinates": [
          [
            [163.634, 58.603],
            [163.472, 58.509],
            [163.433, 58.546],
            [163.728, 58.799],
            [163.76, 59.014],
            [164.574, 59.221],
            [164.66, 58.971],
            [164.617, 58.886],
            [164.279, 58.837],
            [163.634, 58.603]
          ]
        ]
      }
    },
    {
      "type": "Feature",
      "properties": {},
      "geometry": {
        "type": "Polygon",
        "coordinates": [
          [
            [166.651, 54.839],
            [166.644, 54.693],
            [166.23, 54.936],
            [165.992, 55.19],
            [165.751, 55.294],
            [165.931, 55.351],
            [166.277, 55.311],
            [166.248, 55.166],
            [166.651, 54.839]
          ]
        ]
      }
    },
    {
      "type": "Feature",
      "properties": {},
      "geometry": {
        "type": "Polygon",
        "coordinates": [
          [
            [155.919, 50.303],
            [155.397, 50.041],
            [155.243, 50.095],
            [155.196, 50.265],
            [155.682, 50.4],
            [155.883, 50.685],
            [156.096, 50.772],
            [156.099, 50.56],
            [155.919, 50.303]
          ]
        ]
      }
    },
    {
      "type": "Feature",
      "properties": {},
      "geometry": {
        "type": "Polygon",
        "coordinates": [
          [
            [149.688, 45.642],
            [149.446, 45.593],
            [149.666, 45.84],
            [149.961, 46.022],
            [150.311, 46.201],
            [150.552, 46.208],
            [149.688, 45.642]
          ]
        ]
      }
    },
    {
      "type": "Feature",
      "properties": {},
      "geometry": {
        "type": "Polygon",
        "coordinates": [
          [
            [148.6, 45.317],
            [148.262, 45.217],
            [147.913, 44.991],
            [147.657, 44.977],
            [147.207, 44.553],
            [146.898, 44.404],
            [147.247, 44.855],
            [147.884, 45.225],
            [147.924, 45.383],
            [148.057, 45.262],
            [148.323, 45.283],
            [148.611, 45.484],
            [148.813, 45.51],
            [148.838, 45.362],
            [148.6, 45.317]
          ]
        ]
      }
    },
    {
      "type": "Feature",
      "properties": {},
      "geometry": {
        "type": "Polygon",
        "coordinates": [
          [
            [137.941, 55.093],
            [138.207, 55.034],
            [138.096, 54.99],
            [137.959, 54.789],
            [137.721, 54.664],
            [137.66, 54.653],
            [137.462, 54.874],
            [137.232, 54.791],
            [137.577, 55.197],
            [137.941, 55.093]
          ]
        ]
      }
    },
    {
      "type": "Feature",
      "properties": {},
      "geometry": {
        "type": "Polygon",
        "coordinates": [
          [
            [146.206, 44.498],
            [146.358, 44.425],
            [146.566, 44.441],
            [145.915, 44.104],
            [145.587, 43.845],
            [145.555, 43.665],
            [145.44, 43.737],
            [145.461, 43.871],
            [145.749, 44.071],
            [146.113, 44.5],
            [146.206, 44.498]
          ]
        ]
      }
    },
    {
      "type": "Feature",
      "properties": {},
      "geometry": {
        "type": "Polygon",
        "coordinates": [
          [
            [128.26, 26.653],
            [127.868, 26.442],
            [127.904, 26.329],
            [127.789, 26.256],
            [127.803, 26.152],
            [127.652, 26.094],
            [127.727, 26.435],
            [127.947, 26.594],
            [127.907, 26.693],
            [128.098, 26.667],
            [128.257, 26.883],
            [128.332, 26.811],
            [128.26, 26.653]
          ]
        ]
      }
    },
    {
      "type": "Feature",
      "properties": {},
      "geometry": {
        "type": "Polygon",
        "coordinates": [
          [
            [129.452, 28.209],
            [129.365, 28.127],
            [129.164, 28.251],
            [129.689, 28.518],
            [129.711, 28.433],
            [129.455, 28.273],
            [129.452, 28.209]
          ]
        ]
      }
    },
    {
      "type": "Feature",
      "properties": {},
      "geometry": {
        "type": "Polygon",
        "coordinates": [
          [
            [130.622, 30.263],
            [130.446, 30.264],
            [130.388, 30.388],
            [130.496, 30.466],
            [130.644, 30.389],
            [130.622, 30.263]
          ]
        ]
      }
    },
    {
      "type": "Feature",
      "properties": {},
      "geometry": {
        "type": "Polygon",
        "coordinates": [
          [
            [130.96, 30.396],
            [130.874, 30.386],
            [130.87, 30.445],
            [131.061, 30.829],
            [130.96, 30.396]
          ]
        ]
      }
    },
    {
      "type": "Feature",
      "properties": {},
      "geometry": {
        "type": "Polygon",
        "coordinates": [
          [
            [130.082, 32.23],
            [130.003, 32.195],
            [129.959, 32.243],
            [130.017, 32.292],
            [130.01, 32.521],
            [130.168, 32.542],
            [130.201, 32.341],
            [130.082, 32.23]
          ]
        ]
      }
    },
    {
      "type": "Feature",
      "properties": {},
      "geometry": {
        "type": "Polygon",
        "coordinates": [
          [
            [138.344, 37.823],
            [138.225, 37.83],
            [138.322, 37.969],
            [138.247, 37.995],
            [138.25, 38.078],
            [138.502, 38.316],
            [138.452, 38.076],
            [138.574, 38.066],
            [138.495, 37.905],
            [138.344, 37.823]
          ]
        ]
      }
    },
    {
      "type": "Feature",
      "properties": {},
      "geometry": {
        "type": "Polygon",
        "coordinates": [
          [
            [134.931, 34.288],
            [134.823, 34.203],
            [134.73, 34.209],
            [134.668, 34.294],
            [134.834, 34.472],
            [135.003, 34.544],
            [134.906, 34.398],
            [134.931, 34.288]
          ]
        ]
      }
    },
    {
      "type": "Feature",
      "properties": {},
      "geometry": {
        "type": "Polygon",
        "coordinates": [
          [
            [129.387, 34.354],
            [129.365, 34.306],
            [129.268, 34.37],
            [129.326, 34.608],
            [129.452, 34.686],
            [129.477, 34.54],
            [129.387, 34.354]
          ]
        ]
      }
    },
    {
      "type": "Feature",
      "properties": {},
      "geometry": {
        "type": "Polygon",
        "coordinates": [
          [
            [128.743, 34.799],
            [128.645, 34.736],
            [128.491, 34.865],
            [128.721, 35.014],
            [128.743, 34.799]
          ]
        ]
      }
    },
    {
      "type": "Feature",
      "properties": {},
      "geometry": {
        "type": "Polygon",
        "coordinates": [
          [
            [126.327, 33.224],
            [126.241, 33.216],
            [126.165, 33.313],
            [126.338, 33.46],
            [126.759, 33.552],
            [126.899, 33.516],
            [126.932, 33.443],
            [126.874, 33.341],
            [126.709, 33.271],
            [126.327, 33.224]
          ]
        ]
      }
    },
    {
      "type": "Feature",
      "properties": {},
      "geometry": {
        "type": "Polygon",
        "coordinates": [
          [
            [121.863, 31.492],
            [121.78, 31.464],
            [121.521, 31.549],
            [121.337, 31.644],
            [121.211, 31.806],
            [121.463, 31.756],
            [121.863, 31.492]
          ]
        ]
      }
    },
    {
      "type": "Feature",
      "properties": {},
      "geometry": {
        "type": "Polygon",
        "coordinates": [
          [
            [122.295, 29.964],
            [122.025, 30.013],
            [121.971, 30.143],
            [122.284, 30.068],
            [122.295, 29.964]
          ]
        ]
      }
    },
    {
      "type": "Feature",
      "properties": {},
      "geometry": {
        "type": "Polygon",
        "coordinates": [
          [
            [104.064, 10.391],
            [104.018, 10.03],
            [103.848, 10.372],
            [103.985, 10.427],
            [104.064, 10.391]
          ]
        ]
      }
    },
    {
      "type": "Feature",
      "properties": {},
      "geometry": {
        "type": "Polygon",
        "coordinates": [
          [
            [103.971, 1.332],
            [103.82, 1.266],
            [103.65, 1.325],
            [103.704, 1.424],
            [103.82, 1.447],
            [103.96, 1.393],
            [103.971, 1.332]
          ]
        ]
      }
    },
    {
      "type": "Feature",
      "properties": {},
      "geometry": {
        "type": "Polygon",
        "coordinates": [
          [
            [98.409, 7.903],
            [98.398, 7.828],
            [98.297, 7.776],
            [98.261, 7.925],
            [98.322, 8.167],
            [98.434, 8.085],
            [98.409, 7.903]
          ]
        ]
      }
    },
    {
      "type": "Feature",
      "properties": {},
      "geometry": {
        "type": "Polygon",
        "coordinates": [
          [
            [93.891, 6.832],
            [93.83, 6.748],
            [93.657, 7.016],
            [93.686, 7.184],
            [93.822, 7.236],
            [93.93, 6.974],
            [93.891, 6.832]
          ]
        ]
      }
    },
    {
      "type": "Feature",
      "properties": {},
      "geometry": {
        "type": "Polygon",
        "coordinates": [
          [
            [92.501, 10.556],
            [92.368, 10.547],
            [92.354, 10.752],
            [92.512, 10.898],
            [92.573, 10.705],
            [92.501, 10.556]
          ]
        ]
      }
    },
    {
      "type": "Feature",
      "properties": {},
      "geometry": {
        "type": "Polygon",
        "coordinates": [
          [
            [92.724, 11.536],
            [92.667, 11.538],
            [92.534, 11.873],
            [92.678, 12.193],
            [92.789, 12.226],
            [92.721, 12.542],
            [92.858, 13.357],
            [92.926, 13.486],
            [93.063, 13.545],
            [93.077, 13.401],
            [93.016, 13.337],
            [93.066, 13.222],
            [92.886, 12.943],
            [92.966, 12.851],
            [92.991, 12.538],
            [92.865, 12.436],
            [92.868, 12.182],
            [92.746, 11.993],
            [92.796, 11.875],
            [92.724, 11.536]
          ]
        ]
      }
    },
    {
      "type": "Feature",
      "properties": {},
      "geometry": {
        "type": "Polygon",
        "coordinates": [
          [
            [98.412, 12.599],
            [98.47, 12.571],
            [98.459, 12.474],
            [98.315, 12.337],
            [98.312, 12.679],
            [98.412, 12.599]
          ]
        ]
      }
    },
    {
      "type": "Feature",
      "properties": {},
      "geometry": {
        "type": "Polygon",
        "coordinates": [
          [
            [93.714, 19.558],
            [93.945, 19.428],
            [93.902, 19.333],
            [93.758, 19.326],
            [93.642, 19.494],
            [93.714, 19.558]
          ]
        ]
      }
    },
    {
      "type": "Feature",
      "properties": {},
      "geometry": {
        "type": "Polygon",
        "coordinates": [
          [
            [90.777, 22.09],
            [90.514, 22.065],
            [90.68, 22.327],
            [90.651, 22.541],
            [90.564, 22.617],
            [90.503, 22.836],
            [90.672, 22.813],
            [90.867, 22.485],
            [90.777, 22.09]
          ]
        ]
      }
    },
    {
      "type": "Feature",
      "properties": {},
      "geometry": {
        "type": "Polygon",
        "coordinates": [
          [
            [-8.955, 70.84],
            [-9.099, 70.856],
            [-8.519, 71.031],
            [-8.343, 71.14],
            [-8.001, 71.179],
            [-7.979, 71.118],
            [-8.001, 71.041],
            [-8.955, 70.84]
          ]
        ]
      }
    },
    {
      "type": "Feature",
      "properties": {},
      "geometry": {
        "type": "Polygon",
        "coordinates": [
          [
            [-155.581, 19.012],
            [-155.682, 18.968],
            [-155.88, 19.071],
            [-155.891, 19.383],
            [-156.049, 19.749],
            [-155.819, 20.015],
            [-155.894, 20.168],
            [-155.833, 20.275],
            [-155.199, 19.994],
            [-155.088, 19.876],
            [-155.066, 19.748],
            [-154.803, 19.524],
            [-155.052, 19.319],
            [-155.311, 19.26],
            [-155.581, 19.012]
          ]
        ]
      }
    },
    {
      "type": "Feature",
      "properties": {},
      "geometry": {
        "type": "Polygon",
        "coordinates": [
          [
            [-157.215, 21.215],
            [-156.711, 21.156],
            [-156.859, 21.057],
            [-157.291, 21.112],
            [-157.215, 21.215]
          ]
        ]
      }
    },
    {
      "type": "Feature",
      "properties": {},
      "geometry": {
        "type": "Polygon",
        "coordinates": [
          [
            [-156.488, 20.933],
            [-156.276, 20.951],
            [-155.991, 20.756],
            [-156.107, 20.645],
            [-156.409, 20.605],
            [-156.481, 20.801],
            [-156.614, 20.822],
            [-156.697, 20.949],
            [-156.585, 21.034],
            [-156.488, 20.933]
          ]
        ]
      }
    },
    {
      "type": "Feature",
      "properties": {},
      "geometry": {
        "type": "Polygon",
        "coordinates": [
          [
            [-157.799, 21.456],
            [-157.719, 21.458],
            [-157.637, 21.308],
            [-157.799, 21.268],
            [-157.979, 21.378],
            [-157.982, 21.315],
            [-158.112, 21.319],
            [-158.274, 21.586],
            [-157.964, 21.701],
            [-157.799, 21.456]
          ]
        ]
      }
    },
    {
      "type": "Feature",
      "properties": {},
      "geometry": {
        "type": "Polygon",
        "coordinates": [
          [
            [-159.372, 21.932],
            [-159.462, 21.876],
            [-159.609, 21.909],
            [-159.789, 22.043],
            [-159.581, 22.223],
            [-159.354, 22.22],
            [-159.3, 22.105],
            [-159.372, 21.932]
          ]
        ]
      }
    },
    {
      "type": "Feature",
      "properties": {},
      "geometry": {
        "type": "Polygon",
        "coordinates": [
          [
            [172.811, 53.013],
            [173.102, 52.996],
            [173.437, 52.852],
            [172.937, 52.753],
            [172.494, 52.938],
            [172.811, 53.013]
          ]
        ]
      }
    },
    {
      "type": "Feature",
      "properties": {},
      "geometry": {
        "type": "Polygon",
        "coordinates": [
          [
            [-172.742, 60.457],
            [-172.386, 60.398],
            [-172.231, 60.299],
            [-172.634, 60.328],
            [-173.074, 60.493],
            [-173.048, 60.568],
            [-172.922, 60.606],
            [-172.742, 60.457]
          ]
        ]
      }
    },
    {
      "type": "Feature",
      "properties": {},
      "geometry": {
        "type": "Polygon",
        "coordinates": [
          [
            [-160.686, 55.315],
            [-160.553, 55.381],
            [-160.581, 55.308],
            [-160.488, 55.185],
            [-160.794, 55.145],
            [-160.841, 55.336],
            [-160.725, 55.405],
            [-160.686, 55.315]
          ]
        ]
      }
    },
    {
      "type": "Feature",
      "properties": {},
      "geometry": {
        "type": "Polygon",
        "coordinates": [
          [
            [-167.965, 53.345],
            [-168.271, 53.239],
            [-168.505, 53.042],
            [-169.088, 52.832],
            [-168.797, 53.044],
            [-168.689, 53.226],
            [-168.379, 53.284],
            [-168.397, 53.409],
            [-168.289, 53.501],
            [-167.987, 53.558],
            [-167.803, 53.485],
            [-167.965, 53.345]
          ]
        ]
      }
    },
    {
      "type": "Feature",
      "properties": {},
      "geometry": {
        "type": "Polygon",
        "coordinates": [
          [
            [-166.615, 53.9],
            [-166.572, 53.853],
            [-166.496, 53.883],
            [-166.374, 53.999],
            [-166.23, 53.933],
            [-166.55, 53.7],
            [-166.309, 53.697],
            [-166.77, 53.476],
            [-167.63, 53.259],
            [-167.81, 53.324],
            [-167.137, 53.527],
            [-167.015, 53.699],
            [-166.82, 53.641],
            [-166.741, 53.713],
            [-167.072, 53.784],
            [-167.119, 53.872],
            [-167.04, 53.942],
            [-166.673, 54.006],
            [-166.615, 53.9]
          ]
        ]
      }
    },
    {
      "type": "Feature",
      "properties": {},
      "geometry": {
        "type": "Polygon",
        "coordinates": [
          [
            [-173.552, 52.136],
            [-173.023, 52.079],
            [-173.837, 52.048],
            [-173.992, 52.124],
            [-173.552, 52.136]
          ]
        ]
      }
    },
    {
      "type": "Feature",
      "properties": {},
      "geometry": {
        "type": "Polygon",
        "coordinates": [
          [
            [-174.679, 52.036],
            [-175.295, 52.022],
            [-174.305, 52.216],
            [-174.258, 52.268],
            [-174.434, 52.317],
            [-174.168, 52.421],
            [-174.017, 52.332],
            [-174.056, 52.246],
            [-174.179, 52.201],
            [-174.121, 52.135],
            [-174.679, 52.036]
          ]
        ]
      }
    },
    {
      "type": "Feature",
      "properties": {},
      "geometry": {
        "type": "Polygon",
        "coordinates": [
          [
            [-176.594, 51.867],
            [-176.436, 51.82],
            [-176.436, 51.754],
            [-176.962, 51.603],
            [-176.875, 51.791],
            [-176.735, 51.839],
            [-176.699, 51.985],
            [-176.551, 51.944],
            [-176.594, 51.867]
          ]
        ]
      }
    },
    {
      "type": "Feature",
      "properties": {},
      "geometry": {
        "type": "Polygon",
        "coordinates": [
          [
            [-177.88, 51.65],
            [-178.06, 51.673],
            [-177.988, 51.765],
            [-178.193, 51.883],
            [-177.955, 51.919],
            [-177.646, 51.826],
            [-177.88, 51.65]
          ]
        ]
      }
    },
    {
      "type": "Feature",
      "properties": {},
      "geometry": {
        "type": "Polygon",
        "coordinates": [
          [
            [73.709, -53.137],
            [73.464, -53.184],
            [73.252, -52.975],
            [73.839, -53.112],
            [73.709, -53.137]
          ]
        ]
      }
    },
    {
      "type": "Feature",
      "properties": {},
      "geometry": {
        "type": "Polygon",
        "coordinates": [
          [
            [27.844, 35.929],
            [27.715, 35.957],
            [27.758, 36.07],
            [27.715, 36.172],
            [27.913, 36.346],
            [28.233, 36.434],
            [28.068, 36.13],
            [28.089, 36.066],
            [27.967, 36.047],
            [27.844, 35.929]
          ]
        ]
      }
    },
    {
      "type": "Feature",
      "properties": {},
      "geometry": {
        "type": "Polygon",
        "coordinates": [
          [
            [26.826, 37.811],
            [27.038, 37.771],
            [27.056, 37.71],
            [26.844, 37.644],
            [26.581, 37.724],
            [26.826, 37.811]
          ]
        ]
      }
    },
    {
      "type": "Feature",
      "properties": {},
      "geometry": {
        "type": "Polygon",
        "coordinates": [
          [
            [26.095, 38.219],
            [25.998, 38.161],
            [25.893, 38.243],
            [25.99, 38.354],
            [25.846, 38.575],
            [26.012, 38.602],
            [26.16, 38.54],
            [26.156, 38.302],
            [26.095, 38.219]
          ]
        ]
      }
    },
    {
      "type": "Feature",
      "properties": {},
      "geometry": {
        "type": "Polygon",
        "coordinates": [
          [
            [26.412, 39.33],
            [26.394, 39.271],
            [26.577, 39.109],
            [26.584, 39.031],
            [26.487, 39.075],
            [26.548, 38.995],
            [26.16, 39.026],
            [26.109, 39.082],
            [26.275, 39.198],
            [26.178, 39.194],
            [26.073, 39.095],
            [25.843, 39.2],
            [25.911, 39.288],
            [26.088, 39.304],
            [26.167, 39.373],
            [26.347, 39.384],
            [26.412, 39.33]
          ]
        ]
      }
    },
    {
      "type": "Feature",
      "properties": {},
      "geometry": {
        "type": "Polygon",
        "coordinates": [
          [
            [25.436, 39.983],
            [25.357, 39.809],
            [25.263, 39.823],
            [25.249, 39.894],
            [25.184, 39.83],
            [25.062, 39.852],
            [25.058, 40],
            [25.285, 39.956],
            [25.45, 40.035],
            [25.436, 39.983]
          ]
        ]
      }
    },
    {
      "type": "Feature",
      "properties": {},
      "geometry": {
        "type": "Polygon",
        "coordinates": [
          [
            [-17.192, 32.868],
            [-16.692, 32.757],
            [-16.839, 32.648],
            [-17.019, 32.664],
            [-17.224, 32.768],
            [-17.192, 32.868]
          ]
        ]
      }
    },
    {
      "type": "Feature",
      "properties": {},
      "geometry": {
        "type": "Polygon",
        "coordinates": [
          [
            [-16.335, 28.379],
            [-16.418, 28.152],
            [-16.659, 28.008],
            [-16.904, 28.339],
            [-16.558, 28.4],
            [-16.321, 28.558],
            [-16.123, 28.575],
            [-16.335, 28.379]
          ]
        ]
      }
    },
    {
      "type": "Feature",
      "properties": {},
      "geometry": {
        "type": "Polygon",
        "coordinates": [
          [
            [-13.714, 28.912],
            [-13.783, 28.846],
            [-13.858, 28.869],
            [-13.79, 29.056],
            [-13.534, 29.145],
            [-13.462, 29.237],
            [-13.423, 29.197],
            [-13.477, 29.006],
            [-13.714, 28.912]
          ]
        ]
      }
    },
    {
      "type": "Feature",
      "properties": {},
      "geometry": {
        "type": "Polygon",
        "coordinates": [
          [
            [-14.197, 28.169],
            [-14.334, 28.056],
            [-14.492, 28.101],
            [-14.233, 28.216],
            [-14.002, 28.707],
            [-13.858, 28.738],
            [-13.826, 28.586],
            [-13.927, 28.254],
            [-14.197, 28.169]
          ]
        ]
      }
    },
    {
      "type": "Feature",
      "properties": {},
      "geometry": {
        "type": "Polygon",
        "coordinates": [
          [
            [-12.526, 7.436],
            [-12.951, 7.571],
            [-12.616, 7.637],
            [-12.512, 7.582],
            [-12.526, 7.436]
          ]
        ]
      }
    },
    {
      "type": "Feature",
      "properties": {},
      "geometry": {
        "type": "Polygon",
        "coordinates": [
          [
            [-15.399, 28.148],
            [-15.435, 27.811],
            [-15.655, 27.758],
            [-15.806, 27.888],
            [-15.81, 27.994],
            [-15.684, 28.153],
            [-15.399, 28.148]
          ]
        ]
      }
    },
    {
      "type": "Feature",
      "properties": {},
      "geometry": {
        "type": "Polygon",
        "coordinates": [
          [
            [-25.17, 16.946],
            [-25.31, 16.935],
            [-25.339, 17.092],
            [-25.036, 17.177],
            [-24.979, 17.095],
            [-25.17, 16.946]
          ]
        ]
      }
    },
    {
      "type": "Feature",
      "properties": {},
      "geometry": {
        "type": "Polygon",
        "coordinates": [
          [
            [-22.916, 16.237],
            [-22.693, 16.17],
            [-22.711, 16.043],
            [-22.819, 15.986],
            [-22.959, 16.045],
            [-22.916, 16.237]
          ]
        ]
      }
    },
    {
      "type": "Feature",
      "properties": {},
      "geometry": {
        "type": "Polygon",
        "coordinates": [
          [
            [-24.309, 14.856],
            [-24.439, 14.835],
            [-24.496, 14.981],
            [-24.331, 15.019],
            [-24.309, 14.856]
          ]
        ]
      }
    },
    {
      "type": "Feature",
      "properties": {},
      "geometry": {
        "type": "Polygon",
        "coordinates": [
          [
            [-17.833, 28.494],
            [-18.002, 28.758],
            [-17.93, 28.844],
            [-17.797, 28.846],
            [-17.725, 28.725],
            [-17.833, 28.494]
          ]
        ]
      }
    },
    {
      "type": "Feature",
      "properties": {},
      "geometry": {
        "type": "Polygon",
        "coordinates": [
          [
            [-23.445, 15.008],
            [-23.506, 14.916],
            [-23.704, 14.962],
            [-23.784, 15.076],
            [-23.748, 15.328],
            [-23.445, 15.008]
          ]
        ]
      }
    },
    {
      "type": "Feature",
      "properties": {},
      "geometry": {
        "type": "Polygon",
        "coordinates": [
          [
            [44.477, -12.082],
            [44.505, -12.356],
            [44.221, -12.172],
            [44.379, -12.165],
            [44.477, -12.082]
          ]
        ]
      }
    },
    {
      "type": "Feature",
      "properties": {},
      "geometry": {
        "type": "Polygon",
        "coordinates": [
          [
            [45.179, -12.976],
            [45.117, -12.985],
            [45.071, -12.896],
            [45.042, -12.702],
            [45.092, -12.653],
            [45.222, -12.752],
            [45.179, -12.976]
          ]
        ]
      }
    },
    {
      "type": "Feature",
      "properties": {},
      "geometry": {
        "type": "Polygon",
        "coordinates": [
          [
            [43.465, -11.901],
            [43.227, -11.752],
            [43.299, -11.374],
            [43.393, -11.408],
            [43.379, -11.615],
            [43.465, -11.901]
          ]
        ]
      }
    },
    {
      "type": "Feature",
      "properties": {},
      "geometry": {
        "type": "Polygon",
        "coordinates": [
          [
            [39.498, -6.174],
            [39.573, -6.388],
            [39.48, -6.454],
            [39.181, -6.173],
            [39.192, -5.931],
            [39.311, -5.721],
            [39.498, -6.174]
          ]
        ]
      }
    },
    {
      "type": "Feature",
      "properties": {},
      "geometry": {
        "type": "Polygon",
        "coordinates": [
          [
            [57.653, -20.484],
            [57.383, -20.503],
            [57.318, -20.427],
            [57.415, -20.184],
            [57.577, -19.996],
            [57.656, -19.989],
            [57.793, -20.213],
            [57.782, -20.326],
            [57.653, -20.484]
          ]
        ]
      }
    },
    {
      "type": "Feature",
      "properties": {},
      "geometry": {
        "type": "Polygon",
        "coordinates": [
          [
            [55.799, -21.34],
            [55.558, -21.359],
            [55.363, -21.274],
            [55.234, -21.059],
            [55.313, -20.904],
            [55.45, -20.864],
            [55.662, -20.906],
            [55.838, -21.139],
            [55.799, -21.34]
          ]
        ]
      }
    },
    {
      "type": "Feature",
      "properties": {},
      "geometry": {
        "type": "Polygon",
        "coordinates": [
          [
            [39.865, -4.905],
            [39.854, -5.256],
            [39.75, -5.443],
            [39.645, -5.369],
            [39.674, -4.928],
            [39.865, -4.905]
          ]
        ]
      }
    },
    {
      "type": "Feature",
      "properties": {},
      "geometry": {
        "type": "Polygon",
        "coordinates": [
          [
            [8.735, 3.759],
            [8.908, 3.757],
            [8.948, 3.627],
            [8.703, 3.224],
            [8.476, 3.264],
            [8.465, 3.45],
            [8.577, 3.483],
            [8.674, 3.737],
            [8.735, 3.759]
          ]
        ]
      }
    },
    {
      "type": "Feature",
      "properties": {},
      "geometry": {
        "type": "Polygon",
        "coordinates": [
          [
            [6.658, 0.12],
            [6.521, 0.067],
            [6.467, 0.228],
            [6.525, 0.341],
            [6.687, 0.405],
            [6.748, 0.244],
            [6.658, 0.12]
          ]
        ]
      }
    },
    {
      "type": "Feature",
      "properties": {},
      "geometry": {
        "type": "Polygon",
        "coordinates": [
          [
            [10.957, 33.722],
            [10.856, 33.688],
            [10.723, 33.738],
            [10.744, 33.889],
            [10.921, 33.893],
            [11.018, 33.823],
            [10.957, 33.722]
          ]
        ]
      }
    },
    {
      "type": "Feature",
      "properties": {},
      "geometry": {
        "type": "Polygon",
        "coordinates": [
          [
            [-4.412, 54.185],
            [-4.613, 54.058],
            [-4.786, 54.074],
            [-4.7, 54.225],
            [-4.426, 54.407],
            [-4.336, 54.27],
            [-4.412, 54.185]
          ]
        ]
      }
    },
    {
      "type": "Feature",
      "properties": {},
      "geometry": {
        "type": "Polygon",
        "coordinates": [
          [
            [-5.107, 55.449],
            [-5.33, 55.482],
            [-5.369, 55.667],
            [-5.186, 55.692],
            [-5.107, 55.449]
          ]
        ]
      }
    },
    {
      "type": "Feature",
      "properties": {},
      "geometry": {
        "type": "Polygon",
        "coordinates": [
          [
            [-5.776, 56.344],
            [-6.313, 56.294],
            [-6.187, 56.357],
            [-6.14, 56.49],
            [-6.32, 56.57],
            [-6.104, 56.646],
            [-5.762, 56.49],
            [-5.776, 56.344]
          ]
        ]
      }
    },
    {
      "type": "Feature",
      "properties": {},
      "geometry": {
        "type": "Polygon",
        "coordinates": [
          [
            [-6.129, 55.931],
            [-6.057, 55.723],
            [-6.089, 55.657],
            [-6.305, 55.607],
            [-6.302, 55.78],
            [-6.493, 55.697],
            [-6.413, 55.855],
            [-6.129, 55.931]
          ]
        ]
      }
    },
    {
      "type": "Feature",
      "properties": {},
      "geometry": {
        "type": "Polygon",
        "coordinates": [
          [
            [-1.309, 60.537],
            [-1.287, 60.467],
            [-1.157, 60.417],
            [-1.053, 60.445],
            [-1.298, 59.879],
            [-1.355, 59.912],
            [-1.291, 60.153],
            [-1.481, 60.174],
            [-1.665, 60.283],
            [-1.373, 60.334],
            [-1.449, 60.469],
            [-1.571, 60.495],
            [-1.363, 60.61],
            [-1.301, 60.608],
            [-1.309, 60.537]
          ]
        ]
      }
    },
    {
      "type": "Feature",
      "properties": {},
      "geometry": {
        "type": "Polygon",
        "coordinates": [
          [
            [-4.196, 53.322],
            [-4.048, 53.306],
            [-4.372, 53.134],
            [-4.552, 53.261],
            [-4.567, 53.386],
            [-4.315, 53.417],
            [-4.196, 53.322]
          ]
        ]
      }
    },
    {
      "type": "Feature",
      "properties": {},
      "geometry": {
        "type": "Polygon",
        "coordinates": [
          [
            [-3.058, 59.03],
            [-2.763, 58.955],
            [-2.828, 58.893],
            [-3.166, 58.919],
            [-3.353, 59.02],
            [-3.249, 59.145],
            [-3.051, 59.099],
            [-3.058, 59.03]
          ]
        ]
      }
    },
    {
      "type": "Feature",
      "properties": {},
      "geometry": {
        "type": "Polygon",
        "coordinates": [
          [
            [-6.629, 62.228],
            [-6.655, 62.094],
            [-6.842, 62.12],
            [-6.727, 61.952],
            [-7.015, 62.094],
            [-7.173, 62.285],
            [-6.957, 62.316],
            [-6.629, 62.228]
          ]
        ]
      }
    },
    {
      "type": "Feature",
      "properties": {},
      "geometry": {
        "type": "Polygon",
        "coordinates": [
          [
            [-6.197, 58.363],
            [-6.327, 58.19],
            [-6.554, 58.093],
            [-6.403, 58.075],
            [-6.424, 58.021],
            [-6.957, 57.751],
            [-7.083, 57.813],
            [-6.856, 57.924],
            [-7.058, 58.004],
            [-6.986, 58.051],
            [-7.09, 58.096],
            [-7.029, 58.223],
            [-6.727, 58.19],
            [-6.777, 58.301],
            [-6.237, 58.502],
            [-6.197, 58.363]
          ]
        ]
      }
    },
    {
      "type": "Feature",
      "properties": {},
      "geometry": {
        "type": "Polygon",
        "coordinates": [
          [
            [-6.143, 57.506],
            [-6.136, 57.315],
            [-5.668, 57.226],
            [-5.989, 57.044],
            [-6.035, 57.202],
            [-6.323, 57.202],
            [-6.442, 57.327],
            [-6.676, 57.363],
            [-6.763, 57.443],
            [-6.583, 57.507],
            [-6.615, 57.563],
            [-6.377, 57.603],
            [-6.359, 57.667],
            [-6.248, 57.652],
            [-6.143, 57.506]
          ]
        ]
      }
    },
    {
      "type": "Feature",
      "properties": {},
      "geometry": {
        "type": "Polygon",
        "coordinates": [
          [
            [19.989, 60.351],
            [20.259, 60.261],
            [20.194, 60.193],
            [20.043, 60.181],
            [20.032, 60.094],
            [19.744, 60.099],
            [19.687, 60.268],
            [19.78, 60.285],
            [19.784, 60.214],
            [19.849, 60.221],
            [19.87, 60.302],
            [19.788, 60.355],
            [19.824, 60.391],
            [19.989, 60.351]
          ]
        ]
      }
    },
    {
      "type": "Feature",
      "properties": {},
      "geometry": {
        "type": "Polygon",
        "coordinates": [
          [
            [16.53, 56.291],
            [16.432, 56.244],
            [16.4, 56.311],
            [16.411, 56.568],
            [16.63, 56.877],
            [16.728, 56.902],
            [16.998, 57.318],
            [17.116, 57.32],
            [16.53, 56.291]
          ]
        ]
      }
    },
    {
      "type": "Feature",
      "properties": {},
      "geometry": {
        "type": "Polygon",
        "coordinates": [
          [
            [15.086, 55.022],
            [14.683, 55.103],
            [14.715, 55.239],
            [14.766, 55.298],
            [15.133, 55.145],
            [15.086, 55.022]
          ]
        ]
      }
    },
    {
      "type": "Feature",
      "properties": {},
      "geometry": {
        "type": "Polygon",
        "coordinates": [
          [
            [13.711, 54.383],
            [13.707, 54.282],
            [13.48, 54.338],
            [13.365, 54.246],
            [13.164, 54.365],
            [13.178, 54.544],
            [13.239, 54.638],
            [13.423, 54.699],
            [13.657, 54.56],
            [13.581, 54.464],
            [13.711, 54.383]
          ]
        ]
      }
    },
    {
      "type": "Feature",
      "properties": {},
      "geometry": {
        "type": "Polygon",
        "coordinates": [
          [
            [11.36, 54.891],
            [11.738, 54.808],
            [11.767, 54.68],
            [11.457, 54.629],
            [11.036, 54.773],
            [11.058, 54.94],
            [11.259, 54.952],
            [11.36, 54.891]
          ]
        ]
      }
    },
    {
      "type": "Feature",
      "properties": {},
      "geometry": {
        "type": "Polygon",
        "coordinates": [
          [
            [4.293, 39.842],
            [3.868, 39.958],
            [3.854, 40.062],
            [4.225, 40.033],
            [4.322, 39.897],
            [4.293, 39.842]
          ]
        ]
      }
    },
    {
      "type": "Feature",
      "properties": {},
      "geometry": {
        "type": "Polygon",
        "coordinates": [
          [
            [1.445, 38.918],
            [1.409, 38.858],
            [1.222, 38.904],
            [1.348, 39.082],
            [1.615, 39.087],
            [1.625, 39.038],
            [1.445, 38.918]
          ]
        ]
      }
    },
    {
      "type": "Feature",
      "properties": {},
      "geometry": {
        "type": "Polygon",
        "coordinates": [
          [
            [-27.074, 38.644],
            [-27.304, 38.661],
            [-27.387, 38.766],
            [-27.128, 38.79],
            [-27.042, 38.741],
            [-27.074, 38.644]
          ]
        ]
      }
    },
    {
      "type": "Feature",
      "properties": {},
      "geometry": {
        "type": "Polygon",
        "coordinates": [
          [
            [-28.147, 38.453],
            [-28.064, 38.413],
            [-28.453, 38.408],
            [-28.55, 38.519],
            [-28.402, 38.554],
            [-28.147, 38.453]
          ]
        ]
      }
    },
    {
      "type": "Feature",
      "properties": {},
      "geometry": {
        "type": "Polygon",
        "coordinates": [
          [
            [-25.648, 37.84],
            [-25.18, 37.839],
            [-25.252, 37.734],
            [-25.44, 37.715],
            [-25.735, 37.762],
            [-25.846, 37.894],
            [-25.648, 37.84]
          ]
        ]
      }
    },
    {
      "type": "Feature",
      "properties": {},
      "geometry": {
        "type": "Polygon",
        "coordinates": [
          [
            [14.488, 44.659],
            [14.42, 44.67],
            [14.312, 44.901],
            [14.341, 45.02],
            [14.287, 45.145],
            [14.33, 45.164],
            [14.467, 44.97],
            [14.488, 44.659]
          ]
        ]
      }
    },
    {
      "type": "Feature",
      "properties": {},
      "geometry": {
        "type": "Polygon",
        "coordinates": [
          [
            [20.612, 38.384],
            [20.626, 38.267],
            [20.788, 38.142],
            [20.76, 38.071],
            [20.522, 38.106],
            [20.454, 38.234],
            [20.353, 38.181],
            [20.41, 38.337],
            [20.518, 38.332],
            [20.562, 38.476],
            [20.612, 38.384]
          ]
        ]
      }
    },
    {
      "type": "Feature",
      "properties": {},
      "geometry": {
        "type": "Polygon",
        "coordinates": [
          [
            [20.079, 39.432],
            [20.101, 39.377],
            [19.885, 39.462],
            [19.647, 39.767],
            [19.838, 39.819],
            [19.924, 39.774],
            [19.845, 39.668],
            [19.957, 39.47],
            [20.079, 39.432]
          ]
        ]
      }
    },
    {
      "type": "Feature",
      "properties": {},
      "geometry": {
        "type": "Polygon",
        "coordinates": [
          [
            [-51.014, 69.552],
            [-51.234, 69.552],
            [-51.349, 69.854],
            [-51.094, 69.923],
            [-50.68, 69.849],
            [-50.914, 69.757],
            [-51.014, 69.552]
          ]
        ]
      }
    },
    {
      "type": "Feature",
      "properties": {},
      "geometry": {
        "type": "Polygon",
        "coordinates": [
          [
            [-55.018, 72.791],
            [-55.568, 72.564],
            [-56.216, 72.718],
            [-55.205, 72.842],
            [-55.018, 72.791]
          ]
        ]
      }
    },
    {
      "type": "Feature",
      "properties": {},
      "geometry": {
        "type": "Polygon",
        "coordinates": [
          [
            [-46.266, 60.782],
            [-46.381, 60.66],
            [-46.791, 60.78],
            [-46.205, 60.943],
            [-46.266, 60.782]
          ]
        ]
      }
    },
    {
      "type": "Feature",
      "properties": {},
      "geometry": {
        "type": "Polygon",
        "coordinates": [
          [
            [-126.64, 49.605],
            [-126.939, 49.718],
            [-126.925, 49.838],
            [-126.737, 49.843],
            [-126.651, 49.746],
            [-126.64, 49.605]
          ]
        ]
      }
    },
    {
      "type": "Feature",
      "properties": {},
      "geometry": {
        "type": "Polygon",
        "coordinates": [
          [
            [-125.186, 50.096],
            [-125.197, 50.044],
            [-125.359, 50.312],
            [-125.301, 50.414],
            [-125.197, 50.39],
            [-125.074, 50.221],
            [-125.186, 50.096]
          ]
        ]
      }
    },
    {
      "type": "Feature",
      "properties": {},
      "geometry": {
        "type": "Polygon",
        "coordinates": [
          [
            [-97.17, 26.159],
            [-97.185, 26.114],
            [-97.401, 26.82],
            [-97.386, 27.197],
            [-97.35, 26.801],
            [-97.17, 26.159]
          ]
        ]
      }
    },
    {
      "type": "Feature",
      "properties": {},
      "geometry": {
        "type": "Polygon",
        "coordinates": [
          [
            [-77.658, 24.249],
            [-77.755, 24.164],
            [-77.683, 24.119],
            [-77.615, 24.216],
            [-77.561, 24.136],
            [-77.518, 23.869],
            [-77.575, 23.739],
            [-77.77, 23.753],
            [-77.853, 24.041],
            [-78, 24.22],
            [-77.701, 24.287],
            [-77.658, 24.249]
          ]
        ]
      }
    },
    {
      "type": "Feature",
      "properties": {},
      "geometry": {
        "type": "Polygon",
        "coordinates": [
          [
            [-77.226, 25.904],
            [-77.403, 26.025],
            [-77.248, 26.157],
            [-77.237, 26.561],
            [-77.511, 26.846],
            [-77.943, 26.903],
            [-77.532, 26.903],
            [-77.068, 26.53],
            [-77.039, 26.334],
            [-77.169, 26.24],
            [-77.226, 25.904]
          ]
        ]
      }
    },
    {
      "type": "Feature",
      "properties": {},
      "geometry": {
        "type": "Polygon",
        "coordinates": [
          [
            [-73.029, 21.192],
            [-73.165, 20.978],
            [-73.68, 20.975],
            [-73.68, 21.103],
            [-73.522, 21.19],
            [-73.234, 21.154],
            [-73.057, 21.314],
            [-73.011, 21.3],
            [-73.029, 21.192]
          ]
        ]
      }
    },
    {
      "type": "Feature",
      "properties": {},
      "geometry": {
        "type": "Polygon",
        "coordinates": [
          [
            [-74.206, 22.215],
            [-74.278, 22.183],
            [-73.936, 22.478],
            [-73.975, 22.682],
            [-73.849, 22.732],
            [-73.835, 22.539],
            [-73.975, 22.36],
            [-74.206, 22.215]
          ]
        ]
      }
    },
    {
      "type": "Feature",
      "properties": {},
      "geometry": {
        "type": "Polygon",
        "coordinates": [
          [
            [-76.65, 25.487],
            [-76.344, 25.332],
            [-76.128, 25.14],
            [-76.168, 24.65],
            [-76.319, 24.819],
            [-76.215, 24.822],
            [-76.161, 25.119],
            [-76.369, 25.313],
            [-76.621, 25.431],
            [-76.78, 25.426],
            [-76.711, 25.565],
            [-76.65, 25.487]
          ]
        ]
      }
    },
    {
      "type": "Feature",
      "properties": {},
      "geometry": {
        "type": "Polygon",
        "coordinates": [
          [
            [-74.839, 22.895],
            [-74.973, 23.069],
            [-75.225, 23.166],
            [-75.131, 23.268],
            [-75.315, 23.668],
            [-75.063, 23.15],
            [-74.847, 22.999],
            [-74.839, 22.895]
          ]
        ]
      }
    },
    {
      "type": "Feature",
      "properties": {},
      "geometry": {
        "type": "Polygon",
        "coordinates": [
          [
            [-75.307, 24.201],
            [-75.3, 24.148],
            [-75.502, 24.14],
            [-75.408, 24.266],
            [-75.725, 24.69],
            [-75.653, 24.681],
            [-75.307, 24.201]
          ]
        ]
      }
    },
    {
      "type": "Feature",
      "properties": {},
      "geometry": {
        "type": "Polygon",
        "coordinates": [
          [
            [-77.745, 24.707],
            [-77.745, 24.463],
            [-78.043, 24.287],
            [-78.144, 24.494],
            [-78.259, 24.483],
            [-78.436, 24.628],
            [-78.339, 24.641],
            [-78.321, 24.589],
            [-78.241, 24.654],
            [-78.299, 24.754],
            [-78.184, 24.917],
            [-78.213, 25.192],
            [-78.162, 25.202],
            [-77.975, 25.084],
            [-77.975, 25.004],
            [-77.745, 24.707]
          ]
        ]
      }
    },
    {
      "type": "Feature",
      "properties": {},
      "geometry": {
        "type": "Polygon",
        "coordinates": [
          [
            [-82.561, 21.572],
            [-82.961, 21.442],
            [-83.184, 21.593],
            [-83.055, 21.55],
            [-82.972, 21.593],
            [-83.083, 21.791],
            [-82.99, 21.942],
            [-82.716, 21.89],
            [-82.561, 21.572]
          ]
        ]
      }
    },
    {
      "type": "Feature",
      "properties": {},
      "geometry": {
        "type": "Polygon",
        "coordinates": [
          [
            [-78.493, 26.73],
            [-77.943, 26.744],
            [-77.921, 26.692],
            [-78.745, 26.501],
            [-78.987, 26.69],
            [-78.799, 26.582],
            [-78.634, 26.659],
            [-78.598, 26.798],
            [-78.493, 26.73]
          ]
        ]
      }
    },
    {
      "type": "Feature",
      "properties": {},
      "geometry": {
        "type": "Polygon",
        "coordinates": [
          [
            [-86.939, 20.303],
            [-86.993, 20.272],
            [-86.979, 20.489],
            [-86.763, 20.579],
            [-86.939, 20.303]
          ]
        ]
      }
    },
    {
      "type": "Feature",
      "properties": {},
      "geometry": {
        "type": "Polygon",
        "coordinates": [
          [
            [-60.896, 13.823],
            [-60.95, 13.717],
            [-61.062, 13.783],
            [-61.073, 13.866],
            [-60.907, 14.094],
            [-60.896, 13.823]
          ]
        ]
      }
    },
    {
      "type": "Feature",
      "properties": {},
      "geometry": {
        "type": "Polygon",
        "coordinates": [
          [
            [-60.828, 14.495],
            [-60.86, 14.427],
            [-61.062, 14.467],
            [-61.091, 14.529],
            [-61.012, 14.602],
            [-61.141, 14.652],
            [-61.213, 14.849],
            [-61.127, 14.875],
            [-60.929, 14.755],
            [-60.828, 14.495]
          ]
        ]
      }
    },
    {
      "type": "Feature",
      "properties": {},
      "geometry": {
        "type": "Polygon",
        "coordinates": [
          [
            [-61.012, 10.134],
            [-61.174, 10.078],
            [-61.904, 10.069],
            [-61.498, 10.269],
            [-61.48, 10.604],
            [-61.652, 10.719],
            [-60.918, 10.84],
            [-61.033, 10.67],
            [-60.968, 10.323],
            [-61.012, 10.134]
          ]
        ]
      }
    },
    {
      "type": "Feature",
      "properties": {},
      "geometry": {
        "type": "Polygon",
        "coordinates": [
          [
            [-63.848, 11.13],
            [-63.816, 11],
            [-63.917, 10.887],
            [-64.403, 10.981],
            [-64.212, 11.087],
            [-64.028, 11.002],
            [-63.892, 11.167],
            [-63.848, 11.13]
          ]
        ]
      }
    },
    {
      "type": "Feature",
      "properties": {},
      "geometry": {
        "type": "Polygon",
        "coordinates": [
          [
            [-61.282, 15.25],
            [-61.375, 15.227],
            [-61.48, 15.526],
            [-61.458, 15.633],
            [-61.278, 15.527],
            [-61.282, 15.25]
          ]
        ]
      }
    },
    {
      "type": "Feature",
      "properties": {},
      "geometry": {
        "type": "Polygon",
        "coordinates": [
          [
            [-61.328, 16.231],
            [-61.523, 16.229],
            [-61.53, 16.434],
            [-61.472, 16.507],
            [-61.174, 16.257],
            [-61.328, 16.231]
          ]
        ]
      }
    },
    {
      "type": "Feature",
      "properties": {},
      "geometry": {
        "type": "Polygon",
        "coordinates": [
          [
            [-61.591, 16.007],
            [-61.67, 15.961],
            [-61.76, 16.062],
            [-61.793, 16.302],
            [-61.75, 16.356],
            [-61.552, 16.27],
            [-61.591, 16.007]
          ]
        ]
      }
    },
    {
      "type": "Feature",
      "properties": {},
      "geometry": {
        "type": "Polygon",
        "coordinates": [
          [
            [-68.752, 12.059],
            [-68.996, 12.142],
            [-69.155, 12.298],
            [-69.158, 12.38],
            [-68.752, 12.059]
          ]
        ]
      }
    },
    {
      "type": "Feature",
      "properties": {},
      "geometry": {
        "type": "Polygon",
        "coordinates": [
          [
            [-147.736, 59.813],
            [-147.873, 59.829],
            [-147.337, 60.186],
            [-147.182, 60.358],
            [-146.959, 60.289],
            [-147.538, 59.867],
            [-147.736, 59.813]
          ]
        ]
      }
    },
    {
      "type": "Feature",
      "properties": {},
      "geometry": {
        "type": "Polygon",
        "coordinates": [
          [
            [-132.861, 54.895],
            [-132.616, 54.893],
            [-132.706, 54.685],
            [-133.009, 54.855],
            [-133.25, 55.174],
            [-133.419, 55.211],
            [-133.43, 55.304],
            [-133.297, 55.325],
            [-133.099, 55.214],
            [-132.861, 54.895]
          ]
        ]
      }
    },
    {
      "type": "Feature",
      "properties": {},
      "geometry": {
        "type": "Polygon",
        "coordinates": [
          [
            [-133.988, 56.844],
            [-133.923, 56.775],
            [-133.83, 56.782],
            [-133.74, 56.65],
            [-133.855, 56.582],
            [-133.948, 56.127],
            [-134.19, 56.077],
            [-134.244, 56.204],
            [-134.197, 56.414],
            [-134.085, 56.457],
            [-134.29, 56.58],
            [-134.384, 56.725],
            [-134.373, 56.839],
            [-134.143, 56.933],
            [-133.988, 56.844]
          ]
        ]
      }
    },
    {
      "type": "Feature",
      "properties": {},
      "geometry": {
        "type": "Polygon",
        "coordinates": [
          [
            [-133.304, 55.544],
            [-133.282, 55.497],
            [-133.65, 55.27],
            [-133.635, 55.414],
            [-133.736, 55.497],
            [-133.304, 55.544]
          ]
        ]
      }
    },
    {
      "type": "Feature",
      "properties": {},
      "geometry": {
        "type": "Polygon",
        "coordinates": [
          [
            [-131.338, 55.081],
            [-131.23, 54.903],
            [-131.407, 54.895],
            [-131.482, 55.035],
            [-131.594, 55.025],
            [-131.58, 55.249],
            [-131.403, 55.212],
            [-131.338, 55.081]
          ]
        ]
      }
    },
    {
      "type": "Feature",
      "properties": {},
      "geometry": {
        "type": "Polygon",
        "coordinates": [
          [
            [-132.746, 56.525],
            [-132.886, 56.513],
            [-132.948, 56.567],
            [-132.843, 56.794],
            [-132.57, 56.575],
            [-132.746, 56.525]
          ]
        ]
      }
    },
    {
      "type": "Feature",
      "properties": {},
      "geometry": {
        "type": "Polygon",
        "coordinates": [
          [
            [-132.112, 56.11],
            [-132.134, 55.943],
            [-132.368, 55.94],
            [-132.451, 56.056],
            [-132.66, 56.079],
            [-132.699, 56.199],
            [-132.379, 56.499],
            [-132.066, 56.244],
            [-132.112, 56.11]
          ]
        ]
      }
    },
    {
      "type": "Feature",
      "properties": {},
      "geometry": {
        "type": "Polygon",
        "coordinates": [
          [
            [-132.778, 56.247],
            [-133.038, 56.365],
            [-132.901, 56.454],
            [-132.645, 56.435],
            [-132.645, 56.313],
            [-132.778, 56.247]
          ]
        ]
      }
    },
    {
      "type": "Feature",
      "properties": {},
      "geometry": {
        "type": "Polygon",
        "coordinates": [
          [
            [-130.237, 53.959],
            [-130.384, 53.845],
            [-130.626, 53.942],
            [-130.665, 53.848],
            [-130.708, 53.921],
            [-130.449, 54.089],
            [-130.237, 53.959]
          ]
        ]
      }
    },
    {
      "type": "Feature",
      "properties": {},
      "geometry": {
        "type": "Polygon",
        "coordinates": [
          [
            [-129.848, 53.167],
            [-130.518, 53.544],
            [-130.395, 53.621],
            [-129.945, 53.437],
            [-129.754, 53.246],
            [-129.848, 53.167]
          ]
        ]
      }
    },
    {
      "type": "Feature",
      "properties": {},
      "geometry": {
        "type": "Polygon",
        "coordinates": [
          [
            [-80.131, -2.973],
            [-80.272, -2.996],
            [-80.225, -2.753],
            [-80.081, -2.669],
            [-79.908, -2.725],
            [-80.092, -2.846],
            [-80.131, -2.973]
          ]
        ]
      }
    },
    {
      "type": "Feature",
      "properties": {},
      "geometry": {
        "type": "Polygon",
        "coordinates": [
          [
            [-51.832, -1.433],
            [-51.94, -1.452],
            [-51.68, -1.086],
            [-51.677, -0.855],
            [-51.547, -0.65],
            [-51.256, -0.541],
            [-51.162, -0.666],
            [-51.277, -1.022],
            [-51.637, -1.341],
            [-51.832, -1.433]
          ]
        ]
      }
    },
    {
      "type": "Feature",
      "properties": {},
      "geometry": {
        "type": "Polygon",
        "coordinates": [
          [
            [-49.74, 0.268],
            [-49.697, 0.216],
            [-49.916, -0.024],
            [-50.341, 0.044],
            [-50.273, 0.232],
            [-49.88, 0.304],
            [-49.74, 0.268]
          ]
        ]
      }
    },
    {
      "type": "Feature",
      "properties": {},
      "geometry": {
        "type": "Polygon",
        "coordinates": [
          [
            [-50.298, 1.938],
            [-50.456, 1.91],
            [-50.492, 2.129],
            [-50.341, 2.141],
            [-50.298, 1.938]
          ]
        ]
      }
    },
    {
      "type": "Feature",
      "properties": {},
      "geometry": {
        "type": "Polygon",
        "coordinates": [
          [
            [-50.654, -0.131],
            [-50.928, -0.327],
            [-51.04, -0.225],
            [-50.996, -0.105],
            [-50.842, -0.05],
            [-50.669, -0.058],
            [-50.654, -0.131]
          ]
        ]
      }
    },
    {
      "type": "Feature",
      "properties": {},
      "geometry": {
        "type": "Polygon",
        "coordinates": [
          [
            [-49.445, -0.112],
            [-49.707, -0.143],
            [-49.83, -0.093],
            [-49.502, 0.084],
            [-49.373, 0.001],
            [-49.445, -0.112]
          ]
        ]
      }
    },
    {
      "type": "Feature",
      "properties": {},
      "geometry": {
        "type": "Polygon",
        "coordinates": [
          [
            [-50.428, 0.14],
            [-50.446, -0.008],
            [-50.626, 0.054],
            [-50.611, 0.205],
            [-50.453, 0.327],
            [-50.374, 0.591],
            [-50.334, 0.259],
            [-50.428, 0.14]
          ]
        ]
      }
    },
    {
      "type": "Feature",
      "properties": {},
      "geometry": {
        "type": "Polygon",
        "coordinates": [
          [
            [-50.154, 0.393],
            [-50.262, 0.36],
            [-50.28, 0.516],
            [-50.251, 0.586],
            [-50.06, 0.638],
            [-50.039, 0.523],
            [-50.154, 0.393]
          ]
        ]
      }
    },
    {
      "type": "Feature",
      "properties": {},
      "geometry": {
        "type": "Polygon",
        "coordinates": [
          [
            [-90.334, -0.772],
            [-90.543, -0.676],
            [-90.532, -0.581],
            [-90.269, -0.485],
            [-90.186, -0.544],
            [-90.194, -0.659],
            [-90.334, -0.772]
          ]
        ]
      }
    },
    {
      "type": "Feature",
      "properties": {},
      "geometry": {
        "type": "Polygon",
        "coordinates": [
          [
            [-89.419, -0.911],
            [-89.538, -0.952],
            [-89.61, -0.888],
            [-89.423, -0.722],
            [-89.286, -0.69],
            [-89.293, -0.786],
            [-89.419, -0.911]
          ]
        ]
      }
    },
    {
      "type": "Feature",
      "properties": {},
      "geometry": {
        "type": "Polygon",
        "coordinates": [
          [
            [-81.604, 7.334],
            [-81.852, 7.453],
            [-81.813, 7.592],
            [-81.73, 7.622],
            [-81.694, 7.426],
            [-81.604, 7.334]
          ]
        ]
      }
    },
    {
      "type": "Feature",
      "properties": {},
      "geometry": {
        "type": "Polygon",
        "coordinates": [
          [
            [-91.425, -0.461],
            [-91.612, -0.444],
            [-91.648, -0.284],
            [-91.461, -0.256],
            [-91.4, -0.322],
            [-91.425, -0.461]
          ]
        ]
      }
    },
    {
      "type": "Feature",
      "properties": {},
      "geometry": {
        "type": "Polygon",
        "coordinates": [
          [
            [-91.274, 0.025],
            [-91.176, -0.223],
            [-90.975, -0.418],
            [-90.96, -0.595],
            [-90.798, -0.753],
            [-90.906, -0.94],
            [-91.13, -1.02],
            [-91.371, -1.017],
            [-91.497, -0.86],
            [-91.122, -0.558],
            [-91.371, -0.288],
            [-91.428, -0.024],
            [-91.551, -0.046],
            [-91.598, 0.002],
            [-91.49, 0.105],
            [-91.36, 0.126],
            [-91.274, 0.025]
          ]
        ]
      }
    },
    {
      "type": "Feature",
      "properties": {},
      "geometry": {
        "type": "Polygon",
        "coordinates": [
          [
            [-90.575, -0.334],
            [-90.809, -0.329],
            [-90.867, -0.272],
            [-90.78, -0.161],
            [-90.554, -0.279],
            [-90.575, -0.334]
          ]
        ]
      }
    },
    {
      "type": "Feature",
      "properties": {},
      "geometry": {
        "type": "Polygon",
        "coordinates": [
          [
            [-113.155, 29.053],
            [-113.497, 29.308],
            [-113.579, 29.414],
            [-113.587, 29.573],
            [-113.417, 29.487],
            [-113.374, 29.339],
            [-113.201, 29.303],
            [-113.155, 29.053]
          ]
        ]
      }
    },
    {
      "type": "Feature",
      "properties": {},
      "geometry": {
        "type": "Polygon",
        "coordinates": [
          [
            [-112.204, 29.006],
            [-112.28, 28.77],
            [-112.514, 28.848],
            [-112.424, 29.204],
            [-112.283, 29.24],
            [-112.204, 29.006]
          ]
        ]
      }
    },
    {
      "type": "Feature",
      "properties": {},
      "geometry": {
        "type": "Polygon",
        "coordinates": [
          [
            [-112.057, 24.546],
            [-112.175, 24.73],
            [-112.298, 24.789],
            [-112.161, 25.286],
            [-112.193, 24.841],
            [-112.057, 24.546]
          ]
        ]
      }
    },
    {
      "type": "Feature",
      "properties": {},
      "geometry": {
        "type": "Polygon",
        "coordinates": [
          [
            [124.61, 11.493],
            [124.484, 11.486],
            [124.361, 11.667],
            [124.513, 11.687],
            [124.61, 11.493]
          ]
        ]
      }
    },
    {
      "type": "Feature",
      "properties": {},
      "geometry": {
        "type": "Polygon",
        "coordinates": [
          [
            [70.023, 66.502],
            [69.846, 66.49],
            [69.468, 66.715],
            [70.077, 66.696],
            [70.059, 66.599],
            [70.109, 66.569],
            [70.023, 66.502]
          ]
        ]
      }
    },
    {
      "type": "Feature",
      "properties": {},
      "geometry": {
        "type": "Polygon",
        "coordinates": [
          [
            [161.467, 68.901],
            [161.424, 68.899],
            [161.46, 68.996],
            [161.136, 69.111],
            [161.165, 69.333],
            [161.082, 69.406],
            [161.111, 69.47],
            [161.507, 69.639],
            [161.618, 69.592],
            [161.611, 69.502],
            [161.352, 69.37],
            [161.395, 69.106],
            [161.517, 68.97],
            [161.467, 68.901]
          ]
        ]
      }
    },
    {
      "type": "Feature",
      "properties": {},
      "geometry": {
        "type": "Polygon",
        "coordinates": [
          [
            [-86.59, 71.01],
            [-85.643, 71.152],
            [-85.096, 71.152],
            [-85.002, 71.137],
            [-85.067, 71.078],
            [-84.988, 71.031],
            [-84.822, 71.029],
            [-84.657, 71.515],
            [-84.7, 71.632],
            [-85.341, 71.698],
            [-85.913, 71.986],
            [-85.323, 72.234],
            [-84.282, 72.045],
            [-84.84, 72.309],
            [-84.624, 72.376],
            [-85.341, 72.421],
            [-85.614, 72.605],
            [-85.65, 72.722],
            [-85.575, 72.857],
            [-85.261, 72.954],
            [-84.257, 72.796],
            [-85.384, 73.045],
            [-85.456, 73.105],
            [-85.017, 73.336],
            [-84.415, 73.456],
            [-83.782, 73.416],
            [-83.904, 73.529],
            [-83.411, 73.631],
            [-82.659, 73.73],
            [-81.604, 73.696],
            [-81.345, 73.598],
            [-81.15, 73.314],
            [-80.603, 73.121],
            [-80.592, 72.928],
            [-80.279, 72.77],
            [-81.229, 72.312],
            [-80.61, 72.451],
            [-80.941, 72.21],
            [-80.693, 72.104],
            [-80.92, 72.073],
            [-80.949, 71.916],
            [-80.801, 71.928],
            [-80.182, 72.208],
            [-79.883, 72.177],
            [-80.11, 72.333],
            [-79.833, 72.446],
            [-79.584, 72.314],
            [-79.325, 72.39],
            [-79.001, 72.272],
            [-79.008, 72.043],
            [-78.583, 71.88],
            [-78.864, 72.1],
            [-78.821, 72.265],
            [-78.699, 72.352],
            [-77.518, 72.178],
            [-78.288, 72.359],
            [-78.483, 72.47],
            [-78.421, 72.571],
            [-77.752, 72.725],
            [-77.255, 72.736],
            [-76.697, 72.696],
            [-76.189, 72.573],
            [-75.703, 72.571],
            [-75.293, 72.481],
            [-75.07, 72.323],
            [-75.052, 72.227],
            [-75.541, 72.008],
            [-75.923, 71.717],
            [-75.599, 71.918],
            [-75.149, 72.062],
            [-74.695, 72.097],
            [-74.267, 72.038],
            [-74.213, 71.939],
            [-74.317, 71.843],
            [-75.207, 71.71],
            [-74.703, 71.675],
            [-74.829, 71.571],
            [-74.839, 71.406],
            [-74.998, 71.218],
            [-74.76, 71.338],
            [-74.598, 71.585],
            [-74.487, 71.649],
            [-73.867, 71.77],
            [-73.713, 71.72],
            [-74.199, 71.404],
            [-73.713, 71.588],
            [-73.18, 71.283],
            [-73.309, 71.484],
            [-73.277, 71.538],
            [-72.903, 71.678],
            [-71.639, 71.517],
            [-71.333, 71.404],
            [-71.185, 71.279],
            [-71.495, 71.106],
            [-71.938, 71.093],
            [-72.633, 70.831],
            [-72.312, 70.833],
            [-72.01, 71.014],
            [-71.743, 71.047],
            [-71.373, 70.975],
            [-71.185, 70.979],
            [-70.825, 71.109],
            [-70.674, 71.052],
            [-70.638, 70.902],
            [-70.761, 70.791],
            [-71.891, 70.432],
            [-71.729, 70.396],
            [-71.427, 70.552],
            [-71.275, 70.5],
            [-71.43, 70.128],
            [-70.98, 70.581],
            [-70.084, 70.83],
            [-69.288, 70.783],
            [-68.496, 70.611],
            [-68.359, 70.522],
            [-68.482, 70.415],
            [-69.436, 70.253],
            [-70.059, 70.043],
            [-69.796, 70.047],
            [-69.482, 70.159],
            [-68.777, 70.203],
            [-68.723, 70.146],
            [-69.007, 69.979],
            [-68.744, 69.941],
            [-68.23, 70.113],
            [-68.327, 70.18],
            [-68.122, 70.314],
            [-67.855, 70.281],
            [-67.362, 70.034],
            [-67.196, 69.861],
            [-67.193, 69.757],
            [-68.021, 69.771],
            [-68.374, 69.644],
            [-68.838, 69.623],
            [-69.252, 69.512],
            [-68.514, 69.578],
            [-67.909, 69.46],
            [-67.236, 69.46],
            [-66.772, 69.337],
            [-66.678, 69.258],
            [-66.678, 69.191],
            [-66.804, 69.153],
            [-67.607, 69.173],
            [-67.938, 69.248],
            [-68.618, 69.206],
            [-69.04, 69.099],
            [-68.305, 69.166],
            [-67.751, 69.038],
            [-67.751, 68.934],
            [-67.884, 68.785],
            [-69.32, 68.857],
            [-68.212, 68.703],
            [-67.938, 68.524],
            [-67.657, 68.55],
            [-66.714, 68.446],
            [-67.034, 68.326],
            [-66.829, 68.215],
            [-66.923, 68.066],
            [-66.728, 68.128],
            [-66.664, 68.035],
            [-66.606, 68.109],
            [-66.631, 68.21],
            [-66.214, 68.281],
            [-66.275, 68.042],
            [-66.527, 67.851],
            [-66.394, 67.831],
            [-65.944, 68.071],
            [-65.976, 67.958],
            [-65.864, 67.923],
            [-65.702, 67.986],
            [-65.508, 67.969],
            [-65.54, 67.766],
            [-65.4, 67.675],
            [-65.414, 67.88],
            [-64.975, 68.043],
            [-64.835, 67.989],
            [-65.026, 67.892],
            [-65.072, 67.825],
            [-65.022, 67.788],
            [-64.637, 67.84],
            [-64.158, 67.623],
            [-64.018, 67.654],
            [-63.848, 67.566],
            [-64.079, 67.496],
            [-64.007, 67.347],
            [-64.702, 67.351],
            [-64.59, 67.316],
            [-64.356, 67.257],
            [-63.838, 67.264],
            [-63.823, 67.316],
            [-63.593, 67.378],
            [-63.038, 67.234],
            [-63.161, 67.174],
            [-63.258, 67.024],
            [-63.701, 66.823],
            [-62.963, 66.95],
            [-62.38, 66.906],
            [-62.124, 67.047],
            [-61.969, 67.019],
            [-61.3, 66.649],
            [-61.526, 66.557],
            [-61.904, 66.679],
            [-62.124, 66.642],
            [-61.652, 66.503],
            [-61.577, 66.413],
            [-61.57, 66.373],
            [-61.861, 66.312],
            [-62.552, 66.406],
            [-62.405, 66.316],
            [-62.534, 66.227],
            [-61.991, 66.035],
            [-62.592, 66.035],
            [-62.383, 65.833],
            [-62.66, 65.641],
            [-63.168, 65.658],
            [-63.46, 65.852],
            [-63.42, 65.708],
            [-63.65, 65.661],
            [-63.337, 65.616],
            [-63.362, 65.229],
            [-63.607, 64.929],
            [-63.895, 65.109],
            [-64.151, 65.066],
            [-64.345, 65.172],
            [-64.27, 65.401],
            [-64.554, 65.116],
            [-65.108, 65.464],
            [-65.4, 65.764],
            [-65.184, 65.939],
            [-64.853, 66.016],
            [-64.446, 66.318],
            [-64.655, 66.286],
            [-65.004, 66.078],
            [-65.414, 65.995],
            [-65.825, 65.997],
            [-65.89, 66.021],
            [-65.857, 66.087],
            [-65.656, 66.205],
            [-66.062, 66.132],
            [-66.476, 66.28],
            [-66.786, 66.556],
            [-66.988, 66.627],
            [-66.97, 66.547],
            [-67.078, 66.526],
            [-67.308, 66.569],
            [-67.193, 66.432],
            [-67.225, 66.311],
            [-67.884, 66.467],
            [-67.704, 66.269],
            [-67.182, 66.035],
            [-67.351, 65.931],
            [-67.826, 65.965],
            [-68.46, 66.25],
            [-68.748, 66.2],
            [-68.219, 66.078],
            [-68.258, 65.939],
            [-68.186, 65.872],
            [-67.866, 65.774],
            [-67.938, 65.564],
            [-67.571, 65.644],
            [-67.117, 65.441],
            [-67.337, 65.347],
            [-67.067, 65.245],
            [-66.97, 65.085],
            [-66.829, 65.075],
            [-66.696, 64.816],
            [-66.635, 65],
            [-66.224, 64.854],
            [-66.3, 64.778],
            [-66.214, 64.722],
            [-65.94, 64.885],
            [-65.512, 64.707],
            [-65.432, 64.726],
            [-65.274, 64.632],
            [-65.53, 64.505],
            [-65.177, 64.511],
            [-65.076, 64.436],
            [-65.213, 64.304],
            [-65.58, 64.294],
            [-65.346, 64.233],
            [-65.148, 64.087],
            [-65.17, 64.028],
            [-64.68, 64.028],
            [-64.687, 63.96],
            [-64.799, 63.917],
            [-64.576, 63.898],
            [-64.41, 63.707],
            [-64.561, 63.679],
            [-64.514, 63.264],
            [-64.666, 63.245],
            [-64.932, 63.599],
            [-65.191, 63.764],
            [-65.004, 63.334],
            [-65.051, 63.235],
            [-64.673, 62.922],
            [-64.867, 62.88],
            [-65.162, 62.932],
            [-65.047, 62.702],
            [-65.108, 62.627],
            [-66.224, 63.108],
            [-66.228, 62.992],
            [-66.415, 63.028],
            [-66.656, 63.264],
            [-66.635, 63.08],
            [-66.725, 63.08],
            [-67.016, 63.316],
            [-67.261, 63.34],
            [-67.895, 63.735],
            [-67.722, 63.422],
            [-68.492, 63.726],
            [-68.86, 63.752],
            [-68.91, 63.703],
            [-68.14, 63.172],
            [-67.675, 63.094],
            [-67.736, 63.009],
            [-66.646, 62.603],
            [-66.282, 62.302],
            [-65.98, 62.209],
            [-66.134, 62.103],
            [-66.059, 61.913],
            [-66.325, 61.87],
            [-67.441, 62.151],
            [-68.633, 62.281],
            [-69.126, 62.424],
            [-69.605, 62.768],
            [-70.235, 62.764],
            [-71.106, 63.002],
            [-70.948, 63.12],
            [-71.347, 63.066],
            [-71.992, 63.417],
            [-71.614, 63.445],
            [-71.38, 63.58],
            [-71.725, 63.707],
            [-72.291, 63.728],
            [-72.175, 63.894],
            [-72.499, 63.823],
            [-72.679, 64.019],
            [-73.453, 64.399],
            [-73.27, 64.582],
            [-73.911, 64.578],
            [-73.95, 64.465],
            [-74.065, 64.425],
            [-74.13, 64.608],
            [-74.461, 64.644],
            [-74.681, 64.83],
            [-74.919, 64.766],
            [-74.641, 64.557],
            [-74.695, 64.497],
            [-75.066, 64.457],
            [-75.714, 64.524],
            [-75.768, 64.392],
            [-76.855, 64.238],
            [-77.791, 64.366],
            [-78.173, 64.618],
            [-78.191, 64.752],
            [-78.054, 64.983],
            [-77.359, 65.196],
            [-77.46, 65.356],
            [-77.327, 65.453],
            [-76.481, 65.37],
            [-75.829, 65.227],
            [-75.52, 65.056],
            [-75.588, 64.905],
            [-75.451, 64.842],
            [-75.358, 65.009],
            [-75.797, 65.297],
            [-75.167, 65.285],
            [-74.983, 65.382],
            [-74.494, 65.372],
            [-73.99, 65.517],
            [-73.551, 65.484],
            [-73.745, 65.767],
            [-74.278, 66.012],
            [-74.418, 66.167],
            [-73.281, 66.675],
            [-73.032, 66.727],
            [-72.787, 67.031],
            [-72.366, 67.134],
            [-72.219, 67.255],
            [-72.352, 67.342],
            [-72.726, 67.812],
            [-73.327, 68.267],
            [-73.284, 68.357],
            [-73.644, 68.295],
            [-73.821, 68.363],
            [-73.875, 68.463],
            [-73.781, 68.62],
            [-73.853, 68.701],
            [-74.119, 68.701],
            [-73.99, 68.548],
            [-74.422, 68.58],
            [-74.649, 68.708],
            [-74.699, 68.809],
            [-74.911, 68.823],
            [-74.742, 68.913],
            [-74.955, 68.962],
            [-74.717, 69.045],
            [-74.854, 69.066],
            [-75.214, 68.91],
            [-75.523, 68.953],
            [-76.236, 68.727],
            [-76.585, 68.699],
            [-76.557, 69.01],
            [-75.955, 69.031],
            [-75.649, 69.213],
            [-75.786, 69.319],
            [-76.409, 69.441],
            [-76.521, 69.517],
            [-76.463, 69.62],
            [-76.233, 69.663],
            [-76.513, 69.684],
            [-76.744, 69.573],
            [-77.089, 69.635],
            [-77.129, 69.653],
            [-76.859, 69.776],
            [-77.017, 69.837],
            [-77.593, 69.845],
            [-77.773, 70.239],
            [-78.285, 70.229],
            [-79.066, 70.604],
            [-79.347, 70.482],
            [-79.404, 70.401],
            [-78.933, 70.293],
            [-78.81, 70.179],
            [-78.817, 70.01],
            [-79.095, 69.925],
            [-79.516, 69.887],
            [-80.671, 70.052],
            [-81.651, 70.095],
            [-80.923, 69.85],
            [-80.841, 69.771],
            [-80.923, 69.731],
            [-81.564, 69.942],
            [-82.295, 69.837],
            [-83.148, 70.008],
            [-83.857, 69.963],
            [-85.431, 70.111],
            [-85.78, 70.036],
            [-86.323, 70.146],
            [-86.5, 70.35],
            [-86.395, 70.465],
            [-86.705, 70.39],
            [-87.123, 70.411],
            [-87.173, 70.399],
            [-87.065, 70.324],
            [-87.619, 70.319],
            [-87.9, 70.251],
            [-88.401, 70.442],
            [-88.847, 70.522],
            [-89.207, 70.76],
            [-89.455, 71.062],
            [-87.846, 70.944],
            [-87.141, 71.012],
            [-87.871, 71.208],
            [-89.081, 71.288],
            [-89.693, 71.423],
            [-89.844, 71.493],
            [-90.024, 71.949],
            [-89.657, 72.175],
            [-89.859, 72.248],
            [-89.815, 72.468],
            [-89.358, 72.803],
            [-89.225, 73.107],
            [-88.761, 73.312],
            [-88.707, 73.404],
            [-87.72, 73.723],
            [-86.77, 73.835],
            [-85.949, 73.85],
            [-85.009, 73.779],
            [-84.973, 73.694],
            [-85.683, 73.461],
            [-86.086, 73.26],
            [-86.629, 72.871],
            [-86.669, 72.762],
            [-86.323, 72.461],
            [-86.341, 72.123],
            [-86.219, 71.899],
            [-86.035, 71.77],
            [-85.024, 71.354],
            [-85.405, 71.227],
            [-86.59, 71.01]
          ]
        ]
      }
    },
    {
      "type": "Feature",
      "properties": {},
      "geometry": {
        "type": "Polygon",
        "coordinates": [
          [
            [-69.49, 83.016],
            [-66.422, 82.926],
            [-66.836, 82.818],
            [-68.471, 82.653],
            [-67.398, 82.667],
            [-65.728, 82.843],
            [-65.299, 82.799],
            [-65.112, 82.89],
            [-64.903, 82.9],
            [-64.504, 82.778],
            [-63.985, 82.829],
            [-63.499, 82.792],
            [-63.643, 82.713],
            [-63.085, 82.565],
            [-63.247, 82.45],
            [-62.477, 82.52],
            [-61.696, 82.489],
            [-61.476, 82.468],
            [-61.206, 82.341],
            [-62.178, 82.044],
            [-64.435, 81.742],
            [-65.227, 81.744],
            [-65.702, 81.645],
            [-66.624, 81.617],
            [-66.916, 81.485],
            [-68.687, 81.292],
            [-68.723, 81.261],
            [-68.543, 81.247],
            [-65.735, 81.494],
            [-64.781, 81.492],
            [-65.483, 81.286],
            [-68.629, 80.678],
            [-69.551, 80.383],
            [-70.145, 80.398],
            [-70.714, 80.539],
            [-70.213, 80.277],
            [-70.264, 80.233],
            [-72.057, 80.122],
            [-71.617, 80.07],
            [-70.757, 80.119],
            [-70.559, 80.07],
            [-71.355, 79.911],
            [-71.11, 79.848],
            [-71.387, 79.761],
            [-72.438, 79.694],
            [-73.45, 79.827],
            [-74.393, 79.874],
            [-74.659, 79.836],
            [-73.471, 79.756],
            [-73.201, 79.596],
            [-73.468, 79.496],
            [-75.502, 79.414],
            [-76.899, 79.513],
            [-75.603, 79.239],
            [-74.483, 79.23],
            [-74.533, 79.053],
            [-75.232, 79.036],
            [-75.912, 79.117],
            [-78.583, 79.076],
            [-77.881, 78.942],
            [-76.254, 79.006],
            [-75.793, 78.89],
            [-75.099, 78.859],
            [-74.433, 78.725],
            [-74.548, 78.621],
            [-74.879, 78.544],
            [-76.416, 78.511],
            [-75.192, 78.327],
            [-75.552, 78.221],
            [-75.97, 77.992],
            [-76.974, 77.928],
            [-78.011, 77.945],
            [-78.083, 77.846],
            [-78.076, 77.518],
            [-78.493, 77.369],
            [-80.574, 77.315],
            [-81.658, 77.525],
            [-81.276, 77.366],
            [-82.057, 77.296],
            [-81.755, 77.204],
            [-81.118, 77.27],
            [-80.218, 77.147],
            [-79.498, 77.195],
            [-79.339, 77.159],
            [-79.275, 77.025],
            [-79.318, 76.98],
            [-79.221, 76.937],
            [-78.792, 76.883],
            [-78.288, 76.978],
            [-78, 76.852],
            [-77.982, 76.755],
            [-78.285, 76.571],
            [-79.512, 76.31],
            [-80.801, 76.173],
            [-80.995, 76.215],
            [-80.833, 76.369],
            [-80.974, 76.47],
            [-81.719, 76.494],
            [-82.036, 76.63],
            [-82.529, 76.723],
            [-82.263, 76.574],
            [-82.234, 76.466],
            [-83.886, 76.452],
            [-84.225, 76.675],
            [-84.275, 76.357],
            [-85.143, 76.305],
            [-85.679, 76.348],
            [-86.115, 76.435],
            [-86.453, 76.584],
            [-86.68, 76.376],
            [-87.353, 76.447],
            [-87.49, 76.586],
            [-87.497, 76.387],
            [-88.397, 76.406],
            [-88.494, 76.774],
            [-88.613, 76.65],
            [-88.545, 76.421],
            [-89.571, 76.492],
            [-89.499, 76.827],
            [-88.555, 77.072],
            [-86.813, 77.185],
            [-87.681, 77.437],
            [-88.095, 77.72],
            [-88.015, 77.784],
            [-87.234, 77.892],
            [-86.755, 77.864],
            [-86.172, 77.746],
            [-85.589, 77.461],
            [-84.487, 77.367],
            [-83.609, 77.442],
            [-82.903, 77.732],
            [-82.594, 77.992],
            [-83.429, 77.621],
            [-83.778, 77.532],
            [-84.487, 77.562],
            [-84.862, 77.499],
            [-85.29, 77.558],
            [-85.29, 77.763],
            [-85.546, 77.928],
            [-84.617, 78.195],
            [-84.221, 78.176],
            [-84.549, 78.251],
            [-84.909, 78.239],
            [-84.783, 78.527],
            [-85.024, 78.312],
            [-85.585, 78.11],
            [-86.219, 78.081],
            [-85.92, 78.343],
            [-86.914, 78.126],
            [-87.551, 78.176],
            [-87.49, 78.418],
            [-86.809, 78.774],
            [-85.002, 78.912],
            [-83.271, 78.77],
            [-82.99, 78.845],
            [-82.151, 78.864],
            [-81.751, 78.977],
            [-82.439, 78.904],
            [-84.412, 78.996],
            [-84.567, 79.072],
            [-84.257, 79.122],
            [-83.577, 79.053],
            [-84.196, 79.225],
            [-85.269, 79.664],
            [-86.032, 79.721],
            [-86.421, 79.845],
            [-86.493, 80.018],
            [-86.615, 80.124],
            [-86.5, 80.258],
            [-86.305, 80.319],
            [-83.724, 80.228],
            [-82.677, 79.992],
            [-81.687, 79.687],
            [-80.477, 79.607],
            [-80.124, 79.669],
            [-81.01, 79.694],
            [-82.68, 80.174],
            [-82.986, 80.322],
            [-80.981, 80.445],
            [-78.385, 80.784],
            [-76.863, 80.865],
            [-78.717, 80.952],
            [-78.63, 81.044],
            [-78.288, 81.167],
            [-76.884, 81.43],
            [-77.971, 81.331],
            [-78.735, 81.152],
            [-79.199, 81.117],
            [-79.761, 80.841],
            [-81.006, 80.655],
            [-82.885, 80.577],
            [-82.223, 80.772],
            [-82.5, 80.763],
            [-83.4, 80.714],
            [-84.221, 80.537],
            [-85.146, 80.522],
            [-86.615, 80.629],
            [-86.251, 80.789],
            [-85.247, 80.989],
            [-83.35, 81.103],
            [-83.289, 81.148],
            [-85.78, 81.036],
            [-87.331, 80.669],
            [-87.713, 80.657],
            [-89.063, 80.829],
            [-89.265, 80.914],
            [-88.411, 80.999],
            [-86.478, 81.036],
            [-84.941, 81.286],
            [-85.402, 81.286],
            [-87.274, 81.081],
            [-89.625, 81.032],
            [-89.981, 81.124],
            [-89.949, 81.173],
            [-89.207, 81.251],
            [-89.675, 81.329],
            [-89.427, 81.388],
            [-88.62, 81.501],
            [-87.598, 81.525],
            [-88.48, 81.565],
            [-90.305, 81.402],
            [-90.608, 81.43],
            [-89.823, 81.634],
            [-90.626, 81.655],
            [-91.292, 81.572],
            [-91.684, 81.636],
            [-90.942, 81.827],
            [-89.38, 81.917],
            [-88.062, 82.096],
            [-87.637, 82.086],
            [-87.018, 81.959],
            [-86.626, 82.051],
            [-85.647, 81.954],
            [-85.045, 81.983],
            [-86.615, 82.218],
            [-84.898, 82.449],
            [-83.591, 82.327],
            [-82.633, 82.077],
            [-82.327, 82.093],
            [-82.749, 82.197],
            [-82.536, 82.247],
            [-79.426, 81.855],
            [-80.131, 82.029],
            [-81.467, 82.192],
            [-82.446, 82.395],
            [-82.27, 82.464],
            [-81.679, 82.518],
            [-82.119, 82.629],
            [-80.808, 82.586],
            [-81.179, 82.745],
            [-81.01, 82.778],
            [-78.749, 82.68],
            [-79.833, 82.817],
            [-80.157, 82.91],
            [-79.887, 82.938],
            [-77.478, 82.883],
            [-76.009, 82.535],
            [-75.567, 82.608],
            [-77.125, 83.009],
            [-74.415, 83.013],
            [-73.273, 82.772],
            [-72.658, 82.721],
            [-73.234, 82.844],
            [-73.439, 82.945],
            [-72.813, 83.081],
            [-72.071, 83.107],
            [-70.941, 82.902],
            [-71.423, 83.022],
            [-70.872, 83.098],
            [-69.968, 83.115],
            [-69.49, 83.016]
          ]
        ]
      }
    },
    {
      "type": "Feature",
      "properties": {},
      "geometry": {
        "type": "Polygon",
        "coordinates": [
          [
            [-168.087, 65.658],
            [-167.987, 65.568],
            [-167.403, 65.422],
            [-166.158, 65.287],
            [-166.122, 65.26],
            [-166.453, 65.247],
            [-166.532, 65.155],
            [-166.928, 65.156],
            [-166.413, 64.927],
            [-166.482, 64.728],
            [-166.143, 64.583],
            [-164.977, 64.453],
            [-164.304, 64.583],
            [-163.713, 64.589],
            [-163.145, 64.424],
            [-163.051, 64.519],
            [-163.303, 64.606],
            [-163.202, 64.653],
            [-162.875, 64.516],
            [-162.806, 64.373],
            [-162.713, 64.377],
            [-162.335, 64.613],
            [-161.759, 64.816],
            [-161.467, 64.795],
            [-161.129, 64.925],
            [-160.887, 64.795],
            [-160.837, 64.682],
            [-160.931, 64.58],
            [-161.413, 64.526],
            [-161.492, 64.434],
            [-161.219, 64.396],
            [-160.988, 64.252],
            [-160.779, 63.82],
            [-160.927, 63.66],
            [-161.265, 63.497],
            [-161.507, 63.469],
            [-161.975, 63.453],
            [-162.111, 63.535],
            [-162.284, 63.53],
            [-162.623, 63.266],
            [-162.947, 63.115],
            [-163.289, 63.047],
            [-163.505, 63.106],
            [-163.739, 63.016],
            [-163.616, 63.125],
            [-163.944, 63.247],
            [-164.408, 63.215],
            [-164.523, 63.127],
            [-164.383, 63.03],
            [-164.678, 63.021],
            [-164.801, 62.919],
            [-164.844, 62.801],
            [-164.793, 62.623],
            [-164.588, 62.709],
            [-164.689, 62.608],
            [-164.844, 62.582],
            [-164.757, 62.497],
            [-164.999, 62.533],
            [-165.193, 62.474],
            [-165.708, 62.101],
            [-165.726, 61.959],
            [-165.614, 61.87],
            [-166.079, 61.802],
            [-165.809, 61.696],
            [-166.169, 61.651],
            [-166.093, 61.507],
            [-165.845, 61.537],
            [-165.798, 61.492],
            [-165.906, 61.403],
            [-165.863, 61.335],
            [-165.69, 61.301],
            [-165.567, 61.103],
            [-165.38, 61.106],
            [-165.391, 61.212],
            [-165.272, 61.275],
            [-165.344, 61.198],
            [-165.204, 61.153],
            [-165.128, 61.193],
            [-165.078, 61.094],
            [-164.869, 61.111],
            [-165.175, 60.966],
            [-165.114, 60.933],
            [-163.994, 60.865],
            [-163.749, 60.969],
            [-163.587, 60.903],
            [-163.908, 60.854],
            [-163.422, 60.757],
            [-163.731, 60.591],
            [-163.998, 60.766],
            [-164.372, 60.592],
            [-164.264, 60.724],
            [-164.318, 60.771],
            [-164.804, 60.893],
            [-165.355, 60.542],
            [-165.027, 60.5],
            [-165.06, 60.412],
            [-164.664, 60.304],
            [-164.131, 59.993],
            [-164.142, 59.896],
            [-163.908, 59.806],
            [-163.22, 59.846],
            [-162.572, 59.99],
            [-162.5, 60.127],
            [-162.525, 60.198],
            [-162.684, 60.269],
            [-162.137, 60.686],
            [-161.946, 60.684],
            [-162.14, 60.615],
            [-162.421, 60.283],
            [-162.241, 60.179],
            [-161.827, 59.589],
            [-161.874, 59.427],
            [-162.025, 59.283],
            [-161.982, 59.146],
            [-161.892, 59.077],
            [-161.643, 59.11],
            [-161.787, 59.016],
            [-161.723, 58.794],
            [-162.144, 58.645],
            [-161.755, 58.612],
            [-161.363, 58.669],
            [-161.247, 58.799],
            [-160.815, 58.872],
            [-160.362, 59.051],
            [-159.919, 58.82],
            [-159.671, 58.912],
            [-158.951, 58.405],
            [-158.789, 58.441],
            [-158.861, 58.719],
            [-158.774, 58.903],
            [-158.81, 58.974],
            [-158.677, 58.929],
            [-158.421, 59.089],
            [-158.079, 58.978],
            [-158.425, 58.999],
            [-158.504, 58.851],
            [-158.303, 58.641],
            [-158.191, 58.615],
            [-157.143, 58.877],
            [-156.809, 59.134],
            [-157.039, 58.773],
            [-156.974, 58.737],
            [-157.23, 58.641],
            [-157.525, 58.421],
            [-157.489, 58.254],
            [-157.194, 58.195],
            [-157.554, 58.139],
            [-157.611, 58.051],
            [-157.698, 57.679],
            [-157.46, 57.506],
            [-157.845, 57.528],
            [-158.321, 57.297],
            [-158.663, 57.039],
            [-158.673, 56.796],
            [-158.897, 56.817],
            [-158.918, 56.883],
            [-159.282, 56.688],
            [-159.786, 56.561],
            [-160.301, 56.315],
            [-160.538, 56.006],
            [-160.293, 55.804],
            [-160.707, 55.87],
            [-160.805, 55.754],
            [-161.006, 55.888],
            [-160.898, 55.994],
            [-161.193, 55.954],
            [-161.215, 56.021],
            [-161.697, 55.907],
            [-162.158, 55.719],
            [-162.907, 55.195],
            [-163.278, 55.122],
            [-163.335, 54.839],
            [-163.13, 54.917],
            [-163.119, 55.065],
            [-162.864, 54.954],
            [-162.673, 54.997],
            [-162.619, 55.039],
            [-162.63, 55.247],
            [-162.497, 55.209],
            [-162.414, 55.107],
            [-162.457, 55.077],
            [-162.385, 55.053],
            [-162.075, 55.14],
            [-161.741, 55.391],
            [-161.654, 55.563],
            [-161.517, 55.619],
            [-161.201, 55.544],
            [-161.413, 55.535],
            [-161.463, 55.383],
            [-161.179, 55.39],
            [-160.898, 55.513],
            [-160.499, 55.537],
            [-160.373, 55.634],
            [-159.771, 55.841],
            [-159.678, 55.825],
            [-159.66, 55.626],
            [-159.523, 55.81],
            [-158.789, 55.987],
            [-158.591, 56.185],
            [-158.475, 56.075],
            [-158.277, 56.197],
            [-158.385, 56.301],
            [-158.551, 56.313],
            [-158.414, 56.436],
            [-157.932, 56.52],
            [-158.079, 56.553],
            [-157.871, 56.645],
            [-157.579, 56.634],
            [-157.442, 56.791],
            [-157.14, 56.827],
            [-156.78, 57.006],
            [-156.629, 57.009],
            [-156.402, 57.205],
            [-156.474, 57.311],
            [-156.434, 57.36],
            [-156.243, 57.448],
            [-156.056, 57.447],
            [-155.999, 57.546],
            [-155.779, 57.568],
            [-155.592, 57.733],
            [-155.149, 57.882],
            [-155.009, 58.016],
            [-154.245, 58.16],
            [-154.209, 58.289],
            [-154.289, 58.304],
            [-154.087, 58.365],
            [-154.019, 58.494],
            [-153.864, 58.587],
            [-153.439, 58.756],
            [-153.327, 58.884],
            [-153.417, 58.961],
            [-154.177, 59.155],
            [-154.087, 59.363],
            [-153.752, 59.509],
            [-153.608, 59.615],
            [-153.651, 59.646],
            [-153.414, 59.74],
            [-153.363, 59.66],
            [-153.093, 59.709],
            [-153.039, 59.811],
            [-153.212, 59.842],
            [-152.759, 59.921],
            [-152.629, 60.04],
            [-152.665, 60.125],
            [-153.025, 60.295],
            [-152.726, 60.236],
            [-152.543, 60.266],
            [-152.291, 60.381],
            [-152.269, 60.528],
            [-151.751, 60.756],
            [-151.783, 60.858],
            [-151.592, 60.979],
            [-150.613, 61.301],
            [-149.976, 61.28],
            [-149.626, 61.486],
            [-149.328, 61.497],
            [-149.738, 61.363],
            [-150.055, 61.17],
            [-149.076, 60.877],
            [-149.634, 60.952],
            [-150.113, 60.933],
            [-150.44, 61.023],
            [-151.322, 60.743],
            [-151.311, 60.466],
            [-151.398, 60.275],
            [-151.736, 59.988],
            [-151.855, 59.782],
            [-151.765, 59.7],
            [-151.452, 59.65],
            [-151.045, 59.771],
            [-151.401, 59.516],
            [-151.851, 59.407],
            [-151.949, 59.264],
            [-151.74, 59.188],
            [-151.171, 59.237],
            [-151.182, 59.301],
            [-150.933, 59.249],
            [-150.678, 59.427],
            [-150.606, 59.563],
            [-150.199, 59.566],
            [-149.965, 59.69],
            [-150.005, 59.785],
            [-149.781, 59.75],
            [-149.796, 59.856],
            [-149.713, 59.919],
            [-149.598, 59.771],
            [-149.396, 60.106],
            [-149.266, 59.999],
            [-148.464, 59.974],
            [-148.334, 60.122],
            [-148.197, 60.167],
            [-148.183, 60.393],
            [-147.963, 60.485],
            [-148.118, 60.575],
            [-148.64, 60.49],
            [-148.305, 60.584],
            [-148.258, 60.676],
            [-148.557, 60.827],
            [-148.345, 60.853],
            [-148.208, 61.03],
            [-148.41, 61.011],
            [-148.341, 61.061],
            [-148.05, 61.082],
            [-147.751, 61.219],
            [-147.992, 60.948],
            [-147.808, 60.886],
            [-147.657, 60.91],
            [-147.567, 60.995],
            [-147.362, 60.915],
            [-147.196, 60.997],
            [-146.872, 61.006],
            [-146.584, 61.127],
            [-146.286, 61.113],
            [-146.599, 61.054],
            [-146.638, 60.898],
            [-146.394, 60.811],
            [-146.57, 60.729],
            [-146.25, 60.749],
            [-146.149, 60.66],
            [-145.674, 60.651],
            [-145.9, 60.478],
            [-145.249, 60.381],
            [-144.691, 60.669],
            [-144.824, 60.533],
            [-144.9, 60.335],
            [-144.644, 60.224],
            [-144.187, 60.151],
            [-144.09, 60.084],
            [-144.147, 60.016],
            [-142.945, 60.098],
            [-141.67, 59.969],
            [-141.447, 60.019],
            [-141.408, 60.118],
            [-141.289, 60.004],
            [-141.408, 59.903],
            [-140.842, 59.749],
            [-140.421, 59.71],
            [-139.917, 59.806],
            [-139.431, 60.013],
            [-139.244, 59.893],
            [-138.988, 59.835],
            [-139.222, 59.82],
            [-139.287, 59.612],
            [-139.33, 59.877],
            [-139.514, 59.954],
            [-139.582, 59.881],
            [-139.514, 59.698],
            [-139.773, 59.526],
            [-138.513, 59.165],
            [-138.56, 59.129],
            [-138.027, 58.941],
            [-137.545, 58.582],
            [-136.609, 58.244],
            [-136.461, 58.329],
            [-136.08, 58.365],
            [-136.062, 58.454],
            [-136.224, 58.603],
            [-136.483, 58.619],
            [-136.411, 58.7],
            [-136.612, 58.809],
            [-137.059, 58.874],
            [-136.947, 58.934],
            [-136.99, 59.035],
            [-136.566, 58.941],
            [-136.227, 58.766],
            [-136.123, 58.82],
            [-136.134, 59.04],
            [-136.018, 58.874],
            [-135.828, 58.898],
            [-136.044, 58.822],
            [-135.86, 58.577],
            [-135.896, 58.4],
            [-135.572, 58.412],
            [-135.302, 58.256],
            [-135.09, 58.245],
            [-135.061, 58.341],
            [-135.385, 59.087],
            [-135.504, 59.202],
            [-135.399, 59.209],
            [-135.486, 59.309],
            [-135.414, 59.318],
            [-135.363, 59.419],
            [-135.133, 58.842],
            [-134.985, 58.766],
            [-134.942, 58.646],
            [-134.665, 58.384],
            [-134.208, 58.233],
            [-133.876, 58.518],
            [-134.046, 58.289],
            [-134.031, 58.072],
            [-133.722, 57.844],
            [-133.56, 57.924],
            [-133.196, 57.877],
            [-133.538, 57.863],
            [-133.516, 57.775],
            [-133.117, 57.567],
            [-133.556, 57.695],
            [-133.65, 57.643],
            [-133.538, 57.554],
            [-133.437, 57.337],
            [-133.466, 57.172],
            [-132.825, 57.056],
            [-132.804, 56.895],
            [-132.487, 56.766],
            [-132.476, 56.65],
            [-132.357, 56.626],
            [-132.181, 56.421],
            [-132.022, 56.381],
            [-131.889, 56.242],
            [-131.551, 56.207],
            [-131.842, 56.16],
            [-132.206, 55.754],
            [-132.12, 55.57],
            [-131.947, 55.554],
            [-131.785, 55.877],
            [-131.032, 56.087],
            [-131.14, 55.997],
            [-130.917, 55.737],
            [-130.856, 55.355],
            [-130.748, 55.318],
            [-130.986, 55.244],
            [-131.047, 55.157],
            [-130.849, 54.808],
            [-130.536, 54.749],
            [-130.204, 54.947],
            [-130.219, 55.06],
            [-130.035, 55.298],
            [-130.147, 55.655],
            [-130.024, 55.888],
            [-130.096, 55.695],
            [-129.985, 55.358],
            [-130.093, 55.108],
            [-130.05, 55.058],
            [-129.837, 55.318],
            [-129.794, 55.56],
            [-129.7, 55.438],
            [-129.56, 55.462],
            [-129.891, 55.164],
            [-130.219, 54.73],
            [-130.352, 54.655],
            [-130.431, 54.421],
            [-130.291, 54.27],
            [-130.086, 54.181],
            [-129.625, 54.23],
            [-130.042, 54.133],
            [-130.086, 53.976],
            [-130.334, 53.725],
            [-129.913, 53.551],
            [-129.823, 53.412],
            [-129.563, 53.251],
            [-129.257, 53.417],
            [-129.207, 53.641],
            [-128.959, 53.841],
            [-128.703, 53.919],
            [-128.534, 53.858],
            [-128.764, 53.747],
            [-128.674, 53.555],
            [-128.512, 53.476],
            [-128.206, 53.483],
            [-127.929, 53.275],
            [-128.134, 53.417],
            [-128.541, 53.421],
            [-128.905, 53.56],
            [-128.854, 53.704],
            [-129.02, 53.692],
            [-129.171, 53.534],
            [-129.081, 53.367],
            [-128.653, 53.244],
            [-128.523, 53.141],
            [-128.451, 52.876],
            [-128.365, 52.825],
            [-128.051, 52.911],
            [-128.271, 52.364],
            [-127.94, 52.546],
            [-128.051, 52.454],
            [-128.037, 52.319],
            [-128.357, 52.159],
            [-128.192, 51.999],
            [-128.102, 51.789],
            [-127.835, 52.251],
            [-127.519, 52.358],
            [-127.065, 52.652],
            [-127.007, 52.843],
            [-126.95, 52.721],
            [-127.187, 52.537],
            [-127.195, 52.457],
            [-127.126, 52.371],
            [-126.939, 52.308],
            [-126.712, 52.06],
            [-127.241, 52.395],
            [-127.439, 52.357],
            [-127.796, 52.192],
            [-127.857, 51.99],
            [-127.727, 51.994],
            [-127.864, 51.82],
            [-127.85, 51.673],
            [-127.645, 51.478],
            [-127.443, 51.68],
            [-127.339, 51.707],
            [-126.691, 51.704],
            [-127.421, 51.609],
            [-127.688, 51.343],
            [-127.709, 51.152],
            [-127.357, 50.945],
            [-127.058, 50.867],
            [-126.633, 50.916],
            [-126.518, 51.056],
            [-126.521, 50.866],
            [-126.374, 50.838],
            [-126.514, 50.68],
            [-125.906, 50.704],
            [-126.446, 50.588],
            [-126.406, 50.53],
            [-126.093, 50.497],
            [-125.643, 50.466],
            [-125.539, 50.649],
            [-125.477, 50.497],
            [-125.06, 50.513],
            [-124.858, 50.872],
            [-124.862, 50.638],
            [-125.056, 50.419],
            [-124.703, 49.958],
            [-124.412, 49.779],
            [-124.142, 49.793],
            [-123.983, 49.876],
            [-123.865, 50.072],
            [-123.947, 50.183],
            [-123.879, 50.173],
            [-123.785, 50.088],
            [-123.904, 49.982],
            [-123.875, 49.737],
            [-123.764, 49.659],
            [-123.584, 49.682],
            [-123.818, 49.586],
            [-123.994, 49.735],
            [-124.055, 49.662],
            [-123.947, 49.534],
            [-123.53, 49.397],
            [-123.335, 49.459],
            [-123.325, 49.577],
            [-123.188, 49.68],
            [-123.278, 49.345],
            [-123.015, 49.322],
            [-122.878, 49.399],
            [-122.947, 49.293],
            [-123.231, 49.26],
            [-123.195, 49.147],
            [-123.08, 49.131],
            [-123.076, 48.98],
            [-122.961, 49.074],
            [-122.828, 49.029],
            [-122.687, 48.794],
            [-122.543, 48.761],
            [-122.497, 48.506],
            [-122.659, 48.491],
            [-122.662, 48.446],
            [-122.41, 48.295],
            [-122.522, 48.229],
            [-122.493, 48.131],
            [-122.385, 48.09],
            [-122.417, 48.183],
            [-122.241, 48.012],
            [-122.403, 47.784],
            [-122.353, 47.371],
            [-122.543, 47.275],
            [-122.626, 47.144],
            [-123.026, 47.138],
            [-122.828, 47.336],
            [-122.767, 47.218],
            [-122.709, 47.317],
            [-122.579, 47.293],
            [-122.558, 47.463],
            [-122.677, 47.612],
            [-122.612, 47.616],
            [-122.619, 47.713],
            [-122.525, 47.768],
            [-122.533, 47.92],
            [-122.587, 47.928],
            [-122.587, 47.855],
            [-123.062, 47.454],
            [-123.065, 47.4],
            [-122.921, 47.407],
            [-123.137, 47.355],
            [-123.051, 47.551],
            [-122.655, 47.881],
            [-122.777, 48.138],
            [-122.975, 48.074],
            [-123.123, 48.15],
            [-123.976, 48.168],
            [-124.711, 48.38],
            [-124.664, 47.973],
            [-124.376, 47.659],
            [-124.138, 46.954],
            [-124.113, 47.036],
            [-123.843, 46.963],
            [-124.113, 46.862],
            [-124.073, 46.744],
            [-123.89, 46.659],
            [-123.947, 46.432],
            [-124.045, 46.605],
            [-124.073, 46.279],
            [-123.465, 46.27],
            [-123.22, 46.154],
            [-123.523, 46.223],
            [-123.674, 46.182],
            [-123.991, 46.22],
            [-123.929, 45.578],
            [-124.149, 43.692],
            [-124.289, 43.409],
            [-124.196, 43.423],
            [-124.347, 43.342],
            [-124.541, 42.812],
            [-124.405, 42.583],
            [-124.354, 42.123],
            [-124.21, 41.984],
            [-124.246, 41.788],
            [-124.163, 41.719],
            [-124.073, 41.46],
            [-124.189, 40.772],
            [-124.221, 40.696],
            [-124.282, 40.71],
            [-124.372, 40.491],
            [-124.325, 40.252],
            [-123.832, 39.776],
            [-123.778, 39.516],
            [-123.821, 39.368],
            [-123.703, 38.908],
            [-123.119, 38.45],
            [-122.907, 38.196],
            [-122.878, 38.123],
            [-122.979, 38.227],
            [-122.997, 37.988],
            [-122.932, 38.056],
            [-122.522, 37.826],
            [-122.468, 37.839],
            [-122.482, 38.109],
            [-122.392, 38.144],
            [-122.155, 38.066],
            [-122.032, 38.123],
            [-121.525, 38.056],
            [-122.313, 38.007],
            [-122.385, 37.96],
            [-122.072, 37.477],
            [-122.299, 37.592],
            [-122.371, 37.656],
            [-122.385, 37.788],
            [-122.446, 37.799],
            [-122.515, 37.773],
            [-122.5, 37.543],
            [-122.396, 37.207],
            [-122.165, 36.991],
            [-121.881, 36.939],
            [-121.809, 36.851],
            [-121.791, 36.733],
            [-121.917, 36.573],
            [-121.877, 36.332],
            [-121.283, 35.675],
            [-120.898, 35.426],
            [-120.859, 35.21],
            [-120.632, 35.077],
            [-120.646, 34.58],
            [-120.481, 34.472],
            [-119.606, 34.419],
            [-119.267, 34.257],
            [-119.145, 34.111],
            [-118.832, 34.025],
            [-118.508, 34.018],
            [-118.393, 33.858],
            [-118.411, 33.743],
            [-118.079, 33.722],
            [-117.467, 33.295],
            [-117.32, 33.099],
            [-117.244, 32.664],
            [-117.136, 32.65],
            [-117.064, 32.344],
            [-116.913, 32.198],
            [-116.848, 31.997],
            [-116.621, 31.851],
            [-116.625, 31.757],
            [-116.722, 31.735],
            [-116.661, 31.565],
            [-116.333, 31.204],
            [-116.297, 30.971],
            [-116.063, 30.804],
            [-115.995, 30.414],
            [-115.815, 30.304],
            [-115.808, 29.961],
            [-115.675, 29.756],
            [-115.167, 29.428],
            [-114.937, 29.351],
            [-114.145, 28.605],
            [-114.047, 28.426],
            [-114.184, 28.013],
            [-114.267, 27.935],
            [-114.159, 27.919],
            [-114.177, 27.83],
            [-114.069, 27.676],
            [-114.303, 27.775],
            [-114.299, 27.872],
            [-114.569, 27.784],
            [-115.037, 27.843],
            [-114.994, 27.737],
            [-114.541, 27.431],
            [-114.447, 27.218],
            [-113.842, 26.966],
            [-113.597, 26.721],
            [-113.273, 26.791],
            [-113.155, 26.947],
            [-113.119, 26.716],
            [-113.021, 26.584],
            [-112.658, 26.317],
            [-112.377, 26.214],
            [-112.175, 25.912],
            [-112.071, 25.574],
            [-112.118, 24.935],
            [-111.848, 24.669],
            [-111.801, 24.543],
            [-111.682, 24.556],
            [-111.038, 24.105],
            [-110.631, 23.737],
            [-110.361, 23.605],
            [-110.181, 23.341],
            [-110.005, 22.893],
            [-109.824, 22.923],
            [-109.457, 23.214],
            [-109.421, 23.48],
            [-109.511, 23.598],
            [-109.677, 23.662],
            [-109.709, 23.803],
            [-110.023, 24.174],
            [-110.303, 24.339],
            [-110.296, 24.195],
            [-110.368, 24.1],
            [-110.66, 24.341],
            [-110.735, 24.589],
            [-110.689, 24.867],
            [-110.894, 25.145],
            [-111.034, 25.527],
            [-111.149, 25.572],
            [-111.293, 25.789],
            [-111.333, 26.126],
            [-111.571, 26.707],
            [-111.794, 26.879],
            [-111.815, 26.756],
            [-111.7, 26.581],
            [-111.862, 26.678],
            [-111.884, 26.841],
            [-112.01, 26.968],
            [-112.003, 27.079],
            [-112.19, 27.186],
            [-112.33, 27.523],
            [-112.733, 27.825],
            [-112.87, 28.424],
            [-113.093, 28.511],
            [-113.205, 28.799],
            [-113.32, 28.813],
            [-113.381, 28.947],
            [-113.5, 28.926],
            [-113.547, 29.103],
            [-113.756, 29.367],
            [-114.551, 30.023],
            [-114.649, 30.238],
            [-114.634, 30.507],
            [-114.703, 30.764],
            [-114.883, 31.157],
            [-114.789, 31.648],
            [-114.933, 31.901],
            [-114.148, 31.507],
            [-114.004, 31.525],
            [-113.947, 31.629],
            [-113.759, 31.558],
            [-113.633, 31.467],
            [-113.623, 31.346],
            [-113.047, 31.179],
            [-113.043, 31.087],
            [-113.119, 31.047],
            [-113.057, 30.652],
            [-112.823, 30.301],
            [-112.737, 29.985],
            [-112.413, 29.537],
            [-112.377, 29.348],
            [-112.222, 29.27],
            [-112.161, 29.02],
            [-111.679, 28.471],
            [-111.473, 28.384],
            [-111.121, 27.968],
            [-110.923, 27.89],
            [-110.53, 27.863],
            [-110.617, 27.653],
            [-110.591, 27.544],
            [-110.379, 27.233],
            [-109.943, 27.079],
            [-109.756, 26.702],
            [-109.482, 26.711],
            [-109.277, 26.534],
            [-109.115, 26.252],
            [-109.198, 26.305],
            [-109.425, 26.032],
            [-109.385, 25.726],
            [-109.306, 25.633],
            [-109.083, 25.615],
            [-108.885, 25.733],
            [-108.971, 25.589],
            [-109.068, 25.551],
            [-109.029, 25.48],
            [-108.788, 25.537],
            [-108.698, 25.383],
            [-108.05, 25.067],
            [-108.14, 25.018],
            [-108.28, 25.082],
            [-108.014, 24.784],
            [-107.952, 24.615],
            [-107.513, 24.489],
            [-107.528, 24.36],
            [-107.765, 24.471],
            [-106.937, 23.881],
            [-106.401, 23.195],
            [-105.792, 22.628],
            [-105.645, 22.327],
            [-105.648, 21.989],
            [-105.432, 21.619],
            [-105.209, 21.491],
            [-105.238, 21.119],
            [-105.512, 20.808],
            [-105.328, 20.753],
            [-105.26, 20.579],
            [-105.544, 20.498],
            [-105.67, 20.385],
            [-105.483, 19.977],
            [-104.939, 19.31],
            [-103.913, 18.829],
            [-103.442, 18.326],
            [-102.7, 18.062],
            [-102.218, 17.958],
            [-101.919, 17.96],
            [-101.602, 17.652],
            [-100.846, 17.201],
            [-100.025, 16.92],
            [-99.69, 16.72],
            [-98.762, 16.534],
            [-98.52, 16.305],
            [-98.139, 16.206],
            [-97.754, 15.967],
            [-97.185, 15.909],
            [-96.512, 15.652],
            [-96.213, 15.692],
            [-95.464, 15.975],
            [-95.133, 16.177],
            [-94.798, 16.21],
            [-95.021, 16.277],
            [-94.859, 16.42],
            [-94.791, 16.288],
            [-94.65, 16.352],
            [-94.586, 16.316],
            [-94.661, 16.203],
            [-94.002, 16.019],
            [-94.427, 16.227],
            [-94.373, 16.284],
            [-93.916, 16.053],
            [-92.919, 15.236],
            [-92.264, 14.567],
            [-91.821, 14.229],
            [-91.378, 13.989],
            [-91.148, 13.925],
            [-90.478, 13.901],
            [-89.805, 13.561],
            [-89.279, 13.477],
            [-88.512, 13.184],
            [-88.685, 13.281],
            [-88.023, 13.168],
            [-87.821, 13.285],
            [-87.814, 13.399],
            [-87.49, 13.352],
            [-87.414, 13.128],
            [-87.331, 13.085],
            [-87.339, 12.949],
            [-87.425, 12.922],
            [-87.583, 13.043],
            [-87.666, 12.904],
            [-86.853, 12.248],
            [-86.467, 11.738],
            [-85.744, 11.088],
            [-85.751, 10.986],
            [-85.909, 10.898],
            [-85.668, 10.745],
            [-85.665, 10.635],
            [-85.848, 10.292],
            [-85.625, 9.903],
            [-85.315, 9.811],
            [-85.078, 9.602],
            [-84.887, 9.821],
            [-84.963, 9.934],
            [-85.161, 10.017],
            [-85.261, 10.257],
            [-84.714, 9.899],
            [-84.642, 9.79],
            [-84.66, 9.646],
            [-84.581, 9.568],
            [-84.221, 9.462],
            [-83.739, 9.151],
            [-83.638, 9.035],
            [-83.613, 8.804],
            [-83.735, 8.615],
            [-83.605, 8.481],
            [-83.292, 8.406],
            [-83.299, 8.507],
            [-83.469, 8.707],
            [-83.285, 8.665],
            [-83.163, 8.589],
            [-83.123, 8.353],
            [-82.878, 8.071],
            [-82.867, 8.247],
            [-82.68, 8.321],
            [-82.234, 8.311],
            [-82.158, 8.195],
            [-81.975, 8.215],
            [-81.726, 8.137],
            [-81.503, 7.721],
            [-81.269, 7.625],
            [-81.219, 7.622],
            [-81.157, 7.854],
            [-81.064, 7.899],
            [-80.844, 7.221],
            [-80.437, 7.274],
            [-80.286, 7.426],
            [-80.013, 7.5],
            [-80.074, 7.667],
            [-80.466, 8.141],
            [-80.369, 8.288],
            [-80.124, 8.349],
            [-79.75, 8.596],
            [-79.815, 8.639],
            [-79.68, 8.855],
            [-79.999, 9.324],
            [-80.128, 9.21],
            [-80.545, 9.082],
            [-81.064, 8.813],
            [-81.546, 8.826],
            [-81.895, 9.141],
            [-81.78, 8.957],
            [-82.079, 8.934],
            [-82.245, 9.031],
            [-82.187, 9.191],
            [-82.338, 9.208],
            [-82.371, 9.429],
            [-82.777, 9.67],
            [-83.346, 10.316],
            [-83.616, 10.877],
            [-83.832, 11.13],
            [-83.857, 11.354],
            [-83.652, 11.642],
            [-83.706, 11.825],
            [-83.829, 11.861],
            [-83.767, 12.059],
            [-83.681, 12.024],
            [-83.652, 12.286],
            [-83.753, 12.502],
            [-83.595, 12.713],
            [-83.627, 12.46],
            [-83.595, 12.396],
            [-83.512, 12.411],
            [-83.566, 13.321],
            [-83.411, 13.996],
            [-83.188, 14.34],
            [-83.299, 14.75],
            [-83.415, 14.826],
            [-83.343, 14.902],
            [-83.281, 14.812],
            [-83.159, 14.993],
            [-83.292, 15.08],
            [-83.368, 15.239],
            [-83.645, 15.368],
            [-83.497, 15.222],
            [-83.591, 15.265],
            [-83.76, 15.22],
            [-83.926, 15.394],
            [-84.095, 15.401],
            [-84.113, 15.493],
            [-83.973, 15.519],
            [-83.764, 15.406],
            [-84.261, 15.823],
            [-84.52, 15.873],
            [-84.426, 15.83],
            [-84.559, 15.802],
            [-84.973, 15.989],
            [-85.485, 15.899],
            [-85.985, 16.024],
            [-85.935, 15.953],
            [-86.356, 15.783],
            [-86.907, 15.762],
            [-87.285, 15.835],
            [-87.486, 15.79],
            [-87.702, 15.911],
            [-87.875, 15.88],
            [-88.131, 15.701],
            [-88.595, 15.951],
            [-88.537, 15.85],
            [-88.602, 15.764],
            [-88.894, 15.89],
            [-88.879, 16.017],
            [-88.696, 16.248],
            [-88.563, 16.291],
            [-88.314, 16.633],
            [-88.26, 16.963],
            [-88.289, 17.312],
            [-88.203, 17.517],
            [-88.271, 17.611],
            [-88.084, 18.227],
            [-88.131, 18.35],
            [-88.35, 18.359],
            [-88.195, 18.72],
            [-88.033, 18.84],
            [-88.041, 18.484],
            [-87.882, 18.274],
            [-87.803, 18.357],
            [-87.501, 19.288],
            [-87.551, 19.321],
            [-87.655, 19.258],
            [-87.659, 19.352],
            [-87.483, 19.444],
            [-87.425, 19.583],
            [-87.645, 19.553],
            [-87.688, 19.637],
            [-87.443, 19.862],
            [-87.421, 20.232],
            [-86.863, 20.885],
            [-86.773, 21.15],
            [-86.824, 21.421],
            [-87.13, 21.621],
            [-87.385, 21.551],
            [-87.187, 21.546],
            [-87.252, 21.447],
            [-88.131, 21.616],
            [-88.584, 21.539],
            [-88.879, 21.414],
            [-89.819, 21.275],
            [-90.183, 21.121],
            [-90.352, 21.01],
            [-90.46, 20.713],
            [-90.492, 19.947],
            [-90.694, 19.73],
            [-90.741, 19.352],
            [-90.957, 19.152],
            [-91.436, 18.89],
            [-91.468, 18.833],
            [-91.342, 18.9],
            [-91.367, 18.807],
            [-91.277, 18.72],
            [-91.274, 18.624],
            [-91.533, 18.456],
            [-91.914, 18.529],
            [-91.882, 18.638],
            [-91.976, 18.716],
            [-92.44, 18.675],
            [-92.71, 18.612],
            [-92.886, 18.468],
            [-93.552, 18.43],
            [-94.19, 18.196],
            [-94.46, 18.166],
            [-94.546, 18.175],
            [-94.798, 18.515],
            [-95.014, 18.571],
            [-95.183, 18.701],
            [-95.72, 18.769],
            [-95.579, 18.69],
            [-95.626, 18.69],
            [-95.82, 18.755],
            [-95.928, 18.85],
            [-95.777, 18.805],
            [-96.288, 19.343],
            [-96.458, 19.869],
            [-97.185, 20.716],
            [-97.516, 21.478],
            [-97.638, 21.603],
            [-97.754, 22.027],
            [-97.592, 21.761],
            [-97.383, 21.567],
            [-97.408, 21.272],
            [-97.314, 21.564],
            [-97.584, 21.808],
            [-97.764, 22.105],
            [-97.858, 22.624],
            [-97.746, 22.942],
            [-97.743, 23.761],
            [-97.667, 24.39],
            [-97.509, 25.015],
            [-97.163, 25.754],
            [-97.142, 26.03],
            [-97.437, 26.485],
            [-97.556, 26.968],
            [-97.484, 27.237],
            [-97.692, 27.287],
            [-97.768, 27.457],
            [-97.523, 27.313],
            [-97.44, 27.329],
            [-97.289, 27.671],
            [-97.433, 27.837],
            [-97.17, 27.879],
            [-97.073, 27.987],
            [-97.034, 28.094],
            [-97.142, 28.061],
            [-97.156, 28.145],
            [-96.933, 28.225],
            [-96.893, 28.157],
            [-96.839, 28.195],
            [-96.774, 28.422],
            [-96.677, 28.341],
            [-96.422, 28.457],
            [-96.526, 28.488],
            [-96.641, 28.709],
            [-96.45, 28.594],
            [-96.375, 28.657],
            [-96.011, 28.633],
            [-96.234, 28.488],
            [-95.273, 28.964],
            [-95.14, 29.167],
            [-94.888, 29.37],
            [-95.021, 29.702],
            [-94.892, 29.678],
            [-94.834, 29.752],
            [-94.74, 29.751],
            [-94.78, 29.547],
            [-94.528, 29.547],
            [-94.758, 29.384],
            [-94.1, 29.671],
            [-93.891, 29.69],
            [-93.945, 29.815],
            [-93.84, 29.98],
            [-93.768, 29.952],
            [-93.884, 29.81],
            [-93.826, 29.724],
            [-93.174, 29.778],
            [-92.67, 29.598],
            [-92.26, 29.556],
            [-92.084, 29.593],
            [-92.134, 29.7],
            [-91.893, 29.836],
            [-91.824, 29.751],
            [-91.673, 29.745],
            [-91.515, 29.556],
            [-91.331, 29.514],
            [-91.248, 29.565],
            [-91.151, 29.318],
            [-91.292, 29.289],
            [-90.752, 29.131],
            [-90.586, 29.271],
            [-90.381, 29.296],
            [-90.212, 29.105],
            [-90.1, 29.181],
            [-90.053, 29.337],
            [-90.053, 29.431],
            [-90.158, 29.537],
            [-89.877, 29.459],
            [-89.794, 29.334],
            [-89.52, 29.249],
            [-89.355, 29.07],
            [-89.376, 28.981],
            [-89.236, 29.08],
            [-89.157, 29.016],
            [-89.016, 29.204],
            [-89.182, 29.336],
            [-89.513, 29.421],
            [-89.722, 29.619],
            [-89.531, 29.771],
            [-89.355, 29.82],
            [-89.401, 30.046],
            [-89.495, 30.058],
            [-89.632, 29.903],
            [-89.815, 30.007],
            [-89.664, 30.117],
            [-89.736, 30.172],
            [-89.995, 30.06],
            [-90.284, 30.065],
            [-90.413, 30.141],
            [-90.226, 30.379],
            [-89.589, 30.165],
            [-89.322, 30.346],
            [-88.905, 30.415],
            [-88.692, 30.355],
            [-88.134, 30.367],
            [-88.012, 30.695],
            [-87.922, 30.561],
            [-87.925, 30.45],
            [-87.789, 30.292],
            [-88.005, 30.231],
            [-87.623, 30.264],
            [-87.447, 30.395],
            [-87.475, 30.294],
            [-87.281, 30.339],
            [-87.169, 30.539],
            [-87.072, 30.5],
            [-86.997, 30.57],
            [-86.986, 30.431],
            [-87.202, 30.339],
            [-86.259, 30.494],
            [-86.125, 30.405],
            [-86.453, 30.4],
            [-85.755, 30.167],
            [-85.74, 30.244],
            [-85.603, 30.287],
            [-85.665, 30.19],
            [-85.611, 30.148],
            [-85.675, 30.122],
            [-85.355, 29.876],
            [-85.315, 29.757],
            [-85.413, 29.843],
            [-85.413, 29.768],
            [-85.319, 29.681],
            [-84.383, 29.907],
            [-84.311, 30.065],
            [-84.045, 30.105],
            [-83.695, 29.926],
            [-83.292, 29.452],
            [-82.77, 29.051],
            [-82.651, 28.888],
            [-82.662, 28.487],
            [-82.842, 27.846],
            [-82.741, 27.709],
            [-82.612, 27.777],
            [-82.597, 27.874],
            [-82.677, 27.964],
            [-82.407, 27.863],
            [-82.637, 27.525],
            [-82.716, 27.499],
            [-82.291, 26.87],
            [-82.18, 26.839],
            [-82.18, 26.936],
            [-82.014, 26.961],
            [-82.068, 26.891],
            [-82.039, 26.553],
            [-81.827, 26.686],
            [-81.96, 26.49],
            [-81.867, 26.435],
            [-81.813, 26.147],
            [-81.715, 25.983],
            [-81.366, 25.831],
            [-81.114, 25.367],
            [-80.941, 25.265],
            [-80.967, 25.225],
            [-81.136, 25.31],
            [-81.168, 25.228],
            [-81.111, 25.138],
            [-80.484, 25.23],
            [-80.365, 25.331],
            [-80.301, 25.619],
            [-80.16, 25.877],
            [-80.128, 25.834],
            [-80.049, 26.808],
            [-80.124, 27.082],
            [-80.747, 28.381],
            [-80.837, 28.758],
            [-80.689, 28.579],
            [-80.733, 28.462],
            [-80.693, 28.344],
            [-80.607, 28.523],
            [-80.61, 28.178],
            [-80.455, 27.9],
            [-80.585, 28.271],
            [-80.524, 28.487],
            [-80.898, 29.049],
            [-81.251, 29.794],
            [-81.517, 30.803],
            [-81.442, 31.2],
            [-81.366, 31.172],
            [-81.287, 31.264],
            [-81.381, 31.353],
            [-81.294, 31.372],
            [-81.175, 31.532],
            [-81.258, 31.539],
            [-81.168, 31.61],
            [-81.197, 31.704],
            [-81.067, 31.789],
            [-81.114, 31.879],
            [-80.923, 31.945],
            [-80.848, 32.113],
            [-80.693, 32.216],
            [-80.801, 32.448],
            [-80.711, 32.337],
            [-80.646, 32.396],
            [-80.578, 32.287],
            [-80.473, 32.422],
            [-80.635, 32.512],
            [-80.362, 32.5],
            [-79.941, 32.667],
            [-79.894, 32.73],
            [-79.933, 32.809],
            [-79.804, 32.787],
            [-79.617, 32.91],
            [-79.588, 33],
            [-79.275, 33.136],
            [-79.228, 33.405],
            [-79.195, 33.243],
            [-79.138, 33.407],
            [-78.843, 33.724],
            [-78.407, 33.917],
            [-78.015, 33.912],
            [-77.953, 34.169],
            [-77.928, 33.939],
            [-77.752, 34.285],
            [-77.381, 34.526],
            [-77.413, 34.731],
            [-77.295, 34.603],
            [-77.133, 34.709],
            [-76.733, 34.707],
            [-76.441, 34.842],
            [-76.362, 34.936],
            [-76.456, 34.99],
            [-76.744, 34.941],
            [-76.974, 35.024],
            [-77.071, 35.155],
            [-76.78, 34.99],
            [-76.629, 35.073],
            [-76.513, 35.271],
            [-77.039, 35.528],
            [-76.74, 35.431],
            [-76.578, 35.533],
            [-76.488, 35.398],
            [-76.175, 35.354],
            [-75.775, 35.648],
            [-75.757, 35.844],
            [-75.855, 35.96],
            [-75.981, 35.896],
            [-76.002, 35.722],
            [-76.085, 35.691],
            [-76.071, 35.971],
            [-76.726, 35.958],
            [-76.733, 36.229],
            [-76.679, 36.075],
            [-76.56, 36.016],
            [-76.384, 36.134],
            [-76.229, 36.116],
            [-76.272, 36.189],
            [-76.15, 36.146],
            [-76.146, 36.28],
            [-75.819, 36.113],
            [-75.991, 36.474],
            [-75.948, 36.66],
            [-75.811, 36.271],
            [-75.534, 35.82],
            [-75.757, 36.229],
            [-75.999, 36.913],
            [-76.243, 36.953],
            [-76.488, 36.898],
            [-76.672, 37.174],
            [-77.251, 37.33],
            [-76.632, 37.222],
            [-76.402, 36.991],
            [-76.283, 37.052],
            [-76.326, 37.149],
            [-76.611, 37.323],
            [-76.758, 37.505],
            [-76.452, 37.274],
            [-76.395, 37.3],
            [-76.402, 37.385],
            [-76.265, 37.358],
            [-76.269, 37.495],
            [-76.369, 37.53],
            [-76.305, 37.571],
            [-76.549, 37.668],
            [-77.111, 38.165],
            [-76.942, 38.095],
            [-76.492, 37.682],
            [-76.344, 37.675],
            [-76.265, 37.894],
            [-76.549, 38.094],
            [-76.906, 38.198],
            [-77.046, 38.356],
            [-77.233, 38.34],
            [-77.313, 38.396],
            [-77.262, 38.601],
            [-77.046, 38.776],
            [-77.032, 38.889],
            [-77.017, 38.778],
            [-77.223, 38.542],
            [-77.233, 38.408],
            [-77.003, 38.444],
            [-76.891, 38.292],
            [-76.87, 38.391],
            [-76.769, 38.262],
            [-76.341, 38.087],
            [-76.409, 38.269],
            [-76.668, 38.538],
            [-76.679, 38.613],
            [-76.571, 38.436],
            [-76.395, 38.37],
            [-76.503, 38.533],
            [-76.495, 38.944],
            [-76.56, 39.066],
            [-76.474, 39.031],
            [-76.427, 39.127],
            [-76.571, 39.269],
            [-76.42, 39.226],
            [-76.33, 39.404],
            [-76.276, 39.323],
            [-76.247, 39.439],
            [-76.215, 39.38],
            [-76.096, 39.434],
            [-76.063, 39.561],
            [-75.959, 39.585],
            [-75.97, 39.505],
            [-75.873, 39.51],
            [-76.002, 39.411],
            [-75.876, 39.377],
            [-76.074, 39.37],
            [-76.236, 39.191],
            [-76.218, 39.064],
            [-76.132, 39.123],
            [-76.135, 39.082],
            [-76.186, 38.991],
            [-76.312, 39.009],
            [-76.33, 38.908],
            [-76.24, 38.943],
            [-76.168, 38.852],
            [-76.301, 38.818],
            [-76.341, 38.71],
            [-76.215, 38.759],
            [-76.017, 38.625],
            [-76.265, 38.601],
            [-76.265, 38.436],
            [-76.053, 38.28],
            [-75.858, 38.363],
            [-75.927, 38.168],
            [-75.797, 38.087],
            [-75.851, 37.972],
            [-75.66, 37.953],
            [-75.973, 37.398],
            [-75.999, 37.264],
            [-75.934, 37.151],
            [-75.811, 37.425],
            [-75.588, 37.559],
            [-75.354, 38.064],
            [-75.16, 38.255],
            [-75.117, 38.406],
            [-75.073, 38.366],
            [-75.037, 38.427],
            [-75.073, 38.578],
            [-75.189, 38.59],
            [-75.088, 38.778],
            [-75.311, 38.967],
            [-75.394, 39.092],
            [-75.412, 39.281],
            [-75.574, 39.477],
            [-75.588, 39.641],
            [-75.466, 39.781],
            [-75.073, 39.984],
            [-75.153, 39.87],
            [-75.423, 39.79],
            [-75.523, 39.489],
            [-75.135, 39.208],
            [-74.897, 39.146],
            [-74.922, 38.941],
            [-74.796, 39.002],
            [-74.58, 39.316],
            [-74.429, 39.387],
            [-74.407, 39.549],
            [-74.332, 39.536],
            [-74.256, 39.614],
            [-74.065, 39.993],
            [-74.08, 39.788],
            [-73.972, 40.401],
            [-73.997, 40.453],
            [-74.242, 40.456],
            [-74.263, 40.529],
            [-73.929, 40.915],
            [-73.968, 41.25],
            [-73.882, 41.17],
            [-73.871, 41.055],
            [-73.986, 40.752],
            [-73.583, 41.022],
            [-72.924, 41.285],
            [-71.524, 41.378],
            [-71.445, 41.453],
            [-71.391, 41.795],
            [-71.272, 41.682],
            [-71.149, 41.746],
            [-71.203, 41.64],
            [-71.167, 41.489],
            [-70.703, 41.715],
            [-70.656, 41.535],
            [-70.404, 41.627],
            [-69.947, 41.677],
            [-69.979, 41.962],
            [-70.109, 42.078],
            [-70.242, 42.092],
            [-70.109, 42.029],
            [-70.001, 41.826],
            [-70.296, 41.729],
            [-70.426, 41.757],
            [-70.516, 41.804],
            [-70.548, 41.939],
            [-70.656, 41.988],
            [-70.617, 42.04],
            [-70.739, 42.229],
            [-71.045, 42.331],
            [-70.833, 42.552],
            [-70.613, 42.623],
            [-70.624, 42.672],
            [-70.735, 42.67],
            [-70.829, 42.826],
            [-70.732, 43.071],
            [-70.203, 43.626],
            [-70.271, 43.672],
            [-70.177, 43.767],
            [-69.965, 43.856],
            [-69.976, 43.788],
            [-69.871, 43.819],
            [-69.81, 43.772],
            [-69.796, 43.911],
            [-69.731, 43.852],
            [-69.652, 43.994],
            [-69.623, 43.88],
            [-69.558, 43.982],
            [-69.522, 43.897],
            [-69.346, 44.001],
            [-69.227, 43.986],
            [-69.068, 44.097],
            [-68.96, 44.434],
            [-68.762, 44.571],
            [-68.795, 44.454],
            [-68.708, 44.442],
            [-68.813, 44.34],
            [-68.532, 44.258],
            [-68.449, 44.508],
            [-68.374, 44.446],
            [-68.15, 44.501],
            [-68.057, 44.385],
            [-67.906, 44.454],
            [-67.837, 44.576],
            [-67.6, 44.576],
            [-67.556, 44.645],
            [-67.366, 44.698],
            [-67.193, 44.675],
            [-66.988, 44.828],
            [-67.106, 44.885],
            [-67.124, 45.17],
            [-66.919, 45.145],
            [-66.872, 45.067],
            [-66.512, 45.144],
            [-66.44, 45.095],
            [-66.106, 45.257],
            [-66.181, 45.335],
            [-66.026, 45.418],
            [-66.109, 45.317],
            [-65.886, 45.224],
            [-64.777, 45.638],
            [-64.594, 45.814],
            [-64.633, 45.947],
            [-64.482, 45.807],
            [-64.316, 45.836],
            [-64.828, 45.475],
            [-64.914, 45.375],
            [-64.874, 45.355],
            [-64.748, 45.324],
            [-64.601, 45.409],
            [-63.37, 45.364],
            [-64.093, 45.217],
            [-64.183, 45.147],
            [-64.136, 45.024],
            [-64.356, 45.138],
            [-64.331, 45.309],
            [-64.45, 45.338],
            [-64.406, 45.305],
            [-64.45, 45.257],
            [-64.903, 45.121],
            [-65.728, 44.698],
            [-65.501, 44.76],
            [-65.616, 44.68],
            [-65.918, 44.616],
            [-66.091, 44.505],
            [-66.145, 44.435],
            [-65.868, 44.569],
            [-66.098, 44.368],
            [-66.192, 44.144],
            [-66.127, 43.814],
            [-66.037, 43.743],
            [-65.98, 43.816],
            [-65.886, 43.795],
            [-65.738, 43.56],
            [-65.483, 43.519],
            [-65.346, 43.55],
            [-65.328, 43.668],
            [-65.234, 43.727],
            [-65.087, 43.727],
            [-64.864, 43.868],
            [-64.277, 44.335],
            [-64.338, 44.444],
            [-64.288, 44.55],
            [-64.165, 44.586],
            [-64.1, 44.487],
            [-64, 44.645],
            [-63.82, 44.51],
            [-63.611, 44.481],
            [-63.546, 44.543],
            [-63.604, 44.684],
            [-63.305, 44.642],
            [-61.033, 45.291],
            [-61.105, 45.349],
            [-61.462, 45.366],
            [-61.282, 45.441],
            [-61.35, 45.574],
            [-61.494, 45.687],
            [-61.775, 45.656],
            [-61.955, 45.868],
            [-62.484, 45.621],
            [-62.75, 45.649],
            [-62.7, 45.741],
            [-63.294, 45.751],
            [-63.51, 45.875],
            [-63.704, 45.857],
            [-64.057, 46.022],
            [-63.83, 46.107],
            [-63.917, 46.166],
            [-64.543, 46.241],
            [-64.648, 46.355],
            [-64.727, 46.671],
            [-64.817, 46.699],
            [-64.907, 46.888],
            [-64.831, 47.06],
            [-65.191, 47.05],
            [-65.317, 47.102],
            [-64.91, 47.369],
            [-64.853, 47.571],
            [-64.702, 47.725],
            [-65.047, 47.793],
            [-65, 47.847],
            [-65.609, 47.67],
            [-65.85, 47.911],
            [-66.361, 48.06],
            [-66.703, 48.022],
            [-66.448, 48.119],
            [-66.084, 48.104],
            [-65.926, 48.189],
            [-65.476, 48.031],
            [-65.26, 48.022],
            [-64.82, 48.197],
            [-64.633, 48.36],
            [-64.349, 48.423],
            [-64.255, 48.55],
            [-64.244, 48.69],
            [-64.514, 48.841],
            [-64.208, 48.807],
            [-64.216, 48.874],
            [-64.568, 49.105],
            [-64.835, 49.192],
            [-65.522, 49.267],
            [-66.599, 49.126],
            [-68.237, 48.626],
            [-68.816, 48.366],
            [-69.472, 47.968],
            [-70.069, 47.378],
            [-70.519, 47.032],
            [-71.261, 46.756],
            [-72.111, 46.552],
            [-72.733, 46.182],
            [-73.158, 46.01],
            [-73.558, 45.425],
            [-73.763, 45.395],
            [-74.71, 45.003],
            [-73.975, 45.345],
            [-74.001, 45.434],
            [-74.314, 45.531],
            [-74.037, 45.501],
            [-73.713, 45.711],
            [-73.475, 45.737],
            [-72.982, 46.21],
            [-72.679, 46.288],
            [-72.204, 46.559],
            [-71.88, 46.687],
            [-71.268, 46.796],
            [-70.707, 47.14],
            [-70.447, 47.423],
            [-69.994, 47.741],
            [-69.774, 48.098],
            [-69.972, 48.206],
            [-70.501, 48.354],
            [-70.84, 48.367],
            [-71.02, 48.456],
            [-69.673, 48.199],
            [-69.374, 48.387],
            [-68.928, 48.829],
            [-68.543, 49.057],
            [-68.219, 49.15],
            [-68.284, 49.197],
            [-67.373, 49.348],
            [-66.941, 49.994],
            [-66.494, 50.211],
            [-66.127, 50.201],
            [-65.954, 50.294],
            [-65.764, 50.26],
            [-65.267, 50.32],
            [-64.169, 50.27],
            [-63.856, 50.315],
            [-63.24, 50.242],
            [-63.136, 50.294],
            [-62.714, 50.301],
            [-61.919, 50.234],
            [-61.724, 50.103],
            [-60.806, 50.249],
            [-60.079, 50.254],
            [-59.885, 50.317],
            [-59.816, 50.418],
            [-59.165, 50.78],
            [-58.51, 51.294],
            [-58.024, 51.322],
            [-57.462, 51.47],
            [-56.976, 51.458],
            [-56.018, 51.93],
            [-55.673, 52.19],
            [-56.011, 52.395],
            [-55.777, 52.364],
            [-55.705, 52.428],
            [-55.745, 52.475],
            [-56.324, 52.544],
            [-55.802, 52.643],
            [-55.871, 52.735],
            [-55.831, 52.878],
            [-55.892, 53.001],
            [-55.799, 53.213],
            [-55.964, 53.471],
            [-56.108, 53.588],
            [-56.353, 53.624],
            [-56.526, 53.766],
            [-56.839, 53.739],
            [-57.332, 53.47],
            [-57.419, 53.584],
            [-57.523, 53.612],
            [-57.134, 53.792],
            [-57.415, 54.162],
            [-58.312, 54.202],
            [-58.362, 54.155],
            [-58.319, 54.114],
            [-57.93, 54.103],
            [-58.654, 53.978],
            [-59.323, 53.643],
            [-59.831, 53.504],
            [-60.148, 53.306],
            [-60.331, 53.266],
            [-60.252, 53.343],
            [-60.292, 53.391],
            [-60.101, 53.487],
            [-60.396, 53.654],
            [-60.144, 53.596],
            [-60.058, 53.733],
            [-59.824, 53.834],
            [-59.496, 53.834],
            [-58.92, 54.034],
            [-58.632, 54.049],
            [-58.434, 54.228],
            [-58.15, 54.35],
            [-57.7, 54.386],
            [-57.404, 54.591],
            [-57.826, 54.719],
            [-57.93, 54.773],
            [-57.962, 54.876],
            [-58.196, 54.865],
            [-58.398, 54.773],
            [-58.78, 54.839],
            [-58.996, 55.15],
            [-59.258, 55.2],
            [-59.838, 54.813],
            [-59.438, 55.176],
            [-59.69, 55.197],
            [-59.759, 55.31],
            [-60.212, 55.237],
            [-60.616, 55.06],
            [-60.191, 55.482],
            [-60.407, 55.65],
            [-60.342, 55.785],
            [-60.475, 55.804],
            [-60.562, 55.726],
            [-60.742, 55.942],
            [-61.091, 55.867],
            [-61.188, 55.955],
            [-61.451, 55.995],
            [-61.3, 56.047],
            [-61.364, 56.216],
            [-61.714, 56.232],
            [-61.706, 56.289],
            [-61.426, 56.36],
            [-61.94, 56.424],
            [-62.009, 56.454],
            [-61.739, 56.527],
            [-62.498, 56.801],
            [-62.297, 56.832],
            [-62.383, 56.787],
            [-62.063, 56.698],
            [-61.372, 56.681],
            [-61.332, 57.011],
            [-61.627, 57.183],
            [-61.976, 57.249],
            [-61.85, 57.37],
            [-61.922, 57.421],
            [-62.495, 57.488],
            [-61.969, 57.612],
            [-61.93, 57.669],
            [-61.994, 57.77],
            [-61.901, 57.862],
            [-61.958, 57.912],
            [-62.304, 57.973],
            [-62.488, 58.153],
            [-63.262, 58.014],
            [-62.812, 58.2],
            [-62.675, 58.32],
            [-62.606, 58.497],
            [-63.132, 58.41],
            [-63.211, 58.467],
            [-63.539, 58.33],
            [-63.391, 58.452],
            [-62.873, 58.672],
            [-63.049, 58.879],
            [-63.283, 58.867],
            [-63.215, 58.928],
            [-63.308, 59.026],
            [-63.247, 59.068],
            [-63.971, 59.054],
            [-63.647, 59.079],
            [-63.416, 59.195],
            [-63.539, 59.332],
            [-63.776, 59.276],
            [-63.78, 59.349],
            [-63.946, 59.381],
            [-63.751, 59.513],
            [-64.057, 59.823],
            [-64.226, 59.742],
            [-64.183, 59.973],
            [-64.284, 60.065],
            [-64.77, 60.013],
            [-64.421, 60.172],
            [-64.5, 60.268],
            [-64.817, 60.33],
            [-65.173, 59.908],
            [-65.159, 59.83],
            [-65.029, 59.771],
            [-65.288, 59.818],
            [-65.432, 59.776],
            [-65.486, 59.648],
            [-65.407, 59.539],
            [-65.036, 59.388],
            [-65.476, 59.471],
            [-65.411, 59.315],
            [-65.512, 59.351],
            [-65.609, 59.214],
            [-65.699, 59.214],
            [-65.641, 59.127],
            [-65.382, 59.059],
            [-65.72, 59.023],
            [-65.702, 58.971],
            [-65.843, 58.978],
            [-65.922, 58.915],
            [-65.854, 58.846],
            [-66.044, 58.82],
            [-65.922, 58.572],
            [-66.001, 58.431],
            [-66.091, 58.658],
            [-66.361, 58.79],
            [-66.721, 58.492],
            [-67.571, 58.214],
            [-67.679, 57.992],
            [-67.754, 58.405],
            [-68.064, 58.139],
            [-67.888, 58.296],
            [-68.021, 58.485],
            [-68.176, 58.403],
            [-68.413, 58.053],
            [-69.04, 57.903],
            [-68.467, 58.077],
            [-68.356, 58.164],
            [-68.23, 58.485],
            [-68.381, 58.744],
            [-68.698, 58.905],
            [-69.27, 58.884],
            [-69.788, 58.69],
            [-70.156, 58.761],
            [-69.868, 58.856],
            [-69.785, 58.955],
            [-69.648, 58.822],
            [-69.533, 58.869],
            [-69.414, 59.087],
            [-69.45, 59.179],
            [-69.346, 59.303],
            [-69.68, 59.342],
            [-69.691, 59.488],
            [-69.58, 59.676],
            [-69.734, 59.919],
            [-70.656, 60.026],
            [-69.961, 60.018],
            [-69.673, 60.075],
            [-69.634, 60.221],
            [-69.742, 60.332],
            [-69.752, 60.488],
            [-69.641, 60.69],
            [-69.403, 60.848],
            [-69.472, 61.011],
            [-69.623, 61.049],
            [-69.709, 60.915],
            [-69.994, 60.856],
            [-70.095, 60.881],
            [-70.159, 61.021],
            [-70.278, 61.068],
            [-70.725, 61.056],
            [-71.423, 61.158],
            [-71.743, 61.337],
            [-71.646, 61.413],
            [-71.855, 61.44],
            [-71.621, 61.573],
            [-71.639, 61.617],
            [-71.866, 61.688],
            [-72.215, 61.587],
            [-72.039, 61.681],
            [-72.226, 61.832],
            [-72.507, 61.922],
            [-72.773, 61.841],
            [-72.633, 62.028],
            [-72.687, 62.125],
            [-72.881, 62.125],
            [-73.705, 62.472],
            [-74.645, 62.21],
            [-74.688, 62.184],
            [-74.634, 62.115],
            [-75.34, 62.313],
            [-75.79, 62.179],
            [-75.675, 62.25],
            [-76.881, 62.525],
            [-77.374, 62.573],
            [-77.899, 62.427],
            [-78.133, 62.281],
            [-78.137, 62.108],
            [-78.022, 61.832],
            [-77.514, 61.556],
            [-77.737, 61.438],
            [-77.73, 61.207],
            [-78.18, 60.82],
            [-77.604, 60.825],
            [-77.791, 60.639],
            [-77.503, 60.542],
            [-77.68, 60.427],
            [-77.453, 60.146],
            [-77.586, 60.089],
            [-77.291, 60.021],
            [-77.374, 59.926],
            [-77.331, 59.797],
            [-77.485, 59.684],
            [-77.349, 59.579],
            [-77.727, 59.676],
            [-77.748, 59.558],
            [-77.86, 59.476],
            [-77.759, 59.381],
            [-78.432, 58.901],
            [-78.515, 58.683],
            [-78.465, 58.603],
            [-77.158, 58.02],
            [-76.891, 57.757],
            [-76.575, 57.181],
            [-76.524, 56.891],
            [-76.546, 56.358],
            [-76.762, 55.997],
            [-77.165, 55.664],
            [-77.777, 55.291],
            [-78.475, 55.011],
            [-79.714, 54.673],
            [-79.599, 54.601],
            [-79.357, 54.263],
            [-79.145, 54.169],
            [-79.242, 54.1],
            [-79.008, 54.023],
            [-79.077, 53.933],
            [-78.943, 53.841],
            [-79.041, 53.818],
            [-79.102, 53.657],
            [-78.897, 53.044],
            [-78.72, 52.857],
            [-78.745, 52.655],
            [-78.558, 52.492],
            [-78.526, 52.31],
            [-78.447, 52.261],
            [-78.983, 51.775],
            [-78.731, 51.497],
            [-78.857, 51.385],
            [-78.904, 51.201],
            [-79.041, 51.464],
            [-79.264, 51.551],
            [-79.296, 51.622],
            [-79.498, 51.57],
            [-79.689, 51.346],
            [-79.714, 51.117],
            [-79.347, 50.763],
            [-79.836, 51.173],
            [-80.103, 51.282],
            [-80.477, 51.306],
            [-80.851, 51.124],
            [-80.445, 51.388],
            [-80.657, 51.758],
            [-81.467, 52.204],
            [-81.827, 52.225],
            [-81.611, 52.324],
            [-81.6, 52.433],
            [-82.291, 53.03],
            [-82.158, 53.265],
            [-82.191, 53.61],
            [-82.14, 53.818],
            [-82.241, 54.044],
            [-82.425, 54.244],
            [-82.219, 54.813],
            [-82.392, 55.068],
            [-82.986, 55.232],
            [-83.911, 55.315],
            [-85.06, 55.285],
            [-85.366, 55.079],
            [-85.218, 55.35],
            [-85.675, 55.601],
            [-87.483, 56.021],
            [-88.077, 56.468],
            [-88.825, 56.815],
            [-89.79, 56.981],
            [-90.593, 57.225],
            [-91.112, 57.242],
            [-92.357, 56.971],
            [-92.303, 57.046],
            [-92.458, 57.037],
            [-92.8, 56.922],
            [-92.613, 57.039],
            [-92.433, 57.32],
            [-93.099, 58.49],
            [-93.178, 58.726],
            [-93.779, 58.773],
            [-94.125, 58.737],
            [-94.334, 58.297],
            [-94.287, 58.716],
            [-94.672, 58.87],
            [-94.776, 59.021],
            [-94.956, 59.068],
            [-94.87, 59.087],
            [-94.787, 59.268],
            [-94.787, 59.954],
            [-94.647, 60.417],
            [-94.762, 60.499],
            [-94.51, 60.605],
            [-94.067, 61.139],
            [-94.085, 61.304],
            [-93.887, 61.344],
            [-93.912, 61.481],
            [-93.311, 61.768],
            [-93.581, 61.941],
            [-93.333, 61.933],
            [-93.275, 61.96],
            [-93.351, 62.03],
            [-93.074, 62.061],
            [-93.016, 62.092],
            [-93.066, 62.15],
            [-92.904, 62.216],
            [-93.207, 62.365],
            [-92.526, 62.169],
            [-92.768, 62.349],
            [-92.552, 62.547],
            [-92.271, 62.587],
            [-92.008, 62.54],
            [-91.936, 62.592],
            [-91.958, 62.644],
            [-92.307, 62.712],
            [-92.361, 62.82],
            [-92.033, 62.863],
            [-91.45, 62.804],
            [-90.777, 62.972],
            [-90.698, 63.064],
            [-90.712, 63.304],
            [-90.971, 63.443],
            [-91.842, 63.698],
            [-92.465, 63.556],
            [-92.156, 63.691],
            [-93.38, 63.948],
            [-93.272, 63.84],
            [-93.56, 63.865],
            [-93.664, 63.941],
            [-93.596, 64.04],
            [-93.696, 64.148],
            [-93.43, 64.03],
            [-92.552, 63.83],
            [-92.195, 63.776],
            [-91.983, 63.823],
            [-91.925, 63.757],
            [-90.813, 63.582],
            [-90.597, 63.662],
            [-90.37, 63.625],
            [-90.154, 63.689],
            [-90.014, 63.804],
            [-90.168, 63.979],
            [-89.855, 63.957],
            [-90.042, 64.141],
            [-89.812, 64.181],
            [-89.617, 64.031],
            [-89.131, 63.969],
            [-89.2, 64.113],
            [-88.818, 63.991],
            [-88.105, 64.184],
            [-87.281, 64.826],
            [-87.029, 65.064],
            [-87.029, 65.198],
            [-88.973, 65.349],
            [-89.923, 65.78],
            [-90.982, 65.918],
            [-91.065, 65.899],
            [-91.04, 65.83],
            [-91.428, 65.948],
            [-89.891, 65.868],
            [-89.848, 65.872],
            [-89.945, 65.934],
            [-89.751, 65.936],
            [-88.743, 65.679],
            [-87.969, 65.349],
            [-87.454, 65.339],
            [-87.079, 65.441],
            [-86.043, 66.023],
            [-85.96, 66.12],
            [-85.999, 66.187],
            [-86.683, 66.361],
            [-86.748, 66.417],
            [-86.687, 66.458],
            [-86.709, 66.523],
            [-85.603, 66.568],
            [-85.441, 66.538],
            [-85.096, 66.325],
            [-84.628, 66.208],
            [-84.477, 66.179],
            [-84.293, 66.292],
            [-83.868, 66.214],
            [-83.796, 66.238],
            [-83.825, 66.29],
            [-84.225, 66.682],
            [-84.739, 66.934],
            [-85.017, 66.871],
            [-85.114, 66.906],
            [-84.847, 67.029],
            [-84.538, 66.972],
            [-84.271, 66.838],
            [-84.361, 66.823],
            [-84.325, 66.781],
            [-83.998, 66.729],
            [-83.591, 66.387],
            [-83.407, 66.372],
            [-82.198, 66.764],
            [-81.924, 66.974],
            [-81.467, 67.069],
            [-81.301, 67.358],
            [-81.294, 67.498],
            [-82.061, 67.929],
            [-82.101, 68.019],
            [-82.014, 68.194],
            [-82.223, 68.146],
            [-82.554, 68.446],
            [-82.209, 68.507],
            [-81.913, 68.458],
            [-81.28, 68.658],
            [-81.251, 68.743],
            [-81.381, 68.851],
            [-81.957, 68.884],
            [-81.33, 69.12],
            [-81.377, 69.186],
            [-81.953, 69.276],
            [-82.227, 69.248],
            [-82.309, 69.41],
            [-82.756, 69.495],
            [-82.497, 69.533],
            [-82.374, 69.642],
            [-83.667, 69.699],
            [-84.318, 69.844],
            [-85.506, 69.845],
            [-85.445, 69.778],
            [-85.503, 69.651],
            [-85.416, 69.548],
            [-85.387, 69.232],
            [-84.862, 69.074],
            [-84.916, 68.962],
            [-85.085, 68.908],
            [-85.107, 68.844],
            [-84.869, 68.774],
            [-85.492, 68.774],
            [-85.69, 68.672],
            [-85.729, 68.444],
            [-85.953, 68.073],
            [-86.399, 67.8],
            [-86.561, 67.483],
            [-87.36, 67.177],
            [-87.501, 67.356],
            [-88.195, 67.766],
            [-88.314, 67.95],
            [-88.347, 68.288],
            [-88.235, 68.338],
            [-88.113, 68.252],
            [-87.893, 68.248],
            [-87.814, 68.345],
            [-88.041, 68.812],
            [-89.056, 69.265],
            [-89.279, 69.255],
            [-89.668, 69.015],
            [-89.898, 68.594],
            [-89.898, 68.491],
            [-90.248, 68.267],
            [-90.575, 68.476],
            [-90.51, 68.689],
            [-90.539, 68.819],
            [-90.478, 68.882],
            [-90.744, 69.106],
            [-91.238, 69.286],
            [-91.058, 69.319],
            [-90.892, 69.267],
            [-90.683, 69.427],
            [-90.417, 69.456],
            [-90.665, 69.515],
            [-91.439, 69.526],
            [-91.151, 69.637],
            [-91.202, 69.646],
            [-91.911, 69.531],
            [-92.31, 69.673],
            [-92.886, 69.668],
            [-91.976, 70.038],
            [-92.512, 70.104],
            [-92.321, 70.236],
            [-91.86, 70.133],
            [-91.565, 70.179],
            [-91.76, 70.326],
            [-92.048, 70.304],
            [-92.048, 70.39],
            [-92.357, 70.635],
            [-92.98, 70.852],
            [-92.904, 70.916],
            [-92.883, 71.069],
            [-93.03, 71.336],
            [-93.761, 71.639],
            [-93.747, 71.743],
            [-94.308, 71.765],
            [-94.611, 71.987],
            [-95.201, 71.904],
            [-95.871, 71.573],
            [-95.774, 71.514],
            [-95.406, 71.491],
            [-95.565, 71.336],
            [-96.062, 71.415],
            [-96.447, 71.239],
            [-96.422, 71.177],
            [-96.526, 71.126],
            [-96.472, 71.069],
            [-96.548, 70.809],
            [-96.26, 70.642],
            [-95.885, 70.694],
            [-95.99, 70.616],
            [-95.878, 70.548],
            [-96.299, 70.512],
            [-96.544, 70.328],
            [-96.551, 70.21],
            [-95.964, 69.804],
            [-94.823, 69.578],
            [-94.632, 69.649],
            [-94.272, 69.455],
            [-93.65, 69.519],
            [-93.531, 69.481],
            [-93.538, 69.382],
            [-93.43, 69.375],
            [-93.747, 69.226],
            [-93.819, 69.253],
            [-93.621, 69.416],
            [-94.254, 69.314],
            [-94.254, 69.151],
            [-94.085, 69.123],
            [-94.564, 68.911],
            [-94.6, 68.804],
            [-94.478, 68.743],
            [-94.064, 68.785],
            [-93.851, 69],
            [-93.682, 68.887],
            [-93.642, 68.634],
            [-93.448, 68.62],
            [-93.927, 68.474],
            [-94.744, 68.071],
            [-95.46, 68.021],
            [-95.651, 67.738],
            [-95.464, 67.611],
            [-95.259, 67.262],
            [-95.399, 66.95],
            [-96.036, 66.937],
            [-95.745, 66.691],
            [-95.788, 66.616],
            [-95.885, 66.741],
            [-96.422, 67.036],
            [-96.35, 67.069],
            [-96.216, 66.998],
            [-95.77, 66.967],
            [-95.417, 67.014],
            [-95.417, 67.156],
            [-95.529, 67.21],
            [-95.777, 67.184],
            [-95.72, 67.318],
            [-96.141, 67.272],
            [-96.368, 67.51],
            [-96.198, 67.719],
            [-95.972, 68.25],
            [-96.72, 68.038],
            [-96.432, 68.311],
            [-96.627, 68.25],
            [-96.976, 68.255],
            [-97.336, 68.479],
            [-97.829, 68.533],
            [-97.937, 68.51],
            [-97.793, 68.387],
            [-98.218, 68.318],
            [-98.65, 68.363],
            [-98.38, 68.132],
            [-98.499, 68.118],
            [-98.193, 67.923],
            [-97.548, 67.96],
            [-97.206, 67.856],
            [-97.156, 67.726],
            [-97.455, 67.616],
            [-97.606, 67.632],
            [-97.93, 67.71],
            [-98.632, 68.073],
            [-98.718, 68.042],
            [-98.704, 67.965],
            [-98.412, 67.807],
            [-99.032, 67.719],
            [-100.457, 67.84],
            [-101.555, 67.693],
            [-102.322, 67.736],
            [-102.84, 67.852],
            [-103.474, 68.114],
            [-103.902, 68.042],
            [-104.486, 68.062],
            [-104.662, 68.149],
            [-104.655, 68.231],
            [-104.91, 68.25],
            [-104.936, 68.304],
            [-105.101, 68.298],
            [-105.378, 68.413],
            [-105.54, 68.719],
            [-105.684, 68.828],
            [-106.163, 68.92],
            [-107.438, 68.689],
            [-108.345, 68.597],
            [-108.719, 68.297],
            [-108.323, 68.154],
            [-107.733, 68.173],
            [-107.679, 68.203],
            [-107.74, 68.286],
            [-107.618, 68.331],
            [-107.297, 68.297],
            [-106.854, 68.387],
            [-106.61, 68.357],
            [-106.458, 68.517],
            [-105.933, 68.637],
            [-105.749, 68.592],
            [-105.933, 68.443],
            [-106.404, 68.319],
            [-106.426, 68.201],
            [-106.667, 68.217],
            [-106.923, 68.114],
            [-107.798, 68.036],
            [-107.729, 67.958],
            [-107.762, 67.906],
            [-107.96, 67.819],
            [-107.952, 67.7],
            [-107.65, 67.512],
            [-107.567, 67.272],
            [-107.283, 67.104],
            [-107.348, 67.055],
            [-107.157, 66.882],
            [-107.625, 67.003],
            [-107.747, 66.962],
            [-107.711, 66.74],
            [-107.261, 66.399],
            [-108.496, 67.092],
            [-108.222, 67.05],
            [-107.992, 67.095],
            [-107.909, 67.163],
            [-107.988, 67.257],
            [-108.348, 67.403],
            [-108.615, 67.599],
            [-108.716, 67.583],
            [-108.852, 67.422],
            [-109.04, 67.691],
            [-109.63, 67.733],
            [-110.073, 67.993],
            [-110.991, 67.792],
            [-111.29, 67.816],
            [-112.435, 67.684],
            [-113.893, 67.706],
            [-115.135, 67.819],
            [-115.433, 67.903],
            [-115.167, 68.019],
            [-115.189, 68.085],
            [-115.127, 68.132],
            [-114.764, 68.271],
            [-114.098, 68.267],
            [-113.965, 68.399],
            [-114.62, 68.746],
            [-115.441, 68.941],
            [-116.243, 68.974],
            [-116.06, 68.837],
            [-117.226, 68.913],
            [-118.094, 69.043],
            [-118.868, 69.257],
            [-120.139, 69.38],
            [-120.963, 69.661],
            [-121.741, 69.797],
            [-123.026, 69.811],
            [-123.213, 69.541],
            [-123.53, 69.389],
            [-124.34, 69.364],
            [-124.48, 69.425],
            [-124.124, 69.691],
            [-124.408, 69.767],
            [-124.473, 69.918],
            [-124.444, 70.111],
            [-124.556, 70.151],
            [-124.991, 70.026],
            [-124.768, 69.989],
            [-125.078, 69.817],
            [-125.2, 69.83],
            [-125.218, 69.732],
            [-125.344, 69.663],
            [-125.171, 69.429],
            [-125.387, 69.349],
            [-125.729, 69.38],
            [-126.064, 69.467],
            [-126.611, 69.731],
            [-127.227, 70.297],
            [-127.99, 70.574],
            [-128.127, 70.524],
            [-128.17, 70.418],
            [-127.99, 70.363],
            [-128.044, 70.33],
            [-127.972, 70.293],
            [-127.684, 70.26],
            [-128.278, 70.107],
            [-128.386, 69.96],
            [-128.854, 69.752],
            [-129.056, 69.701],
            [-129.157, 69.8],
            [-128.937, 69.875],
            [-128.897, 69.967],
            [-129.11, 69.882],
            [-130.118, 69.72],
            [-130.518, 69.569],
            [-130.971, 69.21],
            [-130.986, 69.363],
            [-131.065, 69.451],
            [-131.324, 69.361],
            [-131.342, 69.436],
            [-131.788, 69.432],
            [-131.788, 69.371],
            [-131.918, 69.29],
            [-132.721, 69.08],
            [-132.771, 69.012],
            [-132.739, 68.922],
            [-132.534, 68.875],
            [-132.706, 68.814],
            [-133.336, 68.835],
            [-133.138, 68.746],
            [-133.196, 68.739],
            [-133.419, 68.844],
            [-132.818, 69.206],
            [-132.332, 69.307],
            [-131.94, 69.535],
            [-130.831, 69.651],
            [-129.65, 69.998],
            [-129.538, 70.106],
            [-129.675, 70.192],
            [-129.945, 70.092],
            [-130.665, 70.126],
            [-130.928, 70.052],
            [-131.137, 69.908],
            [-131.443, 69.918],
            [-132.163, 69.705],
            [-132.537, 69.727],
            [-132.57, 69.698],
            [-132.404, 69.66],
            [-132.84, 69.651],
            [-133.164, 69.434],
            [-134.175, 69.253],
            [-133.88, 69.508],
            [-134.409, 69.682],
            [-134.496, 69.573],
            [-134.456, 69.477],
            [-135.14, 69.469],
            [-135.291, 69.307],
            [-135.691, 69.311],
            [-135.91, 69.111],
            [-135.576, 69.028],
            [-135.925, 68.993],
            [-135.896, 68.927],
            [-135.435, 68.842],
            [-135.259, 68.684],
            [-136.123, 68.882],
            [-137.26, 68.963],
            [-138.128, 69.153],
            [-139.183, 69.515],
            [-139.978, 69.621],
            [-141.408, 69.653],
            [-141.699, 69.771],
            [-142.297, 69.87],
            [-142.707, 70.034],
            [-143.218, 70.116],
            [-144.619, 69.982],
            [-145.198, 70.008],
            [-145.825, 70.159],
            [-147.704, 70.217],
            [-148.143, 70.356],
            [-148.478, 70.317],
            [-148.687, 70.416],
            [-149.27, 70.501],
            [-149.871, 70.51],
            [-150.275, 70.434],
            [-150.663, 70.51],
            [-151.225, 70.418],
            [-151.945, 70.453],
            [-151.769, 70.56],
            [-152.255, 70.567],
            [-152.471, 70.654],
            [-152.438, 70.734],
            [-152.233, 70.81],
            [-152.301, 70.847],
            [-153.234, 70.932],
            [-154.195, 70.802],
            [-154.785, 70.894],
            [-154.674, 70.988],
            [-155.167, 71.099],
            [-155.581, 70.894],
            [-155.973, 70.842],
            [-156.146, 70.929],
            [-155.804, 70.996],
            [-155.581, 71.121],
            [-155.646, 71.182],
            [-156.567, 71.342],
            [-156.395, 71.397],
            [-156.47, 71.408],
            [-156.783, 71.319],
            [-157.323, 71.04],
            [-157.91, 70.861],
            [-159.249, 70.748],
            [-159.339, 70.781],
            [-159.192, 70.859],
            [-159.314, 70.878],
            [-159.681, 70.786],
            [-160.081, 70.635],
            [-159.746, 70.531],
            [-159.386, 70.524],
            [-159.815, 70.496],
            [-159.865, 70.279],
            [-159.908, 70.331],
            [-160.095, 70.333],
            [-160.005, 70.448],
            [-160.106, 70.472],
            [-159.962, 70.567],
            [-160.117, 70.592],
            [-160.995, 70.305],
            [-162.075, 70.161],
            [-161.762, 70.258],
            [-161.881, 70.331],
            [-162.954, 69.758],
            [-163.094, 69.611],
            [-163.163, 69.389],
            [-163.868, 69.036],
            [-164.304, 68.937],
            [-165.045, 68.882],
            [-166.208, 68.885],
            [-166.183, 68.797],
            [-166.381, 68.425],
            [-166.788, 68.359],
            [-166.237, 68.278],
            [-165.96, 68.156],
            [-165.387, 68.045],
            [-164.124, 67.608],
            [-163.721, 67.196],
            [-163.533, 67.102],
            [-162.583, 67.019],
            [-162.41, 67.104],
            [-162.392, 67.019],
            [-161.719, 67.021],
            [-161.622, 66.979],
            [-161.877, 66.804],
            [-161.856, 66.7],
            [-161.399, 66.552],
            [-160.866, 66.67],
            [-160.643, 66.604],
            [-160.362, 66.613],
            [-160.261, 66.573],
            [-160.232, 66.42],
            [-160.65, 66.373],
            [-161.157, 66.495],
            [-161.589, 66.46],
            [-161.91, 66.559],
            [-162.05, 66.667],
            [-162.018, 66.785],
            [-162.36, 66.948],
            [-162.608, 66.894],
            [-162.468, 66.736],
            [-162.191, 66.693],
            [-161.888, 66.493],
            [-161.917, 66.411],
            [-161.121, 66.335],
            [-161.035, 66.189],
            [-161.456, 66.281],
            [-161.816, 66.054],
            [-161.935, 66.043],
            [-163.695, 66.083],
            [-164.034, 66.215],
            [-163.893, 66.286],
            [-163.904, 66.378],
            [-163.775, 66.531],
            [-163.893, 66.576],
            [-163.638, 66.575],
            [-163.728, 66.616],
            [-164.462, 66.589],
            [-165.812, 66.288],
            [-165.841, 66.245],
            [-165.56, 66.167],
            [-165.629, 66.132],
            [-166.399, 66.144],
            [-166.748, 66.052],
            [-167.076, 65.877],
            [-167.407, 65.859],
            [-167.915, 65.681],
            [-167.929, 65.748],
            [-168.087, 65.658]
          ]
        ]
      }
    },
    {
      "type": "Feature",
      "properties": {},
      "geometry": {
        "type": "Polygon",
        "coordinates": [
          [
            [-81.337, -4.669],
            [-81.107, -5.029],
            [-81.168, -5.167],
            [-80.88, -5.634],
            [-80.931, -5.841],
            [-81.093, -5.813],
            [-81.165, -5.876],
            [-81.143, -6.056],
            [-80.11, -6.65],
            [-79.995, -6.77],
            [-79.617, -7.296],
            [-79.379, -7.836],
            [-79.012, -8.211],
            [-78.763, -8.617],
            [-78.187, -10.089],
            [-77.737, -10.837],
            [-77.633, -11.289],
            [-77.219, -11.664],
            [-77.154, -12.061],
            [-76.834, -12.349],
            [-76.503, -12.985],
            [-76.225, -13.372],
            [-76.182, -13.516],
            [-76.258, -13.802],
            [-76.377, -13.863],
            [-76.297, -13.948],
            [-76.29, -14.134],
            [-76.175, -14.226],
            [-75.934, -14.634],
            [-75.534, -14.899],
            [-75.106, -15.412],
            [-74.148, -15.913],
            [-73.727, -16.201],
            [-72.467, -16.708],
            [-72.111, -17.002],
            [-71.531, -17.295],
            [-71.398, -17.422],
            [-71.337, -17.682],
            [-70.361, -18.398],
            [-70.275, -19.267],
            [-70.156, -19.706],
            [-70.195, -20.726],
            [-70.087, -21.493],
            [-70.332, -22.849],
            [-70.451, -23.034],
            [-70.563, -23.057],
            [-70.595, -23.255],
            [-70.588, -23.368],
            [-70.393, -23.566],
            [-70.509, -23.885],
            [-70.573, -24.644],
            [-70.451, -25.251],
            [-70.714, -25.784],
            [-70.635, -25.993],
            [-70.645, -26.329],
            [-70.897, -27.187],
            [-70.926, -27.588],
            [-71.088, -27.814],
            [-71.185, -28.378],
            [-71.308, -28.673],
            [-71.52, -28.926],
            [-71.484, -29.199],
            [-71.326, -29.444],
            [-71.315, -29.65],
            [-71.401, -30.143],
            [-71.668, -30.331],
            [-71.707, -30.76],
            [-71.513, -32.207],
            [-71.423, -32.386],
            [-71.452, -32.659],
            [-71.592, -32.97],
            [-71.743, -33.095],
            [-71.635, -33.52],
            [-71.664, -33.652],
            [-71.83, -33.82],
            [-72.003, -34.166],
            [-72.057, -34.615],
            [-72.222, -35.096],
            [-72.625, -35.586],
            [-72.586, -35.759],
            [-72.78, -35.978],
            [-72.874, -36.391],
            [-73.007, -36.643],
            [-73.119, -36.688],
            [-73.216, -37.167],
            [-73.374, -37.224],
            [-73.601, -37.188],
            [-73.662, -37.341],
            [-73.605, -37.48],
            [-73.662, -37.698],
            [-73.464, -38.04],
            [-73.522, -38.509],
            [-73.227, -39.224],
            [-73.248, -39.422],
            [-73.41, -39.789],
            [-73.669, -39.964],
            [-73.983, -40.974],
            [-73.965, -41.118],
            [-73.81, -41.518],
            [-73.623, -41.582],
            [-73.734, -41.743],
            [-73.522, -41.797],
            [-73.241, -41.782],
            [-72.953, -41.514],
            [-72.543, -41.691],
            [-72.427, -41.646],
            [-72.319, -41.499],
            [-72.359, -41.65],
            [-72.661, -41.743],
            [-72.823, -41.908],
            [-72.737, -41.995],
            [-72.499, -41.981],
            [-72.413, -42.387],
            [-72.431, -42.434],
            [-72.633, -42.2],
            [-72.773, -42.257],
            [-72.633, -42.509],
            [-72.773, -42.505],
            [-72.849, -42.669],
            [-72.759, -43.04],
            [-72.877, -43.049],
            [-72.939, -43.212],
            [-73.075, -43.323],
            [-73.101, -43.455],
            [-72.996, -43.632],
            [-73.068, -43.861],
            [-73.223, -43.898],
            [-73.266, -44.169],
            [-72.665, -44.436],
            [-72.679, -44.594],
            [-72.741, -44.734],
            [-73.079, -44.92],
            [-73.363, -44.977],
            [-73.407, -45.102],
            [-73.446, -45.238],
            [-73.227, -45.255],
            [-72.935, -45.453],
            [-73.266, -45.346],
            [-73.551, -45.484],
            [-73.731, -45.479],
            [-73.781, -45.628],
            [-73.756, -45.703],
            [-73.594, -45.776],
            [-73.59, -45.899],
            [-73.662, -46.297],
            [-73.846, -46.566],
            [-73.95, -46.533],
            [-73.81, -46.377],
            [-73.709, -46.071],
            [-73.734, -45.813],
            [-73.878, -45.847],
            [-73.968, -46.154],
            [-74.091, -46.222],
            [-74.393, -46.217],
            [-74.083, -46.132],
            [-74.019, -46.056],
            [-74.062, -45.948],
            [-73.961, -45.835],
            [-73.824, -45.446],
            [-73.957, -45.405],
            [-74.123, -45.497],
            [-74.083, -45.679],
            [-74.159, -45.767],
            [-75.066, -45.875],
            [-75.073, -46.005],
            [-74.926, -46.16],
            [-75.657, -46.611],
            [-75.707, -46.705],
            [-75.635, -46.863],
            [-75.43, -46.934],
            [-75.387, -46.863],
            [-75.541, -46.698],
            [-74.983, -46.512],
            [-75.052, -46.628],
            [-75.005, -46.741],
            [-74.512, -46.885],
            [-74.454, -46.767],
            [-74.314, -46.788],
            [-74.152, -46.974],
            [-74.209, -47.083],
            [-74.159, -47.182],
            [-74.483, -47.43],
            [-74.134, -47.59],
            [-74.242, -47.679],
            [-74.533, -47.568],
            [-74.656, -47.703],
            [-74.375, -47.83],
            [-74.35, -47.944],
            [-74.227, -47.969],
            [-73.939, -47.929],
            [-73.716, -47.656],
            [-73.608, -47.995],
            [-73.392, -48.146],
            [-73.529, -48.198],
            [-73.853, -48.042],
            [-74.584, -48],
            [-74.577, -48.274],
            [-74.476, -48.463],
            [-74.343, -48.493],
            [-74.17, -48.427],
            [-74.008, -48.476],
            [-74.343, -48.595],
            [-74.368, -49.401],
            [-74.22, -49.5],
            [-74.029, -49.026],
            [-73.936, -49.021],
            [-74.015, -49.09],
            [-74.094, -49.43],
            [-73.835, -49.609],
            [-74.101, -49.555],
            [-74.292, -49.604],
            [-74.325, -49.783],
            [-73.957, -49.995],
            [-74.335, -49.975],
            [-74.631, -50.194],
            [-74.425, -50.35],
            [-73.95, -50.51],
            [-74.184, -50.486],
            [-74.199, -50.609],
            [-73.979, -50.828],
            [-73.655, -50.493],
            [-73.695, -50.569],
            [-73.619, -50.651],
            [-73.741, -50.696],
            [-73.824, -50.836],
            [-73.806, -50.939],
            [-74.141, -50.817],
            [-74.364, -50.488],
            [-74.645, -50.361],
            [-74.775, -50.47],
            [-74.649, -50.618],
            [-74.685, -50.661],
            [-75.095, -50.682],
            [-74.814, -51.062],
            [-73.939, -51.267],
            [-73.896, -51.331],
            [-73.929, -51.618],
            [-74.069, -51.58],
            [-74.195, -51.68],
            [-73.972, -51.784],
            [-73.752, -51.795],
            [-73.518, -52.041],
            [-73.385, -52.071],
            [-72.928, -51.859],
            [-72.6, -51.8],
            [-72.582, -51.737],
            [-72.651, -51.696],
            [-73.169, -51.455],
            [-72.762, -51.573],
            [-72.543, -51.706],
            [-72.496, -51.847],
            [-72.625, -52.007],
            [-72.525, -52.255],
            [-72.633, -52.371],
            [-72.715, -52.357],
            [-72.571, -52.199],
            [-72.694, -51.986],
            [-72.795, -51.949],
            [-73.259, -52.158],
            [-73.533, -52.152],
            [-73.684, -52.078],
            [-73.702, -52.199],
            [-73.835, -52.234],
            [-74.296, -52.118],
            [-74.152, -52.383],
            [-74.037, -52.402],
            [-74.015, -52.64],
            [-73.587, -52.685],
            [-73.381, -52.595],
            [-73.245, -52.625],
            [-73.183, -52.487],
            [-73.122, -52.487],
            [-73.072, -52.534],
            [-73.241, -52.708],
            [-73.644, -52.836],
            [-73.338, -53.055],
            [-73.122, -53.074],
            [-73.021, -53.022],
            [-73.021, -52.892],
            [-72.802, -52.713],
            [-72.712, -52.536],
            [-72.503, -52.56],
            [-72.438, -52.626],
            [-72.226, -52.52],
            [-71.513, -52.605],
            [-71.797, -52.684],
            [-72.118, -52.651],
            [-72.453, -52.814],
            [-72.726, -52.762],
            [-72.888, -52.871],
            [-72.917, -53.123],
            [-73.054, -53.243],
            [-72.55, -53.461],
            [-72.492, -53.291],
            [-72.28, -53.131],
            [-71.387, -52.763],
            [-71.229, -52.81],
            [-71.164, -52.888],
            [-71.29, -53.034],
            [-71.74, -53.232],
            [-71.79, -53.484],
            [-71.891, -53.524],
            [-71.83, -53.399],
            [-71.851, -53.286],
            [-71.941, -53.234],
            [-72.305, -53.253],
            [-72.413, -53.35],
            [-72.377, -53.472],
            [-72.175, -53.631],
            [-71.297, -53.883],
            [-70.995, -53.779],
            [-70.948, -53.571],
            [-70.984, -53.373],
            [-70.797, -52.769],
            [-69.619, -52.465],
            [-69.446, -52.269],
            [-69.241, -52.206],
            [-68.442, -52.357],
            [-68.395, -52.307],
            [-68.964, -51.677],
            [-69.464, -51.585],
            [-69.058, -51.547],
            [-69.065, -51.303],
            [-69.202, -50.994],
            [-69.36, -51.027],
            [-69.155, -50.864],
            [-69.09, -50.583],
            [-68.939, -50.382],
            [-68.42, -50.158],
            [-68.597, -50.01],
            [-68.978, -50.003],
            [-68.662, -49.936],
            [-68.669, -49.753],
            [-68.489, -49.977],
            [-68.258, -50.104],
            [-67.913, -49.984],
            [-67.783, -49.859],
            [-67.686, -49.246],
            [-67.466, -48.951],
            [-67.132, -48.687],
            [-66.394, -48.342],
            [-65.81, -47.941],
            [-65.933, -47.826],
            [-66.224, -47.826],
            [-65.886, -47.701],
            [-65.774, -47.568],
            [-65.738, -47.345],
            [-65.854, -47.156],
            [-66.775, -47.005],
            [-67.506, -46.443],
            [-67.6, -46.052],
            [-67.258, -45.576],
            [-66.941, -45.257],
            [-66.584, -45.182],
            [-66.188, -44.965],
            [-65.638, -45.007],
            [-65.598, -44.875],
            [-65.699, -44.797],
            [-65.648, -44.662],
            [-65.36, -44.478],
            [-65.288, -44.361],
            [-65.31, -44.158],
            [-65.238, -44.049],
            [-65.306, -43.788],
            [-65.252, -43.571],
            [-64.838, -43.189],
            [-64.32, -42.969],
            [-65.026, -42.759],
            [-64.972, -42.667],
            [-64.489, -42.514],
            [-64.324, -42.573],
            [-64.129, -42.861],
            [-64.036, -42.88],
            [-63.694, -42.806],
            [-63.618, -42.696],
            [-63.629, -42.283],
            [-63.794, -42.113],
            [-64.23, -42.219],
            [-64.061, -42.266],
            [-64.1, -42.394],
            [-64.421, -42.434],
            [-64.572, -42.417],
            [-64.536, -42.255],
            [-64.986, -42.103],
            [-65.058, -41.971],
            [-65.018, -41.566],
            [-65.155, -41.106],
            [-65.134, -40.881],
            [-64.871, -40.736],
            [-64.806, -40.757],
            [-64.853, -40.815],
            [-63.622, -41.16],
            [-62.959, -41.11],
            [-62.394, -40.891],
            [-62.246, -40.674],
            [-62.394, -40.459],
            [-62.401, -40.197],
            [-62.286, -39.894],
            [-62.131, -39.825],
            [-62.077, -39.462],
            [-62.178, -39.381],
            [-62.052, -39.374],
            [-62.297, -39.243],
            [-62.304, -38.988],
            [-62.376, -38.853],
            [-62.336, -38.801],
            [-61.847, -38.962],
            [-61.112, -38.993],
            [-59.827, -38.839],
            [-58.178, -38.436],
            [-57.548, -38.086],
            [-57.397, -37.745],
            [-57.088, -37.447],
            [-56.728, -36.957],
            [-56.67, -36.735],
            [-56.717, -36.389],
            [-57.077, -36.297],
            [-57.264, -36.145],
            [-57.376, -35.9],
            [-57.354, -35.721],
            [-57.16, -35.506],
            [-57.17, -35.362],
            [-57.548, -35.02],
            [-58.283, -34.683],
            [-58.524, -34.296],
            [-58.391, -34.193],
            [-58.546, -33.664],
            [-58.423, -33.112],
            [-58.25, -33.079],
            [-58.171, -32.959],
            [-58.2, -32.471],
            [-58.092, -32.968],
            [-58.222, -33.129],
            [-58.362, -33.183],
            [-58.438, -33.72],
            [-58.402, -33.912],
            [-57.829, -34.478],
            [-57.17, -34.452],
            [-56.854, -34.676],
            [-56.195, -34.907],
            [-55.673, -34.775],
            [-54.902, -34.933],
            [-54.168, -34.671],
            [-53.786, -34.381],
            [-53.419, -33.779],
            [-52.652, -33.138],
            [-52.343, -32.44],
            [-52.127, -32.168],
            [-52.195, -31.886],
            [-51.972, -31.385],
            [-51.508, -31.105],
            [-51.36, -30.675],
            [-51.284, -30.751],
            [-51.248, -30.468],
            [-51.158, -30.364],
            [-51.281, -30.244],
            [-51.299, -30.036],
            [-51.18, -30.211],
            [-51.04, -30.261],
            [-51.025, -30.369],
            [-50.564, -30.254],
            [-50.582, -30.438],
            [-50.716, -30.426],
            [-50.69, -30.704],
            [-50.942, -30.904],
            [-50.978, -31.095],
            [-51.162, -31.119],
            [-51.173, -31.339],
            [-51.274, -31.477],
            [-51.68, -31.775],
            [-51.893, -31.867],
            [-52.062, -31.831],
            [-52.04, -32.115],
            [-50.921, -31.258],
            [-50.298, -30.426],
            [-50.035, -29.801],
            [-49.747, -29.364],
            [-49.272, -28.871],
            [-48.8, -28.576],
            [-48.797, -28.442],
            [-48.62, -28.076],
            [-48.642, -27.558],
            [-48.555, -27.196],
            [-48.678, -26.703],
            [-48.653, -26.406],
            [-48.75, -26.269],
            [-48.62, -26.18],
            [-48.577, -25.935],
            [-48.667, -25.845],
            [-48.545, -25.815],
            [-48.401, -25.597],
            [-48.692, -25.491],
            [-48.732, -25.369],
            [-48.645, -25.437],
            [-48.476, -25.442],
            [-48.404, -25.272],
            [-48.185, -25.31],
            [-48.242, -25.404],
            [-48.203, -25.416],
            [-47.929, -25.168],
            [-47.907, -25.069],
            [-47.99, -25.036],
            [-47.137, -24.493],
            [-46.867, -24.236],
            [-45.971, -23.795],
            [-45.463, -23.802],
            [-45.326, -23.6],
            [-44.952, -23.382],
            [-44.57, -23.274],
            [-44.675, -23.206],
            [-44.639, -23.055],
            [-44.149, -23.012],
            [-43.865, -22.911],
            [-43.677, -23.01],
            [-43.973, -23.057],
            [-43.897, -23.102],
            [-43.224, -22.991],
            [-43.242, -22.795],
            [-43.155, -22.725],
            [-43.087, -22.724],
            [-43.08, -22.902],
            [-42.957, -22.967],
            [-42.043, -22.948],
            [-41.942, -22.788],
            [-41.982, -22.581],
            [-41.705, -22.31],
            [-40.999, -22],
            [-41.046, -21.505],
            [-40.956, -21.238],
            [-40.79, -20.906],
            [-40.394, -20.569],
            [-40.002, -19.741],
            [-39.782, -19.571],
            [-39.699, -19.278],
            [-39.739, -18.641],
            [-39.649, -18.252],
            [-39.487, -17.99],
            [-39.156, -17.703],
            [-39.203, -17.179],
            [-38.882, -15.865],
            [-39.059, -14.655],
            [-38.943, -14.031],
            [-39.008, -14.101],
            [-39.048, -14.044],
            [-38.99, -13.615],
            [-39.033, -13.559],
            [-39.091, -13.589],
            [-39.03, -13.365],
            [-38.835, -13.148],
            [-38.763, -12.907],
            [-38.853, -12.79],
            [-38.745, -12.749],
            [-38.691, -12.624],
            [-38.526, -12.762],
            [-38.501, -12.957],
            [-38.403, -12.966],
            [-38.241, -12.844],
            [-37.687, -12.099],
            [-37.471, -11.653],
            [-37.359, -11.252],
            [-37.323, -11.216],
            [-37.356, -11.403],
            [-37.183, -11.188],
            [-37.183, -11.068],
            [-37.125, -11.085],
            [-36.769, -10.672],
            [-36.398, -10.485],
            [-35.887, -9.848],
            [-35.847, -9.773],
            [-35.891, -9.686],
            [-35.765, -9.702],
            [-35.34, -9.231],
            [-35.156, -8.931],
            [-34.836, -7.971],
            [-34.879, -7.747],
            [-34.807, -7.289],
            [-34.832, -7.025],
            [-35.235, -5.567],
            [-35.48, -5.166],
            [-35.981, -5.055],
            [-36.589, -5.098],
            [-36.863, -4.966],
            [-37.176, -4.912],
            [-37.302, -4.713],
            [-37.626, -4.593],
            [-38.051, -4.216],
            [-38.475, -3.718],
            [-38.688, -3.654],
            [-39.015, -3.39],
            [-39.966, -2.862],
            [-40.473, -2.796],
            [-41.481, -2.916],
            [-41.877, -2.746],
            [-42, -2.806],
            [-42.248, -2.793],
            [-42.936, -2.464],
            [-43.379, -2.376],
            [-43.454, -2.503],
            [-43.933, -2.584],
            [-44.192, -2.81],
            [-44.225, -2.754],
            [-44.106, -2.494],
            [-44.228, -2.471],
            [-44.307, -2.536],
            [-44.437, -2.944],
            [-44.721, -3.204],
            [-44.588, -2.574],
            [-44.52, -2.405],
            [-44.383, -2.366],
            [-44.437, -2.168],
            [-44.577, -2.23],
            [-44.664, -2.372],
            [-44.757, -2.265],
            [-44.66, -2.228],
            [-44.538, -2.053],
            [-44.653, -1.746],
            [-44.779, -1.8],
            [-44.721, -1.734],
            [-45.078, -1.466],
            [-45.182, -1.506],
            [-45.33, -1.718],
            [-45.459, -1.357],
            [-45.643, -1.348],
            [-46.046, -1.103],
            [-46.215, -1.1],
            [-46.219, -1.031],
            [-46.619, -0.97],
            [-46.809, -0.779],
            [-47.126, -0.746],
            [-47.4, -0.626],
            [-47.461, -0.682],
            [-47.418, -0.767],
            [-47.558, -0.669],
            [-47.688, -0.725],
            [-47.807, -0.664],
            [-47.961, -0.77],
            [-48.033, -0.706],
            [-48.116, -0.737],
            [-48.318, -0.961],
            [-48.307, -1.039],
            [-48.451, -1.145],
            [-48.408, -1.228],
            [-48.469, -1.393],
            [-48.35, -1.482],
            [-48.447, -1.52],
            [-48.462, -1.614],
            [-48.599, -1.489],
            [-48.71, -1.487],
            [-48.991, -1.829],
            [-49.211, -1.916],
            [-49.459, -2.504],
            [-49.635, -2.657],
            [-49.315, -1.732],
            [-49.718, -1.926],
            [-49.999, -1.833],
            [-50.402, -2.015],
            [-50.69, -1.761],
            [-50.68, -1.643],
            [-50.917, -1.116],
            [-50.838, -1.039],
            [-50.896, -0.937],
            [-51.947, -1.586],
            [-52.195, -1.64],
            [-52.31, -1.56],
            [-52.663, -1.551],
            [-52.228, -1.362],
            [-51.979, -1.367],
            [-51.922, -1.182],
            [-51.72, -1.018],
            [-51.702, -0.761],
            [-51.403, -0.393],
            [-51.284, -0.084],
            [-51.101, -0.031],
            [-50.968, 0.131],
            [-50.755, 0.223],
            [-50.294, 0.836],
            [-49.898, 1.164],
            [-49.88, 1.421],
            [-49.956, 1.66],
            [-50.186, 1.785],
            [-50.46, 1.83],
            [-50.608, 2.105],
            [-50.716, 2.134],
            [-50.68, 2.211],
            [-51.054, 3.282],
            [-51.076, 3.672],
            [-51.22, 4.094],
            [-51.461, 4.315],
            [-51.547, 4.311],
            [-51.652, 4.061],
            [-51.828, 4.636],
            [-51.882, 4.634],
            [-52.004, 4.353],
            [-51.961, 4.514],
            [-52.058, 4.717],
            [-52.22, 4.863],
            [-52.325, 4.771],
            [-52.292, 4.943],
            [-52.901, 5.426],
            [-53.455, 5.563],
            [-53.848, 5.782],
            [-53.92, 5.769],
            [-54.157, 5.36],
            [-54.046, 5.61],
            [-54.053, 5.808],
            [-54.355, 5.91],
            [-54.834, 5.988],
            [-55.828, 5.962],
            [-55.91, 5.893],
            [-55.896, 5.7],
            [-55.939, 5.795],
            [-56.234, 5.886],
            [-56.969, 5.993],
            [-57.106, 5.83],
            [-57.181, 5.528],
            [-57.167, 5.886],
            [-57.228, 6.179],
            [-57.541, 6.332],
            [-57.984, 6.787],
            [-58.297, 6.879],
            [-58.416, 6.851],
            [-58.672, 6.391],
            [-58.582, 6.844],
            [-58.481, 7.038],
            [-58.477, 7.327],
            [-58.812, 7.736],
            [-59.201, 8.075],
            [-59.665, 8.363],
            [-59.838, 8.373],
            [-59.982, 8.533],
            [-60.169, 8.616],
            [-60.342, 8.629],
            [-60.482, 8.547],
            [-60.799, 8.592],
            [-61.303, 8.41],
            [-61.62, 8.597],
            [-61.246, 8.601],
            [-61.022, 9.155],
            [-60.792, 9.361],
            [-61.012, 9.556],
            [-61.31, 9.634],
            [-61.588, 9.894],
            [-61.624, 9.816],
            [-61.768, 9.814],
            [-61.735, 9.632],
            [-61.908, 9.87],
            [-62.077, 9.976],
            [-62.156, 9.979],
            [-62.153, 9.821],
            [-62.221, 9.882],
            [-62.322, 9.783],
            [-62.549, 10.2],
            [-62.599, 10.217],
            [-62.599, 10.116],
            [-62.74, 10.056],
            [-62.66, 10.198],
            [-62.686, 10.29],
            [-62.912, 10.531],
            [-62.38, 10.547],
            [-61.879, 10.741],
            [-62.243, 10.7],
            [-62.704, 10.75],
            [-63.496, 10.644],
            [-64.298, 10.635],
            [-64.248, 10.543],
            [-63.863, 10.559],
            [-63.733, 10.503],
            [-63.834, 10.448],
            [-64.187, 10.458],
            [-64.849, 10.099],
            [-65.13, 10.069],
            [-65.85, 10.257],
            [-66.091, 10.472],
            [-66.106, 10.575],
            [-66.246, 10.632],
            [-66.988, 10.611],
            [-67.873, 10.472],
            [-68.14, 10.493],
            [-68.298, 10.689],
            [-68.323, 10.809],
            [-68.273, 10.88],
            [-68.399, 11.161],
            [-68.827, 11.432],
            [-69.234, 11.519],
            [-69.63, 11.479],
            [-69.763, 11.675],
            [-69.86, 12.054],
            [-70.005, 12.179],
            [-70.203, 12.099],
            [-70.285, 11.885],
            [-70.192, 11.625],
            [-69.817, 11.672],
            [-69.806, 11.474],
            [-69.886, 11.444],
            [-70.098, 11.519],
            [-70.231, 11.373],
            [-71.47, 10.963],
            [-71.463, 10.835],
            [-71.545, 10.779],
            [-71.517, 10.621],
            [-71.387, 10.264],
            [-71.081, 9.833],
            [-71.085, 9.349],
            [-71.297, 9.125],
            [-71.538, 9.049],
            [-71.686, 9.073],
            [-71.783, 9.25],
            [-71.761, 9.335],
            [-71.977, 9.554],
            [-72.114, 9.816],
            [-71.956, 10.108],
            [-71.664, 10.444],
            [-71.596, 10.658],
            [-71.733, 10.995],
            [-71.643, 11.014],
            [-71.833, 11.191],
            [-71.949, 11.415],
            [-71.956, 11.569],
            [-71.416, 11.755],
            [-71.139, 12.047],
            [-71.261, 12.335],
            [-71.495, 12.432],
            [-71.715, 12.42],
            [-72.136, 12.189],
            [-72.276, 11.889],
            [-72.723, 11.712],
            [-73.313, 11.295],
            [-74.145, 11.321],
            [-74.4, 10.766],
            [-74.515, 10.863],
            [-74.494, 10.934],
            [-74.332, 10.996],
            [-74.843, 11.109],
            [-75.246, 10.783],
            [-75.448, 10.611],
            [-75.552, 10.328],
            [-75.707, 10.144],
            [-75.538, 10.205],
            [-75.682, 9.729],
            [-75.603, 9.538],
            [-75.639, 9.45],
            [-76.027, 9.366],
            [-76.276, 8.99],
            [-76.92, 8.573],
            [-76.773, 8.311],
            [-76.744, 8.002],
            [-76.787, 7.932],
            [-76.924, 7.972],
            [-76.852, 8.09],
            [-77.345, 8.637],
            [-78.083, 9.236],
            [-78.504, 9.406],
            [-78.933, 9.429],
            [-79.113, 9.536],
            [-79.577, 9.597],
            [-79.8, 9.421],
            [-79.498, 8.976],
            [-79.246, 9.021],
            [-78.954, 8.932],
            [-78.515, 8.629],
            [-78.411, 8.356],
            [-78.4, 8.505],
            [-78.223, 8.396],
            [-78.101, 8.497],
            [-78.011, 8.325],
            [-77.759, 8.134],
            [-78.141, 8.386],
            [-78.281, 8.248],
            [-78.288, 8.092],
            [-78.421, 8.061],
            [-78.169, 7.544],
            [-77.802, 7.137],
            [-77.525, 6.693],
            [-77.439, 6.691],
            [-77.37, 6.575],
            [-77.399, 6.275],
            [-77.475, 6.285],
            [-77.471, 6.177],
            [-77.248, 5.78],
            [-77.536, 5.537],
            [-77.374, 5.323],
            [-77.287, 4.723],
            [-77.352, 4.398],
            [-77.521, 4.212],
            [-77.41, 4.247],
            [-77.428, 4.061],
            [-77.359, 3.945],
            [-77.277, 4.058],
            [-77.262, 3.893],
            [-77.165, 3.861],
            [-77.079, 3.914],
            [-77.356, 3.349],
            [-77.417, 3.342],
            [-77.557, 3.077],
            [-77.694, 3.04],
            [-77.669, 2.879],
            [-77.813, 2.716],
            [-77.874, 2.726],
            [-78.065, 2.509],
            [-78.418, 2.483],
            [-78.591, 2.356],
            [-78.63, 2.056],
            [-78.551, 1.924],
            [-78.576, 1.773],
            [-78.792, 1.849],
            [-78.958, 1.752],
            [-79.026, 1.624],
            [-78.861, 1.455],
            [-78.828, 1.296],
            [-78.9, 1.205],
            [-79.613, 0.971],
            [-79.743, 0.98],
            [-80.088, 0.785],
            [-80.045, 0.155],
            [-80.481, -0.367],
            [-80.383, -0.584],
            [-80.283, -0.621],
            [-80.455, -0.586],
            [-80.553, -0.848],
            [-80.841, -0.975],
            [-80.902, -1.079],
            [-80.801, -1.383],
            [-80.833, -1.633],
            [-80.761, -1.822],
            [-80.769, -2.077],
            [-80.963, -2.188],
            [-80.841, -2.348],
            [-80.686, -2.397],
            [-80.286, -2.708],
            [-80.005, -2.353],
            [-80.031, -2.557],
            [-79.926, -2.548],
            [-79.843, -2.067],
            [-79.822, -2.357],
            [-79.728, -2.579],
            [-79.962, -3.157],
            [-80.797, -3.732],
            [-81.233, -4.233],
            [-81.337, -4.669]
          ]
        ]
      }
    },
    {
      "type": "Feature",
      "properties": {},
      "geometry": {
        "type": "Polygon",
        "coordinates": [
          [
            [-80.733, 52.747],
            [-81.096, 52.78],
            [-82.039, 53.049],
            [-81.849, 53.187],
            [-81.136, 53.206],
            [-80.765, 52.923],
            [-80.733, 52.747]
          ]
        ]
      }
    },
    {
      "type": "Feature",
      "properties": {},
      "geometry": {
        "type": "Polygon",
        "coordinates": [
          [
            [-73.623, 67.785],
            [-74.479, 67.805],
            [-74.677, 67.906],
            [-74.749, 68.019],
            [-74.379, 68.094],
            [-73.435, 67.97],
            [-73.407, 67.793],
            [-73.623, 67.785]
          ]
        ]
      }
    },
    {
      "type": "Feature",
      "properties": {},
      "geometry": {
        "type": "Polygon",
        "coordinates": [
          [
            [-77.878, 63.471],
            [-77.705, 63.431],
            [-77.532, 63.233],
            [-77.943, 63.115],
            [-78.537, 63.424],
            [-78.234, 63.49],
            [-77.878, 63.471]
          ]
        ]
      }
    },
    {
      "type": "Feature",
      "properties": {},
      "geometry": {
        "type": "Polygon",
        "coordinates": [
          [
            [-82, 62.955],
            [-81.964, 62.828],
            [-82.115, 62.653],
            [-83.015, 62.21],
            [-83.375, 62.238],
            [-83.699, 62.16],
            [-83.76, 62.304],
            [-83.911, 62.426],
            [-83.375, 62.905],
            [-82.965, 62.873],
            [-82.705, 62.945],
            [-82, 62.955]
          ]
        ]
      }
    },
    {
      "type": "Feature",
      "properties": {},
      "geometry": {
        "type": "Polygon",
        "coordinates": [
          [
            [-79.545, 62.412],
            [-79.336, 62.294],
            [-79.271, 62.186],
            [-79.325, 62.026],
            [-79.667, 61.644],
            [-79.815, 61.594],
            [-80.265, 61.818],
            [-80.275, 62.054],
            [-80.178, 62.212],
            [-79.926, 62.393],
            [-79.545, 62.412]
          ]
        ]
      }
    },
    {
      "type": "Feature",
      "properties": {},
      "geometry": {
        "type": "Polygon",
        "coordinates": [
          [
            [-104.558, 77.142],
            [-105.216, 77.182],
            [-106.066, 77.725],
            [-105.587, 77.735],
            [-105.288, 77.642],
            [-105.008, 77.506],
            [-104.954, 77.419],
            [-104.5, 77.308],
            [-104.457, 77.222],
            [-104.558, 77.142]
          ]
        ]
      }
    },
    {
      "type": "Feature",
      "properties": {},
      "geometry": {
        "type": "Polygon",
        "coordinates": [
          [
            [-95.486, 77.793],
            [-93.47, 77.765],
            [-93.128, 77.661],
            [-93.34, 77.629],
            [-93.545, 77.466],
            [-93.837, 77.452],
            [-95.986, 77.484],
            [-96.278, 77.631],
            [-96.144, 77.715],
            [-95.486, 77.793]
          ]
        ]
      }
    },
    {
      "type": "Feature",
      "properties": {},
      "geometry": {
        "type": "Polygon",
        "coordinates": [
          [
            [-98.79, 79.982],
            [-98.79, 79.786],
            [-98.945, 79.725],
            [-99.302, 79.784],
            [-99.514, 79.886],
            [-100, 79.885],
            [-100.126, 80.001],
            [-100.054, 80.093],
            [-99.73, 80.143],
            [-99.017, 80.112],
            [-98.79, 79.982]
          ]
        ]
      }
    },
    {
      "type": "Feature",
      "properties": {},
      "geometry": {
        "type": "Polygon",
        "coordinates": [
          [
            [-89.833, 77.268],
            [-90.23, 77.213],
            [-90.993, 77.329],
            [-91.148, 77.386],
            [-91.184, 77.557],
            [-91.108, 77.626],
            [-90.842, 77.656],
            [-90.172, 77.595],
            [-89.718, 77.442],
            [-89.711, 77.31],
            [-89.833, 77.268]
          ]
        ]
      }
    },
    {
      "type": "Feature",
      "properties": {},
      "geometry": {
        "type": "Polygon",
        "coordinates": [
          [
            [-93.542, 75.027],
            [-93.462, 74.857],
            [-93.574, 74.67],
            [-94.535, 74.637],
            [-95.288, 74.795],
            [-95.867, 74.831],
            [-96.094, 74.932],
            [-96.296, 74.927],
            [-96.386, 74.999],
            [-96.558, 74.991],
            [-96.598, 75.058],
            [-96.382, 75.211],
            [-96.18, 75.241],
            [-96.126, 75.359],
            [-95.954, 75.444],
            [-94.877, 75.63],
            [-94.427, 75.593],
            [-93.909, 75.423],
            [-93.498, 75.137],
            [-93.542, 75.027]
          ]
        ]
      }
    },
    {
      "type": "Feature",
      "properties": {},
      "geometry": {
        "type": "Polygon",
        "coordinates": [
          [
            [-109.817, 78.65],
            [-109.468, 78.567],
            [-109.342, 78.456],
            [-109.353, 78.369],
            [-109.486, 78.317],
            [-110.419, 78.294],
            [-111.171, 78.386],
            [-111.517, 78.275],
            [-112.132, 78.366],
            [-113.173, 78.284],
            [-113.291, 78.334],
            [-112.856, 78.466],
            [-111.707, 78.574],
            [-110.879, 78.735],
            [-110.408, 78.756],
            [-109.817, 78.65]
          ]
        ]
      }
    },
    {
      "type": "Feature",
      "properties": {},
      "geometry": {
        "type": "Polygon",
        "coordinates": [
          [
            [-118.328, 75.579],
            [-118.817, 75.522],
            [-119.393, 75.617],
            [-118.627, 75.906],
            [-117.752, 76.112],
            [-117.5, 76.078],
            [-118.328, 75.579]
          ]
        ]
      }
    },
    {
      "type": "Feature",
      "properties": {},
      "geometry": {
        "type": "Polygon",
        "coordinates": [
          [
            [-105.288, 72.92],
            [-106.07, 73.196],
            [-106.181, 73.303],
            [-106.948, 73.51],
            [-106.613, 73.696],
            [-105.512, 73.765],
            [-105.116, 73.744],
            [-104.586, 73.578],
            [-104.554, 73.465],
            [-104.622, 73.31],
            [-105.004, 73.038],
            [-105.288, 72.92]
          ]
        ]
      }
    },
    {
      "type": "Feature",
      "properties": {},
      "geometry": {
        "type": "Polygon",
        "coordinates": [
          [
            [-100.004, 73.946],
            [-99.158, 73.732],
            [-97.671, 73.888],
            [-97.113, 73.791],
            [-97.001, 73.666],
            [-97.628, 73.503],
            [-97.35, 73.48],
            [-97.232, 73.421],
            [-97.271, 73.387],
            [-97.797, 73.286],
            [-98.376, 73.045],
            [-98.43, 72.958],
            [-97.635, 73.027],
            [-97.329, 72.937],
            [-97.379, 72.864],
            [-97.084, 72.763],
            [-97.127, 72.628],
            [-96.54, 72.699],
            [-96.447, 72.552],
            [-96.472, 72.434],
            [-96.803, 72.323],
            [-96.594, 72.204],
            [-96.767, 72.047],
            [-96.623, 71.968],
            [-96.612, 71.833],
            [-97.581, 71.63],
            [-98.182, 71.663],
            [-98.283, 71.715],
            [-98.322, 71.852],
            [-98.459, 71.774],
            [-98.232, 71.559],
            [-98.2, 71.441],
            [-98.664, 71.302],
            [-99.168, 71.368],
            [-99.734, 71.757],
            [-100.594, 72.152],
            [-100.983, 72.21],
            [-101.21, 72.317],
            [-101.724, 72.316],
            [-101.973, 72.486],
            [-102.401, 72.595],
            [-102.707, 72.765],
            [-102.552, 72.979],
            [-102.203, 73.078],
            [-101.922, 73.057],
            [-101.274, 72.722],
            [-100.486, 72.772],
            [-100.396, 72.977],
            [-100.13, 72.906],
            [-100.097, 72.963],
            [-100.238, 73.095],
            [-100.533, 73.138],
            [-100.536, 73.197],
            [-100.342, 73.265],
            [-99.824, 73.213],
            [-100.367, 73.359],
            [-100.889, 73.276],
            [-101.523, 73.486],
            [-101.325, 73.572],
            [-100.976, 73.6],
            [-100.522, 73.449],
            [-100.608, 73.576],
            [-100.9, 73.658],
            [-100.986, 73.765],
            [-100.482, 73.843],
            [-99.993, 73.795],
            [-99.914, 73.847],
            [-100.227, 73.888],
            [-100.004, 73.946]
          ]
        ]
      }
    },
    {
      "type": "Feature",
      "properties": {},
      "geometry": {
        "type": "Polygon",
        "coordinates": [
          [
            [-84.919, 65.26],
            [-84.502, 65.458],
            [-84.084, 65.217],
            [-83.49, 65.132],
            [-83.224, 64.969],
            [-82.669, 64.78],
            [-82.05, 64.644],
            [-81.787, 64.425],
            [-81.676, 64.212],
            [-81.679, 64.146],
            [-81.888, 64.016],
            [-81.337, 64.077],
            [-81.024, 64.031],
            [-80.83, 64.09],
            [-80.571, 63.932],
            [-80.668, 63.901],
            [-80.261, 63.802],
            [-81.046, 63.462],
            [-82.378, 63.707],
            [-82.468, 63.927],
            [-83.033, 64.023],
            [-83.015, 64.127],
            [-83.065, 64.16],
            [-83.303, 64.144],
            [-83.584, 64.057],
            [-83.728, 63.813],
            [-84.307, 63.585],
            [-84.631, 63.309],
            [-85.391, 63.12],
            [-85.495, 63.139],
            [-85.769, 63.7],
            [-86.575, 63.662],
            [-86.914, 63.57],
            [-87.177, 63.596],
            [-87.155, 63.715],
            [-86.932, 63.901],
            [-86.251, 64.137],
            [-86.374, 64.566],
            [-86.187, 65.01],
            [-86.075, 65.533],
            [-85.812, 65.832],
            [-85.553, 65.918],
            [-85.24, 65.795],
            [-85.107, 65.623],
            [-85.24, 65.51],
            [-85.056, 65.438],
            [-84.919, 65.26]
          ]
        ]
      }
    },
    {
      "type": "Feature",
      "properties": {},
      "geometry": {
        "type": "Polygon",
        "coordinates": [
          [
            [-75.675, 68.323],
            [-75.153, 68.234],
            [-75.063, 68.14],
            [-75.127, 67.965],
            [-75.127, 67.538],
            [-75.401, 67.366],
            [-76.049, 67.262],
            [-76.945, 67.25],
            [-77.158, 67.408],
            [-77.305, 67.686],
            [-77.125, 67.948],
            [-76.69, 68.255],
            [-76.366, 68.319],
            [-75.675, 68.323]
          ]
        ]
      }
    },
    {
      "type": "Feature",
      "properties": {},
      "geometry": {
        "type": "Polygon",
        "coordinates": [
          [
            [-79.537, 73.654],
            [-78.288, 73.666],
            [-77.208, 73.5],
            [-77.007, 73.355],
            [-76.758, 73.31],
            [-76.571, 73.159],
            [-76.29, 73.081],
            [-76.308, 72.998],
            [-76.089, 72.882],
            [-76.402, 72.821],
            [-78.313, 72.882],
            [-79.501, 72.757],
            [-79.937, 72.864],
            [-80.182, 73.225],
            [-80.776, 73.335],
            [-80.823, 73.428],
            [-80.736, 73.484],
            [-80.826, 73.534],
            [-80.862, 73.671],
            [-80.761, 73.758],
            [-80.412, 73.765],
            [-79.537, 73.654]
          ]
        ]
      }
    },
    {
      "type": "Feature",
      "properties": {},
      "geometry": {
        "type": "Polygon",
        "coordinates": [
          [
            [-97.7, 76.466],
            [-97.739, 76.334],
            [-97.53, 76.182],
            [-97.53, 76.109],
            [-97.649, 75.979],
            [-97.602, 75.852],
            [-97.89, 75.76],
            [-97.408, 75.673],
            [-97.336, 75.42],
            [-97.653, 75.508],
            [-97.88, 75.416],
            [-97.854, 75.26],
            [-97.66, 75.15],
            [-97.844, 75.121],
            [-98.07, 75.199],
            [-97.952, 75.06],
            [-97.991, 75.046],
            [-100.234, 75.008],
            [-100.482, 75.189],
            [-100.144, 75.246],
            [-100.731, 75.347],
            [-100.713, 75.406],
            [-100.281, 75.461],
            [-99.755, 75.633],
            [-99.194, 75.699],
            [-102.542, 75.513],
            [-102.797, 75.6],
            [-102.254, 75.777],
            [-102.146, 75.874],
            [-101.26, 75.758],
            [-100.972, 75.798],
            [-101.289, 75.789],
            [-101.505, 75.918],
            [-101.433, 75.992],
            [-101.717, 76.008],
            [-101.872, 76.083],
            [-101.559, 76.235],
            [-102.138, 76.284],
            [-101.789, 76.451],
            [-101.339, 76.411],
            [-101.138, 76.345],
            [-101.055, 76.246],
            [-99.867, 75.925],
            [-99.69, 75.959],
            [-100.112, 76.117],
            [-99.543, 76.147],
            [-100.414, 76.242],
            [-99.978, 76.312],
            [-100.889, 76.475],
            [-100.572, 76.584],
            [-100.068, 76.635],
            [-99.669, 76.624],
            [-99.168, 76.454],
            [-98.891, 76.466],
            [-99.024, 76.614],
            [-98.711, 76.694],
            [-97.7, 76.466]
          ]
        ]
      }
    },
    {
      "type": "Feature",
      "properties": {},
      "geometry": {
        "type": "Polygon",
        "coordinates": [
          [
            [-103.427, 79.315],
            [-102.916, 79.232],
            [-102.653, 79.095],
            [-102.729, 78.97],
            [-102.596, 78.944],
            [-102.578, 78.879],
            [-102.426, 78.933],
            [-102.394, 79.01],
            [-101.703, 79.079],
            [-101.037, 78.938],
            [-101.127, 78.801],
            [-100.436, 78.82],
            [-100.014, 78.728],
            [-99.582, 78.563],
            [-99.849, 78.438],
            [-99.752, 78.303],
            [-99.132, 78.117],
            [-98.999, 77.998],
            [-99.165, 77.857],
            [-99.957, 77.794],
            [-100.587, 77.892],
            [-100.76, 77.978],
            [-100.824, 78.088],
            [-101.073, 78.194],
            [-102.056, 78.279],
            [-102.606, 78.249],
            [-102.772, 78.307],
            [-102.732, 78.371],
            [-103.946, 78.26],
            [-104.514, 78.294],
            [-104.878, 78.402],
            [-104.997, 78.518],
            [-104.727, 78.579],
            [-103.571, 78.539],
            [-103.481, 78.595],
            [-104.021, 78.635],
            [-103.373, 78.737],
            [-104.183, 78.78],
            [-103.877, 78.902],
            [-104.151, 78.991],
            [-104.896, 78.808],
            [-104.968, 78.857],
            [-104.748, 79.027],
            [-105.537, 79.032],
            [-105.58, 79.114],
            [-105.389, 79.324],
            [-103.427, 79.315]
          ]
        ]
      }
    },
    {
      "type": "Feature",
      "properties": {},
      "geometry": {
        "type": "Polygon",
        "coordinates": [
          [
            [-91.886, 81.133],
            [-91.274, 80.85],
            [-90.683, 80.688],
            [-90.644, 80.593],
            [-89.862, 80.499],
            [-89.236, 80.511],
            [-89.135, 80.44],
            [-89.203, 80.407],
            [-89.146, 80.36],
            [-89.2, 80.263],
            [-88.858, 80.166],
            [-88.199, 80.112],
            [-88.379, 80.225],
            [-88.613, 80.256],
            [-88.663, 80.348],
            [-88.523, 80.418],
            [-87.673, 80.372],
            [-87.627, 80.187],
            [-87.922, 80.098],
            [-87.202, 80.043],
            [-86.979, 79.895],
            [-87.144, 79.662],
            [-87.295, 79.581],
            [-86.338, 79.635],
            [-86.179, 79.605],
            [-86.007, 79.48],
            [-85.647, 79.612],
            [-85.042, 79.284],
            [-86.957, 78.975],
            [-87.079, 78.866],
            [-87.616, 78.676],
            [-87.922, 78.751],
            [-87.961, 78.893],
            [-87.828, 79.046],
            [-88.041, 78.996],
            [-88.163, 78.933],
            [-88.167, 78.746],
            [-88.253, 78.673],
            [-88.005, 78.616],
            [-87.983, 78.537],
            [-88.149, 78.477],
            [-88.581, 78.602],
            [-88.743, 78.584],
            [-88.606, 78.392],
            [-88.789, 78.192],
            [-89.095, 78.209],
            [-90.039, 78.607],
            [-90.075, 78.55],
            [-89.491, 78.171],
            [-90.46, 78.331],
            [-90.651, 78.308],
            [-90.327, 78.185],
            [-91.41, 78.188],
            [-92.35, 78.313],
            [-92.847, 78.459],
            [-91.868, 78.543],
            [-93.268, 78.609],
            [-93.635, 78.751],
            [-93.16, 78.775],
            [-93.902, 78.872],
            [-94.168, 78.973],
            [-93.293, 79.14],
            [-92.685, 79.185],
            [-92.548, 79.282],
            [-91.299, 79.372],
            [-92.249, 79.374],
            [-92.822, 79.451],
            [-93.934, 79.291],
            [-94.11, 79.315],
            [-93.941, 79.386],
            [-94.11, 79.402],
            [-95.104, 79.289],
            [-95.734, 79.418],
            [-95.662, 79.527],
            [-94.521, 79.668],
            [-94.402, 79.737],
            [-95.298, 79.654],
            [-95.856, 79.675],
            [-96.461, 79.848],
            [-96.774, 80.136],
            [-94.647, 80.049],
            [-94.582, 80.141],
            [-94.262, 80.195],
            [-95.406, 80.135],
            [-95.648, 80.232],
            [-96.026, 80.221],
            [-96.393, 80.315],
            [-96.112, 80.381],
            [-95.55, 80.367],
            [-96.152, 80.553],
            [-96.134, 80.692],
            [-95.928, 80.721],
            [-95.226, 80.687],
            [-94.892, 80.57],
            [-93.927, 80.56],
            [-95.514, 80.838],
            [-95.27, 81.001],
            [-93.236, 81.129],
            [-93.408, 81.209],
            [-94.193, 81.24],
            [-94.233, 81.315],
            [-94.179, 81.339],
            [-93.034, 81.346],
            [-92.213, 81.244],
            [-91.886, 81.133]
          ]
        ]
      }
    },
    {
      "type": "Feature",
      "properties": {},
      "geometry": {
        "type": "Polygon",
        "coordinates": [
          [
            [-94.294, 76.913],
            [-93.812, 76.914],
            [-93.21, 76.755],
            [-93.2, 76.669],
            [-93.534, 76.447],
            [-92.994, 76.621],
            [-91.306, 76.68],
            [-90.543, 76.496],
            [-91.4, 76.51],
            [-91.414, 76.456],
            [-89.286, 76.301],
            [-89.218, 76.258],
            [-89.405, 76.189],
            [-90.312, 76.157],
            [-91.407, 76.22],
            [-90.712, 76.076],
            [-90.251, 76.053],
            [-89.697, 75.854],
            [-89.279, 75.795],
            [-89.203, 75.737],
            [-89.646, 75.565],
            [-89.279, 75.564],
            [-88.915, 75.454],
            [-88.804, 75.503],
            [-88.851, 75.624],
            [-88.645, 75.659],
            [-88.203, 75.512],
            [-87.731, 75.576],
            [-87.54, 75.486],
            [-87.256, 75.617],
            [-86.813, 75.491],
            [-85.953, 75.395],
            [-85.906, 75.442],
            [-86.068, 75.503],
            [-84.606, 75.654],
            [-83.933, 75.819],
            [-83.238, 75.751],
            [-82.155, 75.831],
            [-81.269, 75.756],
            [-81.15, 75.736],
            [-81.172, 75.67],
            [-80.999, 75.644],
            [-80.322, 75.63],
            [-80.121, 75.562],
            [-80.261, 75.479],
            [-79.66, 75.449],
            [-79.509, 75.26],
            [-80.383, 75.034],
            [-80.135, 74.987],
            [-79.663, 75.02],
            [-79.401, 74.918],
            [-79.944, 74.833],
            [-80.347, 74.902],
            [-80.149, 74.796],
            [-80.279, 74.581],
            [-81.226, 74.567],
            [-81.939, 74.473],
            [-82.932, 74.565],
            [-83.116, 74.694],
            [-83.101, 74.817],
            [-83.523, 74.902],
            [-83.343, 74.765],
            [-83.533, 74.586],
            [-84.426, 74.508],
            [-85.06, 74.607],
            [-85.132, 74.517],
            [-85.474, 74.6],
            [-85.542, 74.534],
            [-85.809, 74.499],
            [-86.73, 74.557],
            [-86.665, 74.489],
            [-88.422, 74.494],
            [-88.559, 74.569],
            [-88.339, 74.784],
            [-88.534, 74.831],
            [-88.851, 74.69],
            [-88.941, 74.789],
            [-89.193, 74.744],
            [-89.196, 74.638],
            [-89.56, 74.555],
            [-90.554, 74.612],
            [-90.968, 74.715],
            [-90.881, 74.817],
            [-91.13, 74.736],
            [-91.133, 74.651],
            [-91.508, 74.651],
            [-91.961, 74.793],
            [-92.174, 75.052],
            [-92.076, 75.123],
            [-92.39, 75.263],
            [-92.411, 75.406],
            [-92.069, 75.657],
            [-92.184, 75.847],
            [-93.092, 76.354],
            [-93.664, 76.274],
            [-95.273, 76.265],
            [-95.446, 76.362],
            [-96.04, 76.487],
            [-95.651, 76.584],
            [-95.972, 76.569],
            [-96.897, 76.755],
            [-96.879, 76.803],
            [-96.4, 76.798],
            [-96.771, 76.888],
            [-96.814, 76.914],
            [-96.76, 76.972],
            [-95.849, 77.067],
            [-94.294, 76.913]
          ]
        ]
      }
    },
    {
      "type": "Feature",
      "properties": {},
      "geometry": {
        "type": "Polygon",
        "coordinates": [
          [
            [-96.206, 78.53],
            [-95.561, 78.517],
            [-94.917, 78.39],
            [-94.888, 78.345],
            [-95.331, 78.225],
            [-94.935, 78.076],
            [-95.198, 77.968],
            [-96.99, 77.807],
            [-97.062, 77.859],
            [-97.019, 77.907],
            [-97.426, 77.982],
            [-97.656, 78.091],
            [-96.944, 78.152],
            [-97.818, 78.23],
            [-98.049, 78.326],
            [-98.07, 78.386],
            [-98.319, 78.477],
            [-98.06, 78.558],
            [-98.34, 78.751],
            [-98.211, 78.805],
            [-97.383, 78.782],
            [-96.476, 78.666],
            [-96.206, 78.53]
          ]
        ]
      }
    },
    {
      "type": "Feature",
      "properties": {},
      "geometry": {
        "type": "Polygon",
        "coordinates": [
          [
            [-110.458, 78.103],
            [-109.619, 78.057],
            [-109.77, 77.958],
            [-110.865, 77.834],
            [-110.152, 77.763],
            [-110.116, 77.624],
            [-110.199, 77.525],
            [-111.952, 77.345],
            [-112.373, 77.364],
            [-113.165, 77.531],
            [-113.209, 77.581],
            [-113.122, 77.633],
            [-113.284, 77.814],
            [-113.187, 77.912],
            [-112.305, 78.006],
            [-110.458, 78.103]
          ]
        ]
      }
    },
    {
      "type": "Feature",
      "properties": {},
      "geometry": {
        "type": "Polygon",
        "coordinates": [
          [
            [-115.552, 77.364],
            [-115.469, 77.308],
            [-116.33, 77.136],
            [-115.811, 76.939],
            [-116.254, 76.902],
            [-115.945, 76.711],
            [-116.222, 76.61],
            [-116.999, 76.532],
            [-117.046, 76.373],
            [-117.233, 76.282],
            [-117.493, 76.272],
            [-117.993, 76.406],
            [-117.964, 76.574],
            [-117.781, 76.784],
            [-117.881, 76.805],
            [-118.299, 76.737],
            [-118.468, 76.548],
            [-118.792, 76.513],
            [-118.799, 76.465],
            [-118.623, 76.366],
            [-118.994, 76.145],
            [-119.167, 76.126],
            [-119.581, 76.326],
            [-119.649, 76.281],
            [-119.638, 76.157],
            [-119.739, 76.117],
            [-119.548, 76.051],
            [-119.537, 75.982],
            [-119.912, 75.859],
            [-120.409, 75.826],
            [-120.563, 76.008],
            [-120.848, 76.183],
            [-121.021, 76.02],
            [-121.215, 75.984],
            [-121.91, 76.034],
            [-122.399, 75.944],
            [-122.641, 76.01],
            [-122.547, 76.081],
            [-122.594, 76.163],
            [-122.903, 76.135],
            [-122.425, 76.39],
            [-121.561, 76.454],
            [-121.103, 76.661],
            [-120.484, 76.793],
            [-120.311, 76.904],
            [-119.091, 77.305],
            [-118.004, 77.381],
            [-117.417, 77.317],
            [-116.845, 77.34],
            [-116.704, 77.38],
            [-117.039, 77.465],
            [-116.51, 77.548],
            [-115.552, 77.364]
          ]
        ]
      }
    },
    {
      "type": "Feature",
      "properties": {},
      "geometry": {
        "type": "Polygon",
        "coordinates": [
          [
            [-108.291, 76.057],
            [-107.852, 76.058],
            [-107.722, 75.996],
            [-108.021, 75.805],
            [-107.542, 75.9],
            [-107.214, 75.892],
            [-107.049, 75.845],
            [-106.912, 75.68],
            [-106.89, 75.782],
            [-106.692, 75.81],
            [-106.862, 75.93],
            [-106.678, 76.024],
            [-106.397, 76.06],
            [-105.904, 76.01],
            [-105.605, 75.93],
            [-105.483, 75.703],
            [-105.861, 75.192],
            [-106.091, 75.09],
            [-107.153, 74.927],
            [-107.819, 74.999],
            [-108.474, 74.947],
            [-108.752, 74.993],
            [-108.633, 75.024],
            [-108.831, 75.065],
            [-109.504, 74.883],
            [-110.386, 74.814],
            [-110.941, 74.638],
            [-112.521, 74.416],
            [-113.515, 74.43],
            [-114.379, 74.671],
            [-114.134, 74.767],
            [-112.838, 74.975],
            [-111.671, 75.02],
            [-111.034, 75.227],
            [-111.182, 75.26],
            [-112.215, 75.133],
            [-112.597, 75.211],
            [-112.953, 75.107],
            [-113.713, 75.069],
            [-113.846, 75.112],
            [-113.853, 75.26],
            [-113.468, 75.416],
            [-113.878, 75.376],
            [-114.015, 75.433],
            [-114.17, 75.239],
            [-114.515, 75.275],
            [-114.357, 75.171],
            [-114.451, 75.088],
            [-115.019, 74.977],
            [-115.412, 75.116],
            [-115.729, 74.968],
            [-116.477, 75.171],
            [-117.007, 75.156],
            [-117.503, 75.204],
            [-117.601, 75.272],
            [-117.259, 75.459],
            [-116.078, 75.492],
            [-115.142, 75.678],
            [-116.427, 75.586],
            [-117.165, 75.645],
            [-116.801, 75.772],
            [-114.991, 75.897],
            [-116.337, 75.881],
            [-116.665, 75.958],
            [-116.549, 76.017],
            [-116.593, 76.097],
            [-116.211, 76.194],
            [-114.778, 76.173],
            [-115.833, 76.296],
            [-115.581, 76.437],
            [-114.998, 76.498],
            [-114.195, 76.451],
            [-114.058, 76.301],
            [-113.824, 76.206],
            [-113.173, 76.258],
            [-112.697, 76.202],
            [-111.866, 75.939],
            [-112.057, 75.834],
            [-111.549, 75.822],
            [-111.275, 75.612],
            [-111.052, 75.548],
            [-109.086, 75.506],
            [-108.946, 75.541],
            [-108.917, 75.675],
            [-109.796, 75.862],
            [-109.871, 75.928],
            [-109.454, 76.022],
            [-109.432, 76.109],
            [-110.203, 76.289],
            [-110.311, 76.397],
            [-109.338, 76.76],
            [-108.831, 76.821],
            [-108.467, 76.737],
            [-108.629, 76.586],
            [-108.514, 76.439],
            [-108.194, 76.329],
            [-108.122, 76.234],
            [-108.406, 76.084],
            [-108.291, 76.057]
          ]
        ]
      }
    },
    {
      "type": "Feature",
      "properties": {},
      "geometry": {
        "type": "Polygon",
        "coordinates": [
          [
            [-93.171, 74.161],
            [-92.224, 73.972],
            [-91.086, 74.01],
            [-90.356, 73.869],
            [-90.564, 73.687],
            [-90.935, 73.527],
            [-91.248, 73.303],
            [-91.554, 73.236],
            [-91.425, 73.196],
            [-91.788, 72.916],
            [-92.12, 72.753],
            [-92.393, 72.718],
            [-93.34, 72.802],
            [-94.211, 72.757],
            [-93.772, 72.668],
            [-93.545, 72.531],
            [-93.542, 72.437],
            [-93.869, 72.253],
            [-94.038, 72.029],
            [-94.143, 72.001],
            [-95.194, 72.027],
            [-95.165, 72.18],
            [-95.252, 72.501],
            [-95.601, 72.885],
            [-95.633, 73.696],
            [-95.385, 73.755],
            [-94.697, 73.663],
            [-95.061, 73.805],
            [-95.151, 73.906],
            [-95.122, 73.986],
            [-94.974, 74.041],
            [-93.171, 74.161]
          ]
        ]
      }
    },
    {
      "type": "Feature",
      "properties": {},
      "geometry": {
        "type": "Polygon",
        "coordinates": [
          [
            [-97.44, 69.642],
            [-97.235, 69.673],
            [-96.299, 69.344],
            [-95.752, 68.897],
            [-95.586, 68.835],
            [-95.374, 68.892],
            [-95.27, 68.826],
            [-96.4, 68.47],
            [-96.598, 68.462],
            [-97.473, 68.543],
            [-98.236, 68.739],
            [-98.319, 68.844],
            [-98.704, 68.802],
            [-98.906, 68.932],
            [-99.255, 68.863],
            [-99.442, 68.918],
            [-99.564, 69.035],
            [-99.456, 69.132],
            [-98.913, 69.168],
            [-98.502, 69.309],
            [-98.452, 69.354],
            [-98.56, 69.462],
            [-98.448, 69.479],
            [-98.546, 69.573],
            [-98.042, 69.456],
            [-98.304, 69.67],
            [-98.24, 69.779],
            [-98.081, 69.833],
            [-97.692, 69.842],
            [-97.412, 69.738],
            [-97.44, 69.642]
          ]
        ]
      }
    },
    {
      "type": "Feature",
      "properties": {},
      "geometry": {
        "type": "Polygon",
        "coordinates": [
          [
            [-114.523, 72.593],
            [-113.579, 72.652],
            [-113.5, 72.694],
            [-113.45, 72.862],
            [-113.075, 72.996],
            [-112.049, 72.888],
            [-111.268, 72.713],
            [-111.355, 72.573],
            [-111.895, 72.356],
            [-111.675, 72.3],
            [-111.311, 72.454],
            [-111.254, 72.449],
            [-111.268, 72.364],
            [-111.139, 72.366],
            [-110.782, 72.534],
            [-110.206, 72.661],
            [-110.199, 72.758],
            [-110.555, 72.861],
            [-110.689, 72.944],
            [-110.66, 73.008],
            [-110.008, 72.984],
            [-109.122, 72.727],
            [-108.968, 72.654],
            [-108.993, 72.597],
            [-108.755, 72.552],
            [-108.186, 71.724],
            [-107.812, 71.626],
            [-107.348, 71.819],
            [-107.376, 71.887],
            [-107.304, 71.895],
            [-107.697, 72.149],
            [-108.237, 73.151],
            [-107.934, 73.217],
            [-108.078, 73.281],
            [-108.028, 73.349],
            [-107.114, 73.192],
            [-106.952, 73.276],
            [-106.484, 73.196],
            [-105.814, 73.01],
            [-105.414, 72.788],
            [-105.234, 72.415],
            [-104.878, 71.981],
            [-104.385, 71.578],
            [-104.356, 71.382],
            [-104.565, 71.132],
            [-104.514, 71.064],
            [-103.586, 70.632],
            [-103.078, 70.508],
            [-103.002, 70.541],
            [-103.082, 70.62],
            [-103.049, 70.654],
            [-101.991, 70.284],
            [-101.642, 70.265],
            [-101.562, 70.135],
            [-101.091, 70.135],
            [-100.972, 70.029],
            [-100.907, 69.812],
            [-100.936, 69.715],
            [-101.044, 69.668],
            [-101.336, 69.71],
            [-101.483, 69.85],
            [-101.649, 69.698],
            [-102.236, 69.842],
            [-102.596, 69.719],
            [-102.534, 69.621],
            [-102.621, 69.552],
            [-103.434, 69.668],
            [-103.416, 69.611],
            [-103.049, 69.472],
            [-103.121, 69.205],
            [-102.448, 69.475],
            [-102.153, 69.488],
            [-101.98, 69.425],
            [-102.066, 69.337],
            [-102.045, 69.258],
            [-101.789, 69.182],
            [-101.858, 69.024],
            [-102.894, 68.824],
            [-103.467, 68.809],
            [-104.352, 68.929],
            [-104.572, 68.871],
            [-105.105, 68.92],
            [-105.17, 68.955],
            [-105.018, 69.081],
            [-106.142, 69.161],
            [-106.34, 69.224],
            [-106.343, 69.34],
            [-106.419, 69.413],
            [-106.66, 69.439],
            [-107.034, 69.18],
            [-107.441, 69.002],
            [-108.366, 68.936],
            [-109.472, 68.677],
            [-113.021, 68.481],
            [-113.23, 68.535],
            [-113.554, 68.767],
            [-113.695, 69.194],
            [-114.325, 69.269],
            [-115.617, 69.283],
            [-116.513, 69.425],
            [-117.104, 69.804],
            [-117.194, 70.054],
            [-116.553, 70.175],
            [-114.591, 70.312],
            [-112.636, 70.225],
            [-111.632, 70.309],
            [-112.114, 70.448],
            [-113.756, 70.691],
            [-115.991, 70.587],
            [-117.586, 70.63],
            [-118.378, 70.968],
            [-117.813, 71.158],
            [-115.891, 71.382],
            [-116.045, 71.423],
            [-115.981, 71.47],
            [-115.304, 71.494],
            [-115.588, 71.547],
            [-117.935, 71.392],
            [-118.227, 71.467],
            [-117.878, 71.56],
            [-117.741, 71.659],
            [-118.583, 71.649],
            [-118.868, 71.687],
            [-118.987, 71.764],
            [-118.943, 71.986],
            [-118.591, 72.168],
            [-118.213, 72.264],
            [-118.483, 72.428],
            [-118.375, 72.534],
            [-117.55, 72.831],
            [-116.575, 73.055],
            [-114.638, 73.373],
            [-114.206, 73.298],
            [-114.051, 73.071],
            [-114.076, 72.908],
            [-114.523, 72.593]
          ]
        ]
      }
    },
    {
      "type": "Feature",
      "properties": {},
      "geometry": {
        "type": "Polygon",
        "coordinates": [
          [
            [-119.735, 74.112],
            [-119.473, 74.201],
            [-119.206, 74.197],
            [-119.116, 74.015],
            [-118.544, 74.244],
            [-117.514, 74.232],
            [-115.635, 73.666],
            [-115.394, 73.501],
            [-115.523, 73.416],
            [-118.961, 72.684],
            [-119.512, 72.303],
            [-120.178, 72.213],
            [-120.445, 71.632],
            [-120.621, 71.507],
            [-121.471, 71.389],
            [-121.748, 71.444],
            [-122.158, 71.265],
            [-122.839, 71.097],
            [-123.094, 71.093],
            [-123.314, 71.17],
            [-123.681, 71.493],
            [-124.009, 71.677],
            [-125.297, 71.974],
            [-125.845, 71.979],
            [-125.762, 72.137],
            [-125.585, 72.184],
            [-125.629, 72.255],
            [-124.988, 72.588],
            [-125.031, 72.645],
            [-124.97, 72.843],
            [-124.567, 72.944],
            [-124.588, 73.005],
            [-124.819, 73.059],
            [-124.804, 73.126],
            [-124.423, 73.418],
            [-124.113, 73.527],
            [-124.03, 73.644],
            [-123.796, 73.769],
            [-124.192, 73.902],
            [-124.696, 74.348],
            [-121.503, 74.545],
            [-119.944, 74.253],
            [-119.563, 74.232],
            [-119.735, 74.112]
          ]
        ]
      }
    },
    {
      "type": "Feature",
      "properties": {},
      "geometry": {
        "type": "Polygon",
        "coordinates": [
          [
            [-78.936, 56.266],
            [-79.174, 55.884],
            [-79.275, 55.923],
            [-79.141, 56.136],
            [-79.181, 56.212],
            [-79.494, 55.874],
            [-79.764, 55.806],
            [-79.498, 56.093],
            [-79.545, 56.129],
            [-79.905, 55.87],
            [-80.009, 55.91],
            [-79.516, 56.327],
            [-79.458, 56.541],
            [-79.433, 56.447],
            [-79.537, 56.179],
            [-79.393, 56.277],
            [-79.271, 56.601],
            [-78.961, 56.422],
            [-78.936, 56.266]
          ]
        ]
      }
    },
    {
      "type": "Feature",
      "properties": {},
      "geometry": {
        "type": "Polygon",
        "coordinates": [
          [
            [-98.272, 73.869],
            [-98.974, 73.812],
            [-99.417, 73.895],
            [-98.06, 74.105],
            [-97.66, 74.072],
            [-98.272, 73.869]
          ]
        ]
      }
    },
    {
      "type": "Feature",
      "properties": {},
      "geometry": {
        "type": "Polygon",
        "coordinates": [
          [
            [-74.883, 68.349],
            [-75.311, 68.474],
            [-75.401, 68.526],
            [-75.397, 68.588],
            [-75.286, 68.687],
            [-74.983, 68.647],
            [-74.8, 68.458],
            [-74.883, 68.349]
          ]
        ]
      }
    },
    {
      "type": "Feature",
      "properties": {},
      "geometry": {
        "type": "Polygon",
        "coordinates": [
          [
            [-76.679, 63.394],
            [-76.92, 63.406],
            [-77.363, 63.589],
            [-77.133, 63.682],
            [-76.654, 63.504],
            [-76.679, 63.394]
          ]
        ]
      }
    },
    {
      "type": "Feature",
      "properties": {},
      "geometry": {
        "type": "Polygon",
        "coordinates": [
          [
            [-68.233, 60.242],
            [-68.366, 60.254],
            [-68.366, 60.315],
            [-68.143, 60.563],
            [-67.978, 60.57],
            [-67.819, 60.45],
            [-67.924, 60.341],
            [-68.233, 60.242]
          ]
        ]
      }
    },
    {
      "type": "Feature",
      "properties": {},
      "geometry": {
        "type": "Polygon",
        "coordinates": [
          [
            [-70.336, 62.549],
            [-70.768, 62.597],
            [-70.987, 62.788],
            [-71.221, 62.873],
            [-70.444, 62.735],
            [-70.267, 62.578],
            [-70.336, 62.549]
          ]
        ]
      }
    },
    {
      "type": "Feature",
      "properties": {},
      "geometry": {
        "type": "Polygon",
        "coordinates": [
          [
            [-64.831, 61.367],
            [-65.393, 61.563],
            [-65.432, 61.65],
            [-64.788, 61.662],
            [-64.669, 61.592],
            [-64.698, 61.471],
            [-64.831, 61.367]
          ]
        ]
      }
    },
    {
      "type": "Feature",
      "properties": {},
      "geometry": {
        "type": "Polygon",
        "coordinates": [
          [
            [-79.429, 69.788],
            [-79.365, 69.712],
            [-79.552, 69.632],
            [-80.049, 69.633],
            [-79.977, 69.51],
            [-80.794, 69.689],
            [-80.725, 69.741],
            [-80.466, 69.738],
            [-80.423, 69.798],
            [-80.214, 69.802],
            [-80.124, 69.738],
            [-79.429, 69.788]
          ]
        ]
      }
    },
    {
      "type": "Feature",
      "properties": {},
      "geometry": {
        "type": "Polygon",
        "coordinates": [
          [
            [-78.029, 69.715],
            [-77.968, 69.639],
            [-78.04, 69.609],
            [-78.85, 69.482],
            [-78.58, 69.639],
            [-78.295, 69.666],
            [-78.202, 69.739],
            [-78.029, 69.715]
          ]
        ]
      }
    },
    {
      "type": "Feature",
      "properties": {},
      "geometry": {
        "type": "Polygon",
        "coordinates": [
          [
            [-79.21, 68.845],
            [-79.361, 68.857],
            [-79.404, 68.923],
            [-79.242, 69.048],
            [-78.663, 69.262],
            [-78.652, 69.35],
            [-78.331, 69.385],
            [-78.234, 69.314],
            [-78.778, 68.951],
            [-79.21, 68.845]
          ]
        ]
      }
    },
    {
      "type": "Feature",
      "properties": {},
      "geometry": {
        "type": "Polygon",
        "coordinates": [
          [
            [-76.996, 69.144],
            [-77.323, 69.194],
            [-77.381, 69.274],
            [-77.341, 69.404],
            [-77.111, 69.437],
            [-76.668, 69.366],
            [-76.996, 69.144]
          ]
        ]
      }
    },
    {
      "type": "Feature",
      "properties": {},
      "geometry": {
        "type": "Polygon",
        "coordinates": [
          [
            [-83.724, 65.797],
            [-83.235, 65.696],
            [-83.382, 65.63],
            [-83.605, 65.701],
            [-83.789, 65.668],
            [-83.703, 65.757],
            [-83.814, 65.788],
            [-84.117, 65.773],
            [-84.142, 65.917],
            [-84.466, 66.089],
            [-84.408, 66.13],
            [-83.785, 65.965],
            [-83.703, 65.92],
            [-83.764, 65.832],
            [-83.724, 65.797]
          ]
        ]
      }
    },
    {
      "type": "Feature",
      "properties": {},
      "geometry": {
        "type": "Polygon",
        "coordinates": [
          [
            [-86.597, 67.736],
            [-86.892, 67.837],
            [-86.845, 68.01],
            [-86.961, 68.101],
            [-86.701, 68.305],
            [-86.421, 68.184],
            [-86.395, 67.889],
            [-86.597, 67.736]
          ]
        ]
      }
    },
    {
      "type": "Feature",
      "properties": {},
      "geometry": {
        "type": "Polygon",
        "coordinates": [
          [
            [-84.675, 65.575],
            [-84.783, 65.569],
            [-85.096, 65.757],
            [-85.15, 66.016],
            [-84.937, 66.009],
            [-84.757, 65.859],
            [-84.603, 65.658],
            [-84.675, 65.575]
          ]
        ]
      }
    },
    {
      "type": "Feature",
      "properties": {},
      "geometry": {
        "type": "Polygon",
        "coordinates": [
          [
            [-102.228, 76.015],
            [-102.009, 75.939],
            [-102.423, 75.869],
            [-102.581, 75.781],
            [-103.316, 75.765],
            [-103.042, 75.92],
            [-103.2, 75.958],
            [-103.769, 75.892],
            [-103.985, 75.933],
            [-103.802, 76.038],
            [-104.241, 76.046],
            [-104.406, 76.109],
            [-104.349, 76.182],
            [-104.01, 76.223],
            [-102.729, 76.307],
            [-102.585, 76.282],
            [-102.491, 76.095],
            [-102.228, 76.015]
          ]
        ]
      }
    },
    {
      "type": "Feature",
      "properties": {},
      "geometry": {
        "type": "Polygon",
        "coordinates": [
          [
            [-104.021, 76.583],
            [-103.722, 76.602],
            [-103.035, 76.432],
            [-103.47, 76.329],
            [-104.27, 76.326],
            [-104.406, 76.366],
            [-104.604, 76.583],
            [-104.205, 76.666],
            [-103.96, 76.638],
            [-104.021, 76.583]
          ]
        ]
      }
    },
    {
      "type": "Feature",
      "properties": {},
      "geometry": {
        "type": "Polygon",
        "coordinates": [
          [
            [-101.692, 77.697],
            [-102.38, 77.728],
            [-102.459, 77.77],
            [-102.473, 77.874],
            [-101.638, 77.892],
            [-101.192, 77.829],
            [-101.001, 77.735],
            [-101.692, 77.697]
          ]
        ]
      }
    },
    {
      "type": "Feature",
      "properties": {},
      "geometry": {
        "type": "Polygon",
        "coordinates": [
          [
            [-89.725, 76.508],
            [-90.165, 76.524],
            [-90.561, 76.755],
            [-89.949, 76.836],
            [-89.697, 76.741],
            [-89.823, 76.631],
            [-89.725, 76.508]
          ]
        ]
      }
    },
    {
      "type": "Feature",
      "properties": {},
      "geometry": {
        "type": "Polygon",
        "coordinates": [
          [
            [-96.08, 75.51],
            [-96.461, 75.494],
            [-96.857, 75.369],
            [-97.019, 75.468],
            [-96.368, 75.654],
            [-95.961, 75.555],
            [-96.08, 75.51]
          ]
        ]
      }
    },
    {
      "type": "Feature",
      "properties": {},
      "geometry": {
        "type": "Polygon",
        "coordinates": [
          [
            [-113.831, 77.754],
            [-114.289, 77.722],
            [-114.609, 77.77],
            [-115.03, 77.968],
            [-114.332, 78.077],
            [-114.281, 78.004],
            [-113.619, 77.833],
            [-113.831, 77.754]
          ]
        ]
      }
    },
    {
      "type": "Feature",
      "properties": {},
      "geometry": {
        "type": "Polygon",
        "coordinates": [
          [
            [-113.561, 76.742],
            [-114.836, 76.794],
            [-113.893, 76.895],
            [-113.518, 76.826],
            [-113.489, 76.784],
            [-113.561, 76.742]
          ]
        ]
      }
    },
    {
      "type": "Feature",
      "properties": {},
      "geometry": {
        "type": "Polygon",
        "coordinates": [
          [
            [-104.118, 75.036],
            [-104.633, 75.062],
            [-104.889, 75.147],
            [-104.648, 75.35],
            [-104.345, 75.43],
            [-103.852, 75.371],
            [-103.643, 75.187],
            [-103.812, 75.079],
            [-104.118, 75.036]
          ]
        ]
      }
    },
    {
      "type": "Feature",
      "properties": {},
      "geometry": {
        "type": "Polygon",
        "coordinates": [
          [
            [-55.46, 51.537],
            [-55.583, 51.388],
            [-56.033, 51.329],
            [-56, 51.199],
            [-55.795, 51.166],
            [-55.799, 51.034],
            [-56.695, 50.06],
            [-56.85, 49.765],
            [-56.821, 49.614],
            [-56.18, 50.116],
            [-56.123, 50.063],
            [-56.162, 49.94],
            [-55.928, 50.018],
            [-55.766, 49.961],
            [-55.504, 49.984],
            [-55.583, 49.892],
            [-56.141, 49.619],
            [-55.871, 49.669],
            [-55.892, 49.581],
            [-56.087, 49.452],
            [-55.817, 49.515],
            [-55.676, 49.435],
            [-55.378, 49.491],
            [-55.345, 49.373],
            [-55.28, 49.412],
            [-55.284, 49.513],
            [-55.23, 49.508],
            [-55.201, 49.409],
            [-55.352, 49.079],
            [-55.176, 49.244],
            [-55.025, 49.305],
            [-54.982, 49.268],
            [-54.503, 49.527],
            [-54.449, 49.329],
            [-54.316, 49.425],
            [-53.959, 49.442],
            [-53.621, 49.322],
            [-53.574, 49.142],
            [-53.844, 48.925],
            [-54.161, 48.788],
            [-53.851, 48.812],
            [-53.966, 48.706],
            [-53.707, 48.656],
            [-53.794, 48.527],
            [-54.114, 48.393],
            [-53.027, 48.635],
            [-53.135, 48.402],
            [-53.61, 48.208],
            [-53.57, 48.088],
            [-53.869, 48.02],
            [-53.639, 48.015],
            [-53.862, 47.8],
            [-53.804, 47.682],
            [-53.671, 47.649],
            [-53.282, 47.998],
            [-52.922, 48.147],
            [-52.865, 48.112],
            [-53.153, 47.734],
            [-53.171, 47.512],
            [-53.124, 47.454],
            [-52.944, 47.553],
            [-52.782, 47.77],
            [-52.71, 47.746],
            [-52.652, 47.55],
            [-52.912, 47.104],
            [-52.89, 46.973],
            [-53.07, 46.682],
            [-53.167, 46.647],
            [-53.322, 46.718],
            [-53.588, 46.638],
            [-53.599, 47.145],
            [-54.01, 46.84],
            [-54.175, 46.88],
            [-53.851, 47.44],
            [-53.988, 47.756],
            [-54.193, 47.861],
            [-54.488, 47.404],
            [-54.564, 47.374],
            [-54.474, 47.546],
            [-54.65, 47.407],
            [-54.856, 47.385],
            [-55.316, 46.906],
            [-55.788, 46.868],
            [-55.95, 46.928],
            [-55.918, 47.017],
            [-55.493, 47.161],
            [-55.19, 47.449],
            [-54.87, 47.571],
            [-54.784, 47.664],
            [-54.946, 47.621],
            [-55.367, 47.661],
            [-55.435, 47.501],
            [-55.576, 47.465],
            [-55.864, 47.531],
            [-56.126, 47.503],
            [-55.867, 47.593],
            [-55.856, 47.819],
            [-56.123, 47.789],
            [-56.263, 47.659],
            [-56.774, 47.565],
            [-58.333, 47.676],
            [-58.337, 47.73],
            [-58.942, 47.581],
            [-59.258, 47.635],
            [-59.341, 47.933],
            [-58.603, 48.411],
            [-58.33, 48.522],
            [-59.168, 48.558],
            [-58.841, 48.746],
            [-58.906, 48.65],
            [-58.715, 48.598],
            [-58.405, 49.084],
            [-57.991, 48.987],
            [-58.099, 49.077],
            [-57.98, 49.23],
            [-58.189, 49.258],
            [-58.214, 49.386],
            [-58.016, 49.543],
            [-57.79, 49.491],
            [-57.926, 49.701],
            [-57.433, 50.506],
            [-57.329, 50.605],
            [-57.181, 50.616],
            [-57.296, 50.699],
            [-57.052, 50.857],
            [-57.037, 51.011],
            [-56.825, 51.126],
            [-56.681, 51.333],
            [-56.026, 51.569],
            [-55.691, 51.471],
            [-55.666, 51.579],
            [-55.522, 51.596],
            [-55.46, 51.537]
          ]
        ]
      }
    },
    {
      "type": "Feature",
      "properties": {},
      "geometry": {
        "type": "Polygon",
        "coordinates": [
          [
            [-100.216, 68.807],
            [-100.396, 68.724],
            [-100.497, 68.791],
            [-100.598, 68.767],
            [-100.612, 68.989],
            [-100.522, 69.035],
            [-100.331, 68.998],
            [-100.18, 68.904],
            [-100.216, 68.807]
          ]
        ]
      }
    },
    {
      "type": "Feature",
      "properties": {},
      "geometry": {
        "type": "Polygon",
        "coordinates": [
          [
            [-95.514, 69.574],
            [-95.381, 69.507],
            [-95.496, 69.35],
            [-95.73, 69.347],
            [-95.666, 69.439],
            [-95.763, 69.559],
            [-95.892, 69.352],
            [-95.986, 69.392],
            [-95.979, 69.508],
            [-95.874, 69.606],
            [-95.514, 69.574]
          ]
        ]
      }
    },
    {
      "type": "Feature",
      "properties": {},
      "geometry": {
        "type": "Polygon",
        "coordinates": [
          [
            [23.442, 70.816],
            [23.067, 70.593],
            [22.83, 70.541],
            [22.358, 70.515],
            [21.994, 70.658],
            [22.963, 70.712],
            [23.204, 70.816],
            [23.442, 70.816]
          ]
        ]
      }
    },
    {
      "type": "Feature",
      "properties": {},
      "geometry": {
        "type": "Polygon",
        "coordinates": [
          [
            [23.614, 70.55],
            [23.64, 70.463],
            [23.272, 70.297],
            [23.1, 70.297],
            [23.089, 70.378],
            [22.92, 70.385],
            [23.024, 70.488],
            [23.546, 70.618],
            [23.614, 70.55]
          ]
        ]
      }
    },
    {
      "type": "Feature",
      "properties": {},
      "geometry": {
        "type": "Polygon",
        "coordinates": [
          [
            [13.873, 68.265],
            [14.118, 68.246],
            [13.779, 68.106],
            [13.423, 68.083],
            [13.39, 68.021],
            [13.228, 67.995],
            [13.2, 68.087],
            [13.3, 68.16],
            [13.43, 68.163],
            [13.538, 68.25],
            [13.873, 68.265]
          ]
        ]
      }
    },
    {
      "type": "Feature",
      "properties": {},
      "geometry": {
        "type": "Polygon",
        "coordinates": [
          [
            [17.502, 69.597],
            [18.006, 69.505],
            [18.078, 69.396],
            [17.941, 69.328],
            [17.952, 69.198],
            [17.487, 69.196],
            [17.084, 69.014],
            [16.81, 69.071],
            [16.972, 69.139],
            [17.001, 69.363],
            [17.361, 69.382],
            [17.372, 69.439],
            [17.232, 69.477],
            [17.455, 69.531],
            [17.502, 69.597]
          ]
        ]
      }
    },
    {
      "type": "Feature",
      "properties": {},
      "geometry": {
        "type": "Polygon",
        "coordinates": [
          [
            [19.255, 70.066],
            [19.345, 70.012],
            [19.608, 70.019],
            [19.334, 69.821],
            [19.006, 69.76],
            [18.783, 69.58],
            [18.276, 69.536],
            [18.063, 69.602],
            [18.229, 69.635],
            [18.348, 69.767],
            [18.675, 69.781],
            [18.686, 69.89],
            [19.05, 70.038],
            [19.132, 70.245],
            [19.212, 70.248],
            [19.255, 70.066]
          ]
        ]
      }
    },
    {
      "type": "Feature",
      "properties": {},
      "geometry": {
        "type": "Polygon",
        "coordinates": [
          [
            [15.759, 68.561],
            [16.058, 68.68],
            [16.152, 68.842],
            [16.274, 68.868],
            [16.425, 68.842],
            [16.548, 68.717],
            [16.519, 68.634],
            [15.975, 68.403],
            [15.763, 68.41],
            [15.439, 68.312],
            [15.28, 68.373],
            [14.629, 68.198],
            [14.258, 68.191],
            [14.258, 68.257],
            [14.586, 68.401],
            [15.097, 68.441],
            [15.414, 68.616],
            [15.565, 68.873],
            [15.442, 68.92],
            [15.482, 69.043],
            [15.892, 69.278],
            [16.13, 69.274],
            [15.993, 69.113],
            [15.813, 69.024],
            [15.907, 68.908],
            [15.928, 68.732],
            [15.759, 68.561]
          ]
        ]
      }
    },
    {
      "type": "Feature",
      "properties": {},
      "geometry": {
        "type": "Polygon",
        "coordinates": [
          [
            [15.208, 68.943],
            [15.396, 68.783],
            [15.349, 68.672],
            [15.223, 68.616],
            [14.892, 68.611],
            [14.744, 68.677],
            [14.521, 68.634],
            [14.373, 68.712],
            [14.553, 68.819],
            [14.802, 68.791],
            [14.874, 68.913],
            [15.039, 68.894],
            [15.039, 69],
            [15.208, 68.943]
          ]
        ]
      }
    },
    {
      "type": "Feature",
      "properties": {},
      "geometry": {
        "type": "Polygon",
        "coordinates": [
          [
            [-44.865, 82.084],
            [-45.067, 82.067],
            [-46.752, 82.348],
            [-47.306, 82.534],
            [-47.349, 82.6],
            [-47.274, 82.657],
            [-46.399, 82.692],
            [-44.916, 82.48],
            [-44.75, 82.402],
            [-44.865, 82.084]
          ]
        ]
      }
    },
    {
      "type": "Feature",
      "properties": {},
      "geometry": {
        "type": "Polygon",
        "coordinates": [
          [
            [-17.613, 79.826],
            [-18.034, 79.711],
            [-18.661, 79.72],
            [-19.032, 79.773],
            [-19.14, 79.852],
            [-18.996, 79.94],
            [-18.546, 80.011],
            [-17.473, 80.029],
            [-17.401, 79.94],
            [-17.613, 79.826]
          ]
        ]
      }
    },
    {
      "type": "Feature",
      "properties": {},
      "geometry": {
        "type": "Polygon",
        "coordinates": [
          [
            [-18.582, 76.043],
            [-18.697, 76.015],
            [-19.086, 76.43],
            [-19.06, 76.696],
            [-18.733, 76.642],
            [-18.582, 76.043]
          ]
        ]
      }
    },
    {
      "type": "Feature",
      "properties": {},
      "geometry": {
        "type": "Polygon",
        "coordinates": [
          [
            [-18.002, 75.407],
            [-17.887, 75.204],
            [-17.761, 75.144],
            [-17.498, 75.152],
            [-17.394, 75.038],
            [-18.672, 75.001],
            [-18.891, 75.072],
            [-18.855, 75.319],
            [-18.636, 75.39],
            [-18.452, 75.328],
            [-18.002, 75.407]
          ]
        ]
      }
    },
    {
      "type": "Feature",
      "properties": {},
      "geometry": {
        "type": "Polygon",
        "coordinates": [
          [
            [-29.954, 83.565],
            [-25.796, 83.261],
            [-31.992, 83.086],
            [-32.031, 82.983],
            [-29.965, 83.11],
            [-27.002, 83.067],
            [-25.123, 83.16],
            [-24.471, 82.877],
            [-22.524, 82.789],
            [-21.692, 82.683],
            [-21.519, 82.596],
            [-21.994, 82.463],
            [-23.118, 82.325],
            [-29.58, 82.16],
            [-29.886, 82.055],
            [-29.81, 81.956],
            [-29.544, 81.94],
            [-27.841, 82.049],
            [-25.148, 82.001],
            [-24.59, 81.883],
            [-24.295, 81.7],
            [-23.496, 81.773],
            [-23.179, 81.989],
            [-22.941, 82.03],
            [-21.339, 82.068],
            [-21.13, 81.935],
            [-21.145, 81.695],
            [-21.505, 81.438],
            [-23.071, 80.926],
            [-23.197, 80.848],
            [-23.204, 80.789],
            [-23.118, 80.779],
            [-22.826, 80.912],
            [-20.889, 81.277],
            [-19.629, 81.64],
            [-19.226, 81.64],
            [-19.154, 81.513],
            [-17.455, 81.398],
            [-16.267, 81.754],
            [-15.45, 81.838],
            [-13.704, 81.789],
            [-12.433, 81.683],
            [-11.425, 81.48],
            [-13.128, 81.088],
            [-14.452, 80.994],
            [-14.488, 80.973],
            [-14.229, 80.871],
            [-14.503, 80.763],
            [-16.76, 80.574],
            [-15.936, 80.428],
            [-16.49, 80.253],
            [-18.07, 80.173],
            [-19.428, 80.258],
            [-20.151, 80.011],
            [-20.18, 79.859],
            [-20.068, 79.773],
            [-19.352, 79.734],
            [-19.284, 79.683],
            [-19.413, 79.348],
            [-19.154, 79.326],
            [-19.01, 79.251],
            [-18.992, 79.178],
            [-19.723, 79.065],
            [-20.05, 78.841],
            [-20.616, 78.805],
            [-21.134, 78.659],
            [-20.954, 78.555],
            [-21.195, 78.379],
            [-21.397, 78.074],
            [-21.746, 77.791],
            [-21.728, 77.709],
            [-21.58, 77.652],
            [-21.379, 77.697],
            [-21.13, 77.846],
            [-20.864, 77.912],
            [-19.489, 77.718],
            [-19.294, 77.586],
            [-19.467, 77.565],
            [-20.162, 77.69],
            [-20.68, 77.619],
            [-20.464, 77.447],
            [-20.23, 77.369],
            [-19.302, 77.222],
            [-18.902, 77.281],
            [-18.441, 77.26],
            [-18.294, 77.133],
            [-18.337, 76.921],
            [-18.607, 76.763],
            [-19.863, 76.914],
            [-20.486, 76.921],
            [-20.943, 76.886],
            [-21.616, 76.689],
            [-22.333, 76.794],
            [-22.606, 76.68],
            [-21.876, 76.574],
            [-21.757, 76.4],
            [-21.487, 76.272],
            [-20.886, 76.303],
            [-20.104, 76.22],
            [-19.863, 76.121],
            [-19.957, 75.996],
            [-19.51, 75.758],
            [-19.399, 75.494],
            [-19.374, 75.298],
            [-19.525, 75.18],
            [-19.798, 75.157],
            [-20.198, 75.308],
            [-20.486, 75.314],
            [-20.907, 75.157],
            [-21.649, 75.024],
            [-22.232, 75.119],
            [-21.696, 74.965],
            [-20.986, 75.074],
            [-20.785, 74.892],
            [-20.796, 74.807],
            [-21.037, 74.654],
            [-20.86, 74.637],
            [-20.612, 74.729],
            [-20.418, 74.975],
            [-20.216, 75.019],
            [-19.986, 74.975],
            [-19.539, 74.624],
            [-19.287, 74.546],
            [-19.226, 74.479],
            [-19.273, 74.343],
            [-19.647, 74.258],
            [-20.256, 74.282],
            [-20.23, 74.204],
            [-21.13, 74.111],
            [-21.955, 74.244],
            [-21.76, 74.482],
            [-21.984, 74.567],
            [-21.919, 74.439],
            [-21.973, 74.39],
            [-22.333, 74.286],
            [-22.196, 74.206],
            [-22.336, 74.064],
            [-22.135, 73.991],
            [-20.367, 73.848],
            [-20.511, 73.493],
            [-20.637, 73.463],
            [-21.548, 73.432],
            [-22.347, 73.269],
            [-23.233, 73.397],
            [-23.762, 73.543],
            [-24.158, 73.765],
            [-24.45, 73.628],
            [-24.676, 73.602],
            [-25.522, 73.852],
            [-24.777, 73.539],
            [-25.666, 73.293],
            [-26.062, 73.253],
            [-27.272, 73.437],
            [-26.541, 73.25],
            [-26.728, 73.171],
            [-27.56, 73.138],
            [-27.348, 73.067],
            [-27.189, 73.133],
            [-26.754, 73.121],
            [-25.4, 73.276],
            [-25.058, 73.397],
            [-24.133, 73.409],
            [-23.899, 73.399],
            [-22.995, 73.171],
            [-22.851, 73.085],
            [-22.038, 72.918],
            [-22.005, 72.635],
            [-22.074, 72.399],
            [-22.279, 72.345],
            [-22.239, 72.22],
            [-22.293, 72.119],
            [-24.068, 72.498],
            [-24.36, 72.687],
            [-24.63, 73.038],
            [-26.656, 72.717],
            [-26.394, 72.673],
            [-24.813, 72.902],
            [-24.651, 72.583],
            [-24.702, 72.507],
            [-25.202, 72.394],
            [-25.119, 72.347],
            [-24.572, 72.42],
            [-22.498, 71.915],
            [-22.369, 71.77],
            [-21.958, 71.744],
            [-22.466, 71.526],
            [-22.48, 71.383],
            [-22.419, 71.248],
            [-22.3, 71.432],
            [-21.962, 71.508],
            [-21.753, 71.479],
            [-21.67, 71.206],
            [-21.674, 70.856],
            [-21.523, 70.526],
            [-21.944, 70.444],
            [-22.383, 70.462],
            [-22.437, 70.861],
            [-22.527, 70.807],
            [-22.61, 70.493],
            [-22.689, 70.437],
            [-23.326, 70.451],
            [-23.971, 70.649],
            [-24.23, 70.923],
            [-24.266, 71.047],
            [-24.561, 71.224],
            [-25.886, 71.573],
            [-27.088, 71.626],
            [-27.164, 71.602],
            [-27.106, 71.533],
            [-25.843, 71.481],
            [-25.756, 71.441],
            [-25.666, 71.265],
            [-25.742, 71.184],
            [-26.156, 71.05],
            [-26.718, 70.951],
            [-28.399, 70.993],
            [-27.992, 70.896],
            [-27.978, 70.84],
            [-28.147, 70.656],
            [-29.072, 70.444],
            [-28.539, 70.477],
            [-27.596, 70.406],
            [-26.746, 70.475],
            [-26.509, 70.397],
            [-27.33, 70.217],
            [-27.56, 70.125],
            [-27.628, 70.028],
            [-27.384, 69.991],
            [-27.027, 70.201],
            [-26.156, 70.246],
            [-25.53, 70.354],
            [-23.668, 70.139],
            [-22.207, 70.107],
            [-22.434, 69.986],
            [-23.089, 69.883],
            [-23.049, 69.793],
            [-23.866, 69.736],
            [-23.708, 69.627],
            [-23.74, 69.588],
            [-24.298, 69.585],
            [-24.219, 69.479],
            [-24.295, 69.439],
            [-25.188, 69.26],
            [-25.094, 69.165],
            [-25.544, 69.045],
            [-25.699, 68.89],
            [-26.484, 68.675],
            [-29.248, 68.298],
            [-29.868, 68.312],
            [-30.195, 68.2],
            [-30.721, 68.252],
            [-30.609, 68.118],
            [-30.98, 68.061],
            [-31.419, 68.128],
            [-32.327, 68.437],
            [-32.179, 68.257],
            [-32.366, 68.213],
            [-32.157, 68.062],
            [-32.165, 67.991],
            [-33.158, 67.627],
            [-33.504, 67.377],
            [-33.529, 67.259],
            [-34.101, 66.726],
            [-34.271, 66.625],
            [-34.422, 66.63],
            [-34.634, 66.434],
            [-35.189, 66.25],
            [-35.412, 66.262],
            [-35.869, 66.441],
            [-35.631, 66.141],
            [-36.38, 65.832],
            [-36.387, 65.96],
            [-36.528, 66.007],
            [-36.665, 65.79],
            [-36.931, 65.783],
            [-37.064, 65.872],
            [-37.316, 65.79],
            [-37.41, 65.656],
            [-37.755, 65.594],
            [-37.953, 65.634],
            [-38, 65.71],
            [-37.799, 65.858],
            [-37.788, 65.977],
            [-37.28, 66.304],
            [-38.155, 66.385],
            [-37.752, 66.262],
            [-37.968, 66.141],
            [-38.141, 65.903],
            [-38.519, 66.01],
            [-38.216, 65.839],
            [-38.202, 65.712],
            [-38.637, 65.625],
            [-40.175, 65.556],
            [-39.577, 65.34],
            [-40.027, 65.102],
            [-40.254, 65.049],
            [-40.668, 65.109],
            [-41.085, 65.101],
            [-41.089, 65.035],
            [-40.967, 64.868],
            [-40.657, 64.915],
            [-40.182, 64.479],
            [-40.477, 64.344],
            [-40.7, 64.33],
            [-40.686, 64.267],
            [-40.783, 64.222],
            [-41.582, 64.299],
            [-41.031, 64.122],
            [-40.617, 64.132],
            [-40.653, 63.927],
            [-40.549, 63.726],
            [-40.772, 63.627],
            [-40.776, 63.533],
            [-41.049, 63.514],
            [-41.057, 63.412],
            [-41.154, 63.349],
            [-41.107, 63.274],
            [-41.388, 63.063],
            [-41.845, 63.07],
            [-42.176, 63.209],
            [-42.093, 63.117],
            [-41.636, 62.972],
            [-41.91, 62.736],
            [-42.943, 62.721],
            [-42.155, 62.568],
            [-42.245, 62.466],
            [-42.198, 62.398],
            [-42.32, 62.153],
            [-42.144, 62.014],
            [-42.111, 61.858],
            [-42.248, 61.771],
            [-42.587, 61.717],
            [-42.324, 61.683],
            [-42.644, 61.065],
            [-42.716, 60.768],
            [-43.044, 60.523],
            [-43.922, 60.596],
            [-43.832, 60.521],
            [-43.213, 60.391],
            [-43.155, 60.334],
            [-43.123, 60.061],
            [-43.321, 59.927],
            [-43.955, 60.025],
            [-43.659, 59.858],
            [-43.908, 59.815],
            [-44.117, 59.832],
            [-44.066, 59.924],
            [-44.412, 59.922],
            [-44.455, 60.014],
            [-44.232, 60.181],
            [-44.178, 60.245],
            [-44.225, 60.273],
            [-44.613, 60.016],
            [-45.38, 60.203],
            [-45.369, 60.374],
            [-44.973, 60.457],
            [-44.757, 60.665],
            [-45.081, 60.507],
            [-45.38, 60.445],
            [-46.046, 60.615],
            [-46.143, 60.776],
            [-45.881, 61.094],
            [-45.87, 61.219],
            [-46.01, 61.098],
            [-46.583, 60.962],
            [-46.874, 60.816],
            [-47.796, 60.828],
            [-47.731, 60.729],
            [-47.828, 60.724],
            [-48.181, 60.769],
            [-48.242, 60.808],
            [-48.206, 60.856],
            [-47.771, 60.999],
            [-48.386, 61.006],
            [-48.429, 61.188],
            [-48.923, 61.278],
            [-49.049, 61.525],
            [-49.29, 61.591],
            [-49.193, 61.686],
            [-49.311, 61.749],
            [-49.38, 61.891],
            [-48.829, 62.08],
            [-49.121, 62.113],
            [-49.347, 62.011],
            [-49.625, 61.999],
            [-49.668, 62.151],
            [-49.553, 62.233],
            [-50.32, 62.472],
            [-50.258, 62.578],
            [-50.298, 62.722],
            [-49.794, 63.045],
            [-50.093, 62.978],
            [-50.392, 62.821],
            [-51.468, 63.643],
            [-51.54, 63.759],
            [-51.45, 63.905],
            [-51.547, 64.005],
            [-50.262, 64.214],
            [-50.485, 64.208],
            [-50.438, 64.313],
            [-51.544, 64.097],
            [-51.709, 64.205],
            [-51.23, 64.561],
            [-50.834, 64.559],
            [-50.849, 64.644],
            [-50.683, 64.679],
            [-50.356, 64.682],
            [-50.158, 64.49],
            [-50.01, 64.448],
            [-50.122, 64.703],
            [-50.298, 64.778],
            [-50.518, 64.766],
            [-50.96, 65.201],
            [-50.723, 64.797],
            [-50.892, 64.695],
            [-51.22, 64.629],
            [-51.14, 64.787],
            [-51.256, 64.759],
            [-51.76, 64.28],
            [-51.922, 64.219],
            [-52.094, 64.417],
            [-52.087, 64.682],
            [-52.26, 65.155],
            [-52.447, 65.205],
            [-52.537, 65.328],
            [-51.619, 65.714],
            [-51.094, 65.776],
            [-51.724, 65.724],
            [-52.35, 65.462],
            [-52.552, 65.462],
            [-52.76, 65.59],
            [-53.2, 65.594],
            [-53.236, 65.771],
            [-53.106, 65.977],
            [-53.39, 66.049],
            [-52.055, 66.507],
            [-51.227, 66.882],
            [-53.038, 66.201],
            [-53.614, 66.155],
            [-53.635, 66.413],
            [-53.419, 66.649],
            [-53.038, 66.826],
            [-52.386, 66.882],
            [-53.444, 66.925],
            [-53.686, 66.986],
            [-53.884, 67.135],
            [-53.797, 67.418],
            [-52.969, 67.687],
            [-52.512, 67.762],
            [-50.615, 67.528],
            [-51.173, 67.694],
            [-50.888, 67.783],
            [-50.968, 67.807],
            [-51.767, 67.738],
            [-52.346, 67.837],
            [-52.98, 67.759],
            [-53.419, 67.575],
            [-53.736, 67.549],
            [-53.578, 67.837],
            [-53.354, 67.97],
            [-53.153, 68.208],
            [-51.598, 68.055],
            [-51.169, 68.385],
            [-51.457, 68.394],
            [-51.634, 68.272],
            [-52.199, 68.22],
            [-52.778, 68.311],
            [-53.383, 68.297],
            [-53.041, 68.611],
            [-52.606, 68.708],
            [-52.303, 68.701],
            [-51.623, 68.535],
            [-51.133, 68.599],
            [-50.802, 68.791],
            [-51.248, 68.739],
            [-51.086, 69.128],
            [-50.298, 69.17],
            [-50.536, 69.248],
            [-51.076, 69.21],
            [-50.892, 69.411],
            [-50.806, 69.663],
            [-50.348, 69.797],
            [-50.5, 69.936],
            [-50.323, 70.028],
            [-50.802, 70.003],
            [-51.104, 70.057],
            [-51.5, 69.988],
            [-52.256, 70.059],
            [-53.023, 70.302],
            [-54.013, 70.422],
            [-54.532, 70.699],
            [-54.164, 70.821],
            [-52.804, 70.751],
            [-51.526, 70.439],
            [-50.946, 70.364],
            [-50.683, 70.397],
            [-51.324, 70.588],
            [-51.256, 70.852],
            [-51.774, 71.01],
            [-51.018, 71.001],
            [-51.378, 71.119],
            [-53.009, 71.18],
            [-53.117, 71.312],
            [-52.75, 71.501],
            [-51.968, 71.599],
            [-51.778, 71.684],
            [-52.195, 71.63],
            [-52.656, 71.672],
            [-53.167, 71.536],
            [-53.441, 71.58],
            [-53.477, 71.64],
            [-53.146, 71.807],
            [-53.333, 71.79],
            [-53.419, 72],
            [-53.812, 72.293],
            [-53.653, 72.362],
            [-53.927, 72.319],
            [-53.794, 72.133],
            [-53.513, 71.977],
            [-53.477, 71.85],
            [-53.779, 71.678],
            [-54.02, 71.658],
            [-53.912, 71.526],
            [-53.963, 71.46],
            [-54.82, 71.375],
            [-55.338, 71.427],
            [-55.594, 71.553],
            [-55.669, 71.692],
            [-55.55, 71.769],
            [-55.316, 72.111],
            [-54.841, 72.38],
            [-55.32, 72.199],
            [-55.583, 72.178],
            [-55.658, 72.222],
            [-55.637, 72.3],
            [-55.295, 72.354],
            [-55.601, 72.453],
            [-54.924, 72.573],
            [-54.74, 72.701],
            [-54.737, 72.873],
            [-55.072, 73.015],
            [-55.288, 72.934],
            [-55.669, 73.008],
            [-55.694, 73.112],
            [-55.36, 73.203],
            [-55.288, 73.328],
            [-55.446, 73.461],
            [-55.738, 73.383],
            [-55.874, 73.505],
            [-56.105, 73.559],
            [-55.968, 73.76],
            [-55.838, 73.76],
            [-56.227, 74.13],
            [-56.494, 74.182],
            [-57.232, 74.125],
            [-56.706, 74.22],
            [-56.638, 74.279],
            [-56.717, 74.43],
            [-56.256, 74.527],
            [-56.872, 74.696],
            [-57.192, 74.894],
            [-57.815, 75.039],
            [-58.178, 75.248],
            [-58.567, 75.354],
            [-58.603, 75.385],
            [-58.25, 75.506],
            [-58.517, 75.689],
            [-61.188, 76.157],
            [-62.743, 76.253],
            [-63.29, 76.352],
            [-63.845, 76.216],
            [-64.306, 76.317],
            [-65.371, 76.131],
            [-65.954, 76.242],
            [-66.466, 76.14],
            [-66.872, 76.218],
            [-67.078, 76.196],
            [-66.674, 75.977],
            [-66.826, 75.968],
            [-68.316, 76.091],
            [-69.482, 76.399],
            [-68.863, 76.562],
            [-68.114, 76.65],
            [-69.252, 76.687],
            [-69.673, 76.735],
            [-69.889, 76.827],
            [-69.695, 76.989],
            [-70.44, 76.807],
            [-70.613, 76.822],
            [-70.793, 76.869],
            [-70.735, 76.928],
            [-71.157, 77.074],
            [-70.602, 77.194],
            [-68.978, 77.195],
            [-68.593, 77.343],
            [-68.136, 77.38],
            [-66.937, 77.364],
            [-66.39, 77.281],
            [-66.455, 77.393],
            [-66.268, 77.515],
            [-66.444, 77.616],
            [-66.822, 77.687],
            [-67.69, 77.524],
            [-68.622, 77.602],
            [-68.975, 77.492],
            [-69.353, 77.466],
            [-69.976, 77.548],
            [-70.12, 77.584],
            [-70.127, 77.638],
            [-70.563, 77.718],
            [-70.116, 77.841],
            [-71.272, 77.814],
            [-72.157, 77.958],
            [-72.82, 78.194],
            [-72.582, 78.279],
            [-72.715, 78.362],
            [-72.474, 78.482],
            [-71.65, 78.622],
            [-70.905, 78.638],
            [-68.993, 78.857],
            [-68.924, 78.881],
            [-69.029, 78.944],
            [-68.377, 79.037],
            [-67.355, 79.124],
            [-66.077, 79.119],
            [-65.825, 79.175],
            [-65.288, 79.437],
            [-64.792, 80.001],
            [-64.18, 80.1],
            [-64.439, 80.141],
            [-65.81, 80.023],
            [-66.844, 80.076],
            [-67.142, 80.166],
            [-67.193, 80.28],
            [-66.995, 80.412],
            [-66.61, 80.53],
            [-65.645, 80.685],
            [-64.514, 81.001],
            [-63.722, 81.058],
            [-63.06, 80.886],
            [-63.236, 81.084],
            [-63.211, 81.143],
            [-62.992, 81.207],
            [-61.436, 81.133],
            [-61.163, 81.282],
            [-61.102, 81.397],
            [-61.235, 81.695],
            [-61.202, 81.747],
            [-60.432, 81.921],
            [-59.284, 81.884],
            [-56.616, 81.364],
            [-58.816, 81.921],
            [-59.269, 81.982],
            [-58.718, 82.093],
            [-55.55, 82.246],
            [-54.55, 82.351],
            [-53.988, 82.279],
            [-53.671, 82.164],
            [-53.581, 82.062],
            [-53.556, 81.654],
            [-53.041, 81.871],
            [-52.926, 82.039],
            [-53.102, 82.119],
            [-53.11, 82.251],
            [-53.023, 82.322],
            [-52.775, 82.322],
            [-50.896, 81.895],
            [-49.542, 81.917],
            [-50.712, 82.237],
            [-50.989, 82.461],
            [-50.039, 82.473],
            [-48.861, 82.405],
            [-44.729, 81.78],
            [-44.531, 81.85],
            [-44.639, 82.105],
            [-44.549, 82.259],
            [-44.239, 82.369],
            [-44.325, 82.471],
            [-45.557, 82.747],
            [-42.651, 82.742],
            [-41.877, 82.68],
            [-41.359, 82.706],
            [-41.37, 82.751],
            [-44.761, 82.884],
            [-46.136, 82.858],
            [-46.478, 82.952],
            [-46.169, 83.063],
            [-45.416, 83.018],
            [-43.008, 83.265],
            [-41.301, 83.101],
            [-40.358, 83.332],
            [-38.933, 83.176],
            [-38.155, 82.999],
            [-37.935, 83.16],
            [-38.54, 83.258],
            [-38.749, 83.37],
            [-38.072, 83.412],
            [-37.723, 83.497],
            [-36.805, 83.466],
            [-36.607, 83.537],
            [-33.839, 83.53],
            [-32.985, 83.6],
            [-29.954, 83.565]
          ]
        ]
      }
    },
    {
      "type": "Feature",
      "properties": {},
      "geometry": {
        "type": "Polygon",
        "coordinates": [
          [
            [180, -84.352],
            [180, -84.352],
            [180, -84.546],
            [-168.667, -84.683],
            [-168.048, -84.728],
            [-167.493, -84.834],
            [-166.91, -84.819],
            [-163.465, -84.9],
            [-162.932, -84.9],
            [-160.823, -84.987],
            [-157.129, -85.185],
            [-156.809, -85.192],
            [-156.459, -85.187],
            [-156.643, -85.079],
            [-156.989, -84.982],
            [-157.453, -84.913],
            [-157.151, -84.892],
            [-156.488, -84.89],
            [-156.621, -84.84],
            [-156.985, -84.812],
            [-158.303, -84.779],
            [-163.569, -84.529],
            [-163.685, -84.513],
            [-163.76, -84.492],
            [-163.897, -84.47],
            [-164.113, -84.446],
            [-164.916, -84.432],
            [-165.135, -84.409],
            [-165.24, -84.381],
            [-165.186, -84.369],
            [-165.125, -84.374],
            [-163.901, -84.352],
            [-163.764, -84.324],
            [-163.757, -84.305],
            [-163.821, -84.291],
            [-164.034, -84.274],
            [-164.527, -84.19],
            [-164.685, -84.154],
            [-164.603, -84.097],
            [-164.502, -84.072],
            [-164.124, -84.053],
            [-164.012, -84.015],
            [-164.084, -83.946],
            [-164.952, -83.807],
            [-165.535, -83.756],
            [-165.92, -83.791],
            [-166.651, -83.793],
            [-167.555, -83.81],
            [-167.799, -83.791],
            [-168.051, -83.735],
            [-168.347, -83.637],
            [-168.498, -83.611],
            [-168.786, -83.529],
            [-169.167, -83.449],
            [180, -83.261],
            [180, -82.946],
            [-169.441, -83.097],
            [-169.016, -83.15],
            [-168.789, -83.189],
            [-168.602, -83.201],
            [-168.419, -83.229],
            [-168.192, -83.213],
            [-168.055, -83.227],
            [-167.724, -83.218],
            [-166.215, -83.201],
            [-165.618, -83.215],
            [-164.916, -83.289],
            [-164.646, -83.413],
            [-164.444, -83.468],
            [-164.059, -83.425],
            [-163.735, -83.373],
            [-163.112, -83.329],
            [-162.911, -83.347],
            [-162.576, -83.411],
            [-162.198, -83.518],
            [-160.596, -83.489],
            [-159.923, -83.494],
            [-159.444, -83.543],
            [-157.698, -83.381],
            [-157.428, -83.347],
            [-157.028, -83.234],
            [-157.356, -83.199],
            [-157.59, -83.187],
            [-157.68, -83.13],
            [-157.521, -83.107],
            [-157.017, -83.076],
            [-156.038, -83.027],
            [-155.459, -82.98],
            [-155.149, -82.859],
            [-153.821, -82.67],
            [-153.399, -82.586],
            [-153.011, -82.449],
            [-153.882, -82.177],
            [-154.717, -81.94],
            [-154.451, -81.868],
            [-154.188, -81.81],
            [-154.062, -81.765],
            [-153.957, -81.701],
            [-154.231, -81.623],
            [-154.487, -81.565],
            [-154.908, -81.51],
            [-156.492, -81.376],
            [-157.032, -81.319],
            [-156.816, -81.23],
            [-156.528, -81.163],
            [-155.919, -81.133],
            [-152.035, -81.029],
            [-148.122, -80.901],
            [-148.024, -80.836],
            [-148.543, -80.76],
            [-148.986, -80.741],
            [-149.148, -80.718],
            [-149.209, -80.67],
            [-149.212, -80.604],
            [-149.263, -80.593],
            [-149.428, -80.586],
            [-150.134, -80.51],
            [-150.282, -80.48],
            [-150.516, -80.409],
            [-150.577, -80.354],
            [-150.437, -80.211],
            [-150.221, -80.151],
            [-149.846, -80.118],
            [-149.576, -80.106],
            [-148.766, -80.107],
            [-148.449, -80.09],
            [-148.316, -80.071],
            [-148.341, -80.003],
            [-148.431, -79.972],
            [-148.435, -79.93],
            [-148.298, -79.906],
            [-148.129, -79.908],
            [-148.082, -79.857],
            [-148.176, -79.776],
            [-148.417, -79.732],
            [-149.05, -79.658],
            [-150.491, -79.545],
            [-151.049, -79.46],
            [-151.369, -79.394],
            [-151.635, -79.317],
            [-151.905, -79.281],
            [-152.093, -79.241],
            [-152.053, -79.192],
            [-152.139, -79.116],
            [-152.244, -79.102],
            [-152.701, -79.135],
            [-153.518, -79.118],
            [-154.519, -79.047],
            [-155.21, -78.965],
            [-156.114, -78.744],
            [-156.47, -78.635],
            [-156.207, -78.559],
            [-155.919, -78.51],
            [-154.717, -78.397],
            [-154.537, -78.359],
            [-154.292, -78.258],
            [-154.695, -78.217],
            [-155.037, -78.22],
            [-155.34, -78.192],
            [-156.571, -78.185],
            [-157.266, -78.199],
            [-157.849, -78.074],
            [-158.285, -77.951],
            [-158.407, -77.889],
            [-158.501, -77.778],
            [-158.353, -77.614],
            [-158.231, -77.498],
            [-158.245, -77.354],
            [-158.213, -77.158],
            [-158.004, -77.092],
            [-157.842, -77.08],
            [-157.464, -77.231],
            [-157.14, -77.243],
            [-156.668, -77.213],
            [-156.369, -77.135],
            [-156.211, -77.106],
            [-155.919, -77.099],
            [-155.358, -77.133],
            [-155.102, -77.12],
            [-154.814, -77.127],
            [-153.911, -77.227],
            [-153.713, -77.274],
            [-153.605, -77.311],
            [-153.572, -77.363],
            [-153.461, -77.416],
            [-153.075, -77.442],
            [-151.999, -77.413],
            [-151.718, -77.425],
            [-150.955, -77.573],
            [-150.307, -77.731],
            [-150.084, -77.771],
            [-149.716, -77.797],
            [-149.587, -77.774],
            [-149.475, -77.715],
            [-149.126, -77.642],
            [-148.341, -77.552],
            [-148.154, -77.462],
            [-148.258, -77.413],
            [-148.561, -77.361],
            [-148.744, -77.344],
            [-148.845, -77.285],
            [-148.838, -77.203],
            [-148.777, -77.125],
            [-148.572, -77.106],
            [-148.197, -77.212],
            [-147.729, -77.311],
            [-147.567, -77.324],
            [-147.441, -77.321],
            [-147.207, -77.286],
            [-146.926, -77.26],
            [-146.39, -77.472],
            [-146.073, -77.486],
            [-145.677, -77.488],
            [-145.602, -77.455],
            [-145.648, -77.399],
            [-145.713, -77.338],
            [-145.796, -77.33],
            [-145.807, -77.274],
            [-145.634, -77.222],
            [-145.515, -77.199],
            [-145.562, -77.161],
            [-145.753, -77.104],
            [-145.864, -77.094],
            [-145.965, -77.069],
            [-145.933, -77.029],
            [-145.807, -77.012],
            [-145.63, -76.953],
            [-145.684, -76.885],
            [-145.677, -76.797],
            [-145.749, -76.75],
            [-146.167, -76.658],
            [-146.775, -76.507],
            [-147.34, -76.439],
            [-148.6, -76.493],
            [-149.047, -76.458],
            [-149.338, -76.418],
            [-149.655, -76.366],
            [-149.284, -76.311],
            [-148.896, -76.272],
            [-148.78, -76.238],
            [-148.633, -76.168],
            [-148.46, -76.118],
            [-148.32, -76.104],
            [-147.859, -76.13],
            [-146.818, -76.318],
            [-146.599, -76.338],
            [-145.886, -76.423],
            [-145.688, -76.429],
            [-145.443, -76.41],
            [-145.641, -76.326],
            [-145.861, -76.267],
            [-146.383, -76.101],
            [-146.325, -76.021],
            [-145.987, -75.889],
            [-145.105, -75.878],
            [-144.72, -75.831],
            [-144.219, -75.731],
            [-143.575, -75.564],
            [-143.02, -75.543],
            [-142.329, -75.491],
            [-142.095, -75.529],
            [-141.505, -75.691],
            [-141.134, -75.746],
            [-141.008, -75.752],
            [-140.875, -75.746],
            [-141.224, -75.545],
            [-140.997, -75.521],
            [-140.709, -75.498],
            [-140.472, -75.448],
            [-140.295, -75.406],
            [-139.69, -75.213],
            [-139.15, -75.16],
            [-137.617, -75.076],
            [-137.091, -75.153],
            [-136.648, -75.161],
            [-136.551, -75.139],
            [-136.461, -75.036],
            [-136.227, -74.837],
            [-136.029, -74.766],
            [-135.363, -74.691],
            [-134.841, -74.694],
            [-134.467, -74.776],
            [-134.118, -74.83],
            [-133.797, -74.854],
            [-133.473, -74.852],
            [-132.991, -74.805],
            [-132.35, -74.79],
            [-132.051, -74.766],
            [-131.706, -74.811],
            [-130.856, -74.826],
            [-130.197, -74.891],
            [-129.79, -74.891],
            [-129.239, -74.828],
            [-128.941, -74.819],
            [-127.864, -74.719],
            [-127.022, -74.698],
            [-126.385, -74.743],
            [-125.355, -74.715],
            [-124.311, -74.736],
            [-123.89, -74.773],
            [-121.543, -74.75],
            [-119.678, -74.654],
            [-119.422, -74.621],
            [-119.023, -74.517],
            [-118.803, -74.422],
            [-118.655, -74.392],
            [-118.342, -74.382],
            [-117.806, -74.403],
            [-117.068, -74.474],
            [-116.434, -74.448],
            [-115.221, -74.488],
            [-115.106, -74.455],
            [-114.991, -74.274],
            [-114.793, -73.988],
            [-114.623, -73.903],
            [-114.346, -73.925],
            [-113.507, -74.089],
            [-113.489, -74.158],
            [-113.576, -74.208],
            [-113.713, -74.227],
            [-113.752, -74.366],
            [-113.641, -74.406],
            [-113.453, -74.394],
            [-113.335, -74.455],
            [-113.597, -74.559],
            [-113.785, -74.618],
            [-113.903, -74.644],
            [-113.986, -74.844],
            [-114.098, -74.91],
            [-114.112, -74.983],
            [-113.932, -74.983],
            [-113.752, -74.951],
            [-113.594, -74.944],
            [-113.09, -74.892],
            [-112.172, -74.832],
            [-111.869, -74.802],
            [-111.697, -74.792],
            [-111.585, -74.752],
            [-111.74, -74.653],
            [-111.79, -74.571],
            [-111.697, -74.503],
            [-111.722, -74.387],
            [-111.808, -74.269],
            [-111.632, -74.182],
            [-111.466, -74.201],
            [-111.182, -74.187],
            [-111.02, -74.231],
            [-110.771, -74.269],
            [-110.534, -74.288],
            [-110.307, -74.366],
            [-110.231, -74.536],
            [-110.3, -74.71],
            [-110.534, -74.837],
            [-110.969, -74.951],
            [-111.463, -75.134],
            [-111.358, -75.22],
            [-111.103, -75.191],
            [-109.99, -75.2],
            [-109.274, -75.186],
            [-108.824, -75.207],
            [-108.255, -75.253],
            [-107.805, -75.321],
            [-107.268, -75.335],
            [-106.934, -75.309],
            [-106.62, -75.344],
            [-105.4, -75.198],
            [-104.903, -75.115],
            [-104.619, -75.156],
            [-104.158, -75.121],
            [-103.902, -75.153],
            [-103.424, -75.101],
            [-103.121, -75.095],
            [-102.772, -75.116],
            [-101.706, -75.127],
            [-101.627, -75.222],
            [-101.303, -75.366],
            [-101.04, -75.422],
            [-100.706, -75.397],
            [-100.464, -75.354],
            [-100.083, -75.37],
            [-99.532, -75.309],
            [-98.981, -75.328],
            [-98.751, -75.318],
            [-98.646, -75.278],
            [-98.556, -75.189],
            [-98.726, -75.141],
            [-99.208, -75.078],
            [-99.651, -74.95],
            [-99.849, -74.922],
            [-100.166, -74.937],
            [-100.313, -74.915],
            [-100.472, -74.873],
            [-100.266, -74.823],
            [-100.014, -74.661],
            [-100.119, -74.516],
            [-100.238, -74.484],
            [-100.529, -74.49],
            [-100.882, -74.542],
            [-101.022, -74.505],
            [-101.253, -74.486],
            [-101.343, -74.351],
            [-101.588, -74.097],
            [-101.717, -74.024],
            [-102.106, -73.958],
            [-102.441, -73.925],
            [-102.765, -73.884],
            [-102.862, -73.783],
            [-102.801, -73.646],
            [-102.412, -73.616],
            [-102.038, -73.63],
            [-101.829, -73.656],
            [-101.588, -73.667],
            [-101.31, -73.694],
            [-101.13, -73.734],
            [-100.986, -73.757],
            [-100.716, -73.757],
            [-99.78, -73.72],
            [-99.654, -73.694],
            [-99.543, -73.646],
            [-99.345, -73.634],
            [-99.161, -73.641],
            [-98.895, -73.611],
            [-99.201, -73.571],
            [-99.528, -73.495],
            [-100.022, -73.403],
            [-100.436, -73.352],
            [-101.188, -73.318],
            [-101.573, -73.33],
            [-101.814, -73.311],
            [-102.675, -73.321],
            [-102.909, -73.285],
            [-103.074, -73.184],
            [-103.308, -72.945],
            [-103.373, -72.82],
            [-103.215, -72.773],
            [-103.11, -72.721],
            [-102.855, -72.715],
            [-102.484, -72.736],
            [-102.362, -72.76],
            [-102.272, -72.835],
            [-102.362, -72.912],
            [-102.48, -72.951],
            [-102.408, -72.988],
            [-102.03, -72.998],
            [-101.843, -73.021],
            [-101.681, -73.03],
            [-101.332, -72.995],
            [-100.821, -72.981],
            [-100.565, -73.016],
            [-100.259, -73.042],
            [-99.809, -73],
            [-98.207, -73.023],
            [-98.013, -73.033],
            [-97.818, -73.102],
            [-97.653, -73.144],
            [-97.476, -73.127],
            [-96.954, -73.207],
            [-96.677, -73.269],
            [-96.393, -73.3],
            [-96.152, -73.309],
            [-95.882, -73.293],
            [-95.529, -73.241],
            [-95.237, -73.221],
            [-95.028, -73.24],
            [-94.586, -73.25],
            [-94.247, -73.313],
            [-93.984, -73.286],
            [-93.707, -73.215],
            [-92.829, -73.165],
            [-92.242, -73.179],
            [-91.169, -73.307],
            [-90.921, -73.319],
            [-90.431, -73.243],
            [-90.273, -73.118],
            [-90.294, -72.977],
            [-90.154, -72.945],
            [-90.035, -72.96],
            [-89.819, -72.863],
            [-89.524, -72.872],
            [-89.34, -72.889],
            [-89.229, -72.826],
            [-89.128, -72.693],
            [-88.779, -72.682],
            [-88.527, -72.703],
            [-88.195, -72.788],
            [-88.195, -72.859],
            [-88.332, -72.934],
            [-88.559, -73.12],
            [-88.419, -73.229],
            [-88.206, -73.219],
            [-87.936, -73.241],
            [-87.609, -73.194],
            [-87.4, -73.193],
            [-87.036, -73.354],
            [-86.791, -73.363],
            [-86.601, -73.354],
            [-85.981, -73.208],
            [-85.801, -73.193],
            [-85.582, -73.259],
            [-85.261, -73.413],
            [-84.981, -73.502],
            [-84.57, -73.557],
            [-84.214, -73.573],
            [-83.796, -73.646],
            [-83.566, -73.707],
            [-83.04, -73.707],
            [-82.817, -73.733],
            [-82.183, -73.858],
            [-81.607, -73.795],
            [-81.309, -73.738],
            [-81.165, -73.632],
            [-81.237, -73.474],
            [-81.262, -73.314],
            [-81.175, -73.248],
            [-81.024, -73.236],
            [-80.337, -73.415],
            [-80.38, -73.307],
            [-80.437, -73.226],
            [-80.614, -73.083],
            [-80.589, -72.977],
            [-80.441, -72.945],
            [-80.153, -73],
            [-79.807, -73.028],
            [-79.523, -73.09],
            [-78.965, -73.313],
            [-78.785, -73.507],
            [-78.407, -73.556],
            [-78.144, -73.547],
            [-77.845, -73.516],
            [-77.446, -73.488],
            [-77.136, -73.497],
            [-76.852, -73.46],
            [-76.765, -73.566],
            [-77.032, -73.719],
            [-77.136, -73.818],
            [-77.05, -73.844],
            [-76.888, -73.821],
            [-76.755, -73.79],
            [-76.29, -73.806],
            [-75.916, -73.736],
            [-75.595, -73.712],
            [-75.293, -73.639],
            [-75.045, -73.646],
            [-74.854, -73.658],
            [-74.595, -73.715],
            [-74.346, -73.684],
            [-74.199, -73.696],
            [-73.997, -73.7],
            [-72.928, -73.448],
            [-72.687, -73.453],
            [-72.381, -73.438],
            [-71.995, -73.379],
            [-71.697, -73.352],
            [-71.452, -73.354],
            [-71.016, -73.262],
            [-70.321, -73.274],
            [-69.968, -73.226],
            [-69.281, -73.17],
            [-68.82, -73.106],
            [-67.999, -72.936],
            [-67.668, -72.835],
            [-67.308, -72.611],
            [-67.081, -72.387],
            [-66.829, -72.09],
            [-66.952, -71.898],
            [-67.085, -71.813],
            [-67.196, -71.719],
            [-67.459, -71.526],
            [-67.531, -71.285],
            [-67.506, -71.057],
            [-67.6, -70.844],
            [-67.693, -70.686],
            [-67.888, -70.422],
            [-68.125, -70.25],
            [-68.402, -70.019],
            [-68.402, -69.809],
            [-68.471, -69.644],
            [-68.636, -69.526],
            [-68.708, -69.433],
            [-68.579, -69.413],
            [-68.46, -69.384],
            [-68.14, -69.348],
            [-67.373, -69.412],
            [-67.304, -69.318],
            [-67.11, -69.249],
            [-66.973, -69.162],
            [-67.02, -69.028],
            [-67.189, -68.974],
            [-67.391, -68.861],
            [-67.297, -68.771],
            [-67.135, -68.771],
            [-67.056, -68.672],
            [-67.117, -68.575],
            [-67.042, -68.453],
            [-66.894, -68.297],
            [-66.793, -68.24],
            [-66.977, -68.146],
            [-67.15, -68.025],
            [-67.106, -67.931],
            [-67.02, -67.832],
            [-66.916, -67.693],
            [-66.772, -67.594],
            [-66.678, -67.559],
            [-66.703, -67.526],
            [-66.923, -67.492],
            [-67.124, -67.485],
            [-67.488, -67.547],
            [-67.546, -67.535],
            [-67.564, -67.502],
            [-67.585, -67.434],
            [-67.549, -67.27],
            [-67.492, -67.113],
            [-67.441, -67.091],
            [-67.297, -67.072],
            [-67.16, -66.952],
            [-67.034, -66.945],
            [-66.955, -66.985],
            [-66.93, -67.143],
            [-66.887, -67.179],
            [-66.901, -67.256],
            [-66.836, -67.282],
            [-66.757, -67.233],
            [-66.61, -67.209],
            [-66.552, -67.263],
            [-66.498, -67.289],
            [-66.473, -67.243],
            [-66.491, -67.115],
            [-66.516, -67.063],
            [-66.534, -66.98],
            [-66.502, -66.94],
            [-66.466, -66.875],
            [-66.527, -66.74],
            [-66.505, -66.69],
            [-66.372, -66.608],
            [-66.307, -66.592],
            [-66.181, -66.592],
            [-65.954, -66.646],
            [-65.846, -66.65],
            [-65.767, -66.625],
            [-65.717, -66.573],
            [-65.677, -66.403],
            [-65.774, -66.342],
            [-65.774, -66.289],
            [-65.717, -66.254],
            [-65.616, -66.136],
            [-65.465, -66.129],
            [-65.317, -66.139],
            [-65.173, -66.117],
            [-65.224, -66.068],
            [-65.267, -65.994],
            [-65.105, -65.957],
            [-65, -65.947],
            [-64.723, -65.994],
            [-64.615, -66.02],
            [-64.514, -65.959],
            [-64.547, -65.9],
            [-64.655, -65.867],
            [-64.673, -65.815],
            [-64.648, -65.747],
            [-64.475, -65.782],
            [-64.435, -65.768],
            [-64.388, -65.709],
            [-64.417, -65.679],
            [-64.439, -65.641],
            [-64.212, -65.632],
            [-64.18, -65.617],
            [-64.133, -65.57],
            [-64.064, -65.554],
            [-63.863, -65.556],
            [-63.82, -65.532],
            [-63.798, -65.48],
            [-63.91, -65.468],
            [-64.05, -65.417],
            [-64.072, -65.278],
            [-64.039, -65.179],
            [-63.913, -65.093],
            [-63.762, -65.034],
            [-63.481, -65.086],
            [-63.265, -65.073],
            [-63.179, -65.126],
            [-63.06, -65.139],
            [-63.031, -65.08],
            [-63.085, -65.028],
            [-63.121, -64.943],
            [-62.776, -64.841],
            [-62.664, -64.858],
            [-62.527, -64.834],
            [-62.578, -64.756],
            [-62.502, -64.657],
            [-62.405, -64.643],
            [-62.336, -64.73],
            [-62.243, -64.747],
            [-62.138, -64.726],
            [-61.883, -64.626],
            [-61.757, -64.61],
            [-61.631, -64.605],
            [-61.501, -64.546],
            [-61.469, -64.476],
            [-61.397, -64.428],
            [-61.174, -64.362],
            [-61.084, -64.315],
            [-60.886, -64.15],
            [-60.922, -64.108],
            [-60.864, -64.074],
            [-60.277, -63.924],
            [-59.989, -63.91],
            [-59.51, -63.82],
            [-59.219, -63.714],
            [-59.035, -63.671],
            [-58.873, -63.553],
            [-58.675, -63.534],
            [-58.214, -63.452],
            [-57.869, -63.318],
            [-57.39, -63.226],
            [-57.167, -63.235],
            [-57.077, -63.263],
            [-57.019, -63.372],
            [-56.926, -63.506],
            [-56.782, -63.572],
            [-56.836, -63.631],
            [-56.972, -63.624],
            [-57.12, -63.638],
            [-57.152, -63.572],
            [-57.098, -63.523],
            [-57.152, -63.48],
            [-57.286, -63.49],
            [-57.462, -63.513],
            [-57.581, -63.546],
            [-57.736, -63.617],
            [-57.858, -63.657],
            [-58.265, -63.763],
            [-58.531, -63.916],
            [-58.722, -64.077],
            [-58.837, -64.186],
            [-59.006, -64.195],
            [-59.046, -64.235],
            [-58.978, -64.266],
            [-58.924, -64.28],
            [-58.798, -64.292],
            [-58.819, -64.339],
            [-58.906, -64.351],
            [-58.895, -64.389],
            [-58.805, -64.445],
            [-58.787, -64.525],
            [-58.891, -64.537],
            [-59.05, -64.452],
            [-59.23, -64.443],
            [-59.37, -64.403],
            [-59.46, -64.346],
            [-59.546, -64.358],
            [-59.611, -64.44],
            [-59.572, -64.53],
            [-59.647, -64.584],
            [-59.734, -64.56],
            [-59.766, -64.452],
            [-59.849, -64.433],
            [-59.964, -64.431],
            [-60.241, -64.547],
            [-60.342, -64.551],
            [-60.392, -64.61],
            [-60.554, -64.676],
            [-60.659, -64.73],
            [-60.914, -64.907],
            [-61.058, -64.981],
            [-61.332, -65.023],
            [-61.44, -65.018],
            [-61.505, -65.001],
            [-61.602, -64.988],
            [-61.703, -64.987],
            [-61.735, -65.034],
            [-61.577, -65.186],
            [-61.663, -65.238],
            [-61.854, -65.235],
            [-61.948, -65.192],
            [-62.023, -65.233],
            [-62.084, -65.273],
            [-62.146, -65.332],
            [-62.052, -65.457],
            [-61.904, -65.513],
            [-61.796, -65.523],
            [-61.757, -65.57],
            [-61.991, -65.589],
            [-62.149, -65.698],
            [-62.221, -65.775],
            [-62.304, -65.841],
            [-62.293, -65.917],
            [-62.171, -66.032],
            [-62.005, -66.113],
            [-61.84, -66.12],
            [-61.624, -66.094],
            [-61.573, -66.072],
            [-61.361, -66.06],
            [-61.267, -65.98],
            [-61.199, -65.974],
            [-61.138, -65.988],
            [-61.04, -65.992],
            [-60.986, -65.94],
            [-60.914, -65.921],
            [-60.814, -65.935],
            [-60.619, -65.933],
            [-60.565, -65.98],
            [-60.626, -66.032],
            [-60.745, -66.105],
            [-60.857, -66.065],
            [-60.954, -66.072],
            [-61.008, -66.11],
            [-60.904, -66.191],
            [-60.943, -66.264],
            [-61.03, -66.337],
            [-61.134, -66.29],
            [-61.148, -66.212],
            [-61.292, -66.165],
            [-61.433, -66.145],
            [-61.526, -66.226],
            [-61.674, -66.249],
            [-61.696, -66.342],
            [-61.757, -66.429],
            [-61.843, -66.403],
            [-61.876, -66.296],
            [-62.117, -66.209],
            [-62.243, -66.197],
            [-62.495, -66.219],
            [-62.581, -66.217],
            [-62.682, -66.237],
            [-62.754, -66.309],
            [-62.65, -66.363],
            [-62.614, -66.436],
            [-62.617, -66.49],
            [-62.639, -66.511],
            [-62.657, -66.556],
            [-62.542, -66.62],
            [-62.538, -66.707],
            [-62.628, -66.705],
            [-62.704, -66.679],
            [-62.995, -66.454],
            [-63.179, -66.353],
            [-63.258, -66.264],
            [-63.449, -66.244],
            [-63.586, -66.242],
            [-63.751, -66.278],
            [-63.686, -66.32],
            [-63.654, -66.382],
            [-63.755, -66.408],
            [-63.881, -66.506],
            [-63.964, -66.589],
            [-64.014, -66.606],
            [-64.079, -66.655],
            [-63.809, -66.761],
            [-63.769, -66.803],
            [-63.755, -66.874],
            [-63.841, -66.912],
            [-64.043, -66.928],
            [-64.399, -66.853],
            [-64.554, -66.851],
            [-64.608, -66.799],
            [-64.687, -66.806],
            [-64.734, -66.895],
            [-64.792, -66.973],
            [-64.878, -67.025],
            [-64.853, -67.105],
            [-64.784, -67.124],
            [-64.838, -67.157],
            [-64.95, -67.183],
            [-65.026, -67.214],
            [-64.86, -67.243],
            [-64.828, -67.27],
            [-64.82, -67.308],
            [-65.08, -67.335],
            [-65.249, -67.342],
            [-65.35, -67.311],
            [-65.443, -67.327],
            [-65.504, -67.377],
            [-65.522, -67.445],
            [-65.504, -67.528],
            [-65.472, -67.587],
            [-65.447, -67.61],
            [-65.418, -67.66],
            [-65.573, -67.789],
            [-65.591, -67.816],
            [-65.602, -67.875],
            [-65.526, -67.929],
            [-65.468, -68.009],
            [-65.551, -68.049],
            [-65.641, -68.131],
            [-65.548, -68.146],
            [-65.389, -68.15],
            [-65.216, -68.139],
            [-64.957, -68.068],
            [-64.885, -68.056],
            [-64.853, -68.084],
            [-64.831, -68.127],
            [-64.896, -68.169],
            [-65.364, -68.287],
            [-65.45, -68.337],
            [-65.332, -68.365],
            [-65.09, -68.37],
            [-64.997, -68.408],
            [-65.054, -68.45],
            [-65.141, -68.49],
            [-65.242, -68.584],
            [-65.159, -68.618],
            [-64.9, -68.674],
            [-64.428, -68.747],
            [-64.079, -68.771],
            [-64.158, -68.686],
            [-64.169, -68.582],
            [-63.924, -68.497],
            [-63.798, -68.469],
            [-63.215, -68.419],
            [-63.056, -68.42],
            [-62.934, -68.443],
            [-62.981, -68.486],
            [-63.114, -68.471],
            [-63.348, -68.499],
            [-63.708, -68.592],
            [-63.773, -68.632],
            [-63.748, -68.705],
            [-63.442, -68.764],
            [-63.344, -68.811],
            [-63.478, -68.952],
            [-63.456, -69.042],
            [-63.301, -69.141],
            [-63.096, -69.254],
            [-62.995, -69.328],
            [-62.84, -69.372],
            [-62.588, -69.478],
            [-62.452, -69.584],
            [-62.408, -69.827],
            [-62.203, -70.028],
            [-61.962, -70.12],
            [-61.933, -70.2],
            [-62.012, -70.28],
            [-62.218, -70.233],
            [-62.333, -70.28],
            [-62.376, -70.365],
            [-62.232, -70.424],
            [-62.002, -70.497],
            [-61.505, -70.49],
            [-61.49, -70.57],
            [-61.606, -70.617],
            [-61.696, -70.676],
            [-61.807, -70.709],
            [-61.994, -70.729],
            [-62.041, -70.801],
            [-61.962, -70.901],
            [-61.703, -70.856],
            [-61.512, -70.851],
            [-61.314, -70.868],
            [-61.253, -71.002],
            [-61.019, -71.167],
            [-60.961, -71.245],
            [-61.004, -71.32],
            [-61.148, -71.342],
            [-61.238, -71.401],
            [-61.368, -71.452],
            [-61.516, -71.479],
            [-61.789, -71.616],
            [-61.908, -71.63],
            [-61.958, -71.658],
            [-61.724, -71.672],
            [-61.562, -71.675],
            [-61.213, -71.564],
            [-61.08, -71.589],
            [-60.994, -71.662],
            [-60.95, -71.747],
            [-61.037, -71.82],
            [-61.645, -71.863],
            [-61.94, -71.903],
            [-62.257, -72.017],
            [-61.894, -72.071],
            [-61.627, -72.052],
            [-61.494, -72.073],
            [-61.31, -72.113],
            [-61.109, -72.092],
            [-60.95, -72.05],
            [-60.832, -72.052],
            [-60.72, -72.073],
            [-60.706, -72.144],
            [-60.691, -72.269],
            [-60.666, -72.363],
            [-60.731, -72.425],
            [-61.048, -72.471],
            [-61.278, -72.469],
            [-61.285, -72.601],
            [-60.94, -72.7],
            [-60.724, -72.648],
            [-60.533, -72.674],
            [-60.533, -72.832],
            [-60.385, -73.007],
            [-60.256, -73.017],
            [-60.148, -72.938],
            [-60.011, -72.938],
            [-59.957, -73.031],
            [-60.018, -73.189],
            [-60.122, -73.276],
            [-60.403, -73.24],
            [-60.562, -73.212],
            [-60.688, -73.271],
            [-60.896, -73.321],
            [-61.08, -73.328],
            [-61.242, -73.25],
            [-61.429, -73.191],
            [-61.728, -73.162],
            [-62.009, -73.148],
            [-61.915, -73.215],
            [-61.789, -73.255],
            [-61.739, -73.375],
            [-61.638, -73.5],
            [-61.404, -73.467],
            [-61.08, -73.538],
            [-60.878, -73.613],
            [-60.792, -73.712],
            [-60.904, -73.87],
            [-61.087, -73.929],
            [-61.202, -73.957],
            [-61.404, -73.896],
            [-61.544, -73.896],
            [-61.692, -73.924],
            [-61.742, -73.997],
            [-61.84, -74.031],
            [-61.321, -74.036],
            [-61.159, -74.056],
            [-61.04, -74.122],
            [-61.228, -74.208],
            [-61.57, -74.194],
            [-61.717, -74.227],
            [-61.843, -74.29],
            [-61.332, -74.328],
            [-61.12, -74.307],
            [-60.785, -74.241],
            [-60.706, -74.307],
            [-60.839, -74.373],
            [-61.012, -74.479],
            [-61.372, -74.512],
            [-61.642, -74.514],
            [-61.994, -74.476],
            [-62.088, -74.453],
            [-62.236, -74.441],
            [-62.225, -74.505],
            [-62.131, -74.55],
            [-61.894, -74.713],
            [-61.854, -74.776],
            [-61.93, -74.863],
            [-62.138, -74.927],
            [-62.372, -74.951],
            [-62.567, -74.896],
            [-62.707, -74.738],
            [-62.887, -74.691],
            [-63.071, -74.677],
            [-63.179, -74.684],
            [-63.168, -74.764],
            [-63.125, -74.849],
            [-63.197, -74.91],
            [-63.355, -74.878],
            [-63.56, -74.906],
            [-63.751, -74.953],
            [-63.924, -75.005],
            [-63.571, -75.029],
            [-63.337, -75.035],
            [-63.172, -75.115],
            [-63.233, -75.154],
            [-63.55, -75.172],
            [-63.859, -75.207],
            [-64.28, -75.293],
            [-63.971, -75.33],
            [-63.679, -75.328],
            [-63.474, -75.337],
            [-63.305, -75.352],
            [-63.258, -75.399],
            [-63.362, -75.451],
            [-64.054, -75.58],
            [-64.777, -75.738],
            [-65.044, -75.788],
            [-65.321, -75.816],
            [-65.965, -75.951],
            [-66.372, -76.014],
            [-67.517, -76.109],
            [-69.306, -76.351],
            [-69.914, -76.522],
            [-70.095, -76.654],
            [-70.21, -76.673],
            [-70.552, -76.719],
            [-70.894, -76.739],
            [-71.797, -76.753],
            [-72.723, -76.689],
            [-73.471, -76.675],
            [-73.878, -76.696],
            [-75.268, -76.581],
            [-75.444, -76.587],
            [-75.66, -76.607],
            [-75.833, -76.607],
            [-75.963, -76.592],
            [-76.243, -76.585],
            [-77.19, -76.63],
            [-77.287, -76.701],
            [-77.169, -76.833],
            [-76.823, -76.993],
            [-76.247, -77.274],
            [-75.937, -77.335],
            [-75.747, -77.399],
            [-75.387, -77.474],
            [-74.58, -77.477],
            [-73.479, -77.536],
            [-72.852, -77.59],
            [-72.874, -77.694],
            [-73.252, -77.894],
            [-73.486, -77.97],
            [-74.044, -78.109],
            [-74.811, -78.179],
            [-75.397, -78.158],
            [-76.438, -78.045],
            [-77.741, -77.941],
            [-79.678, -77.842],
            [-80.103, -77.797],
            [-80.603, -77.751],
            [-80.887, -77.798],
            [-81.103, -77.842],
            [-81.582, -77.845],
            [-81.442, -77.885],
            [-79.509, -78.154],
            [-77.86, -78.35],
            [-77.665, -78.401],
            [-77.431, -78.435],
            [-77.453, -78.56],
            [-77.547, -78.659],
            [-77.871, -78.746],
            [-78.713, -78.751],
            [-79.768, -78.821],
            [-80.293, -78.823],
            [-80.815, -78.755],
            [-81.928, -78.559],
            [-82.608, -78.413],
            [-83.083, -78.246],
            [-83.411, -78.114],
            [-83.778, -77.984],
            [-83.753, -78.066],
            [-83.688, -78.147],
            [-83.508, -78.248],
            [-83.245, -78.357],
            [-83.227, -78.401],
            [-83.353, -78.408],
            [-83.544, -78.356],
            [-83.706, -78.404],
            [-83.764, -78.462],
            [-83.695, -78.538],
            [-83.595, -78.611],
            [-83.26, -78.774],
            [-82.972, -78.817],
            [-82.59, -78.916],
            [-81.661, -79.1],
            [-81.503, -79.163],
            [-81.222, -79.298],
            [-81.165, -79.401],
            [-80.891, -79.501],
            [-80.704, -79.517],
            [-80.535, -79.514],
            [-80.477, -79.427],
            [-80.488, -79.321],
            [-80.416, -79.295],
            [-80.149, -79.269],
            [-79.455, -79.305],
            [-76.499, -79.326],
            [-76.218, -79.387],
            [-76.107, -79.465],
            [-76.031, -79.626],
            [-76.344, -79.821],
            [-76.557, -79.904],
            [-76.906, -79.954],
            [-77.223, -79.994],
            [-77.701, -80.01],
            [-78.691, -79.996],
            [-79.66, -79.996],
            [-78.907, -80.09],
            [-78.177, -80.166],
            [-77.161, -80.152],
            [-76.758, -80.132],
            [-76.409, -80.095],
            [-76.261, -80.159],
            [-75.984, -80.295],
            [-75.822, -80.338],
            [-75.711, -80.383],
            [-75.556, -80.531],
            [-75.495, -80.618],
            [-75.343, -80.718],
            [-75.235, -80.803],
            [-75.077, -80.861],
            [-74.807, -80.887],
            [-74.512, -80.838],
            [-73.939, -80.816],
            [-73.385, -80.894],
            [-73.029, -80.918],
            [-72.553, -80.854],
            [-72.175, -80.763],
            [-71.38, -80.682],
            [-71.232, -80.647],
            [-71.016, -80.619],
            [-70.689, -80.626],
            [-70.559, -80.647],
            [-70.393, -80.736],
            [-70.239, -80.857],
            [-70.012, -80.918],
            [-69.77, -80.961],
            [-69.634, -80.967],
            [-69.18, -81.005],
            [-68.59, -80.968],
            [-68.327, -81.005],
            [-68.284, -81.074],
            [-68.143, -81.13],
            [-67.967, -81.149],
            [-65.573, -81.461],
            [-64.748, -81.522],
            [-63.478, -81.553],
            [-62.491, -81.557],
            [-62.354, -81.576],
            [-62.164, -81.637],
            [-62.542, -81.678],
            [-62.945, -81.684],
            [-63.553, -81.668],
            [-63.769, -81.677],
            [-64.234, -81.659],
            [-64.475, -81.671],
            [-64.694, -81.652],
            [-65.022, -81.696],
            [-65.62, -81.729],
            [-65.486, -81.776],
            [-65.263, -81.786],
            [-64.81, -81.803],
            [-64.19, -81.795],
            [-64.136, -81.869],
            [-64.705, -81.887],
            [-65.915, -81.902],
            [-66.041, -81.914],
            [-66.134, -81.953],
            [-65.954, -81.972],
            [-65.843, -81.993],
            [-65.785, -82.046],
            [-65.915, -82.184],
            [-65.713, -82.279],
            [-65.573, -82.295],
            [-65.425, -82.281],
            [-65.17, -82.319],
            [-64.921, -82.371],
            [-64.396, -82.374],
            [-63.773, -82.305],
            [-63.467, -82.307],
            [-62.646, -82.263],
            [-61.901, -82.27],
            [-60.86, -82.187],
            [-60.688, -82.189],
            [-60.529, -82.199],
            [-60.817, -82.276],
            [-62.095, -82.466],
            [-62.552, -82.503],
            [-62.736, -82.527],
            [-62.632, -82.621],
            [-62.466, -82.718],
            [-62.128, -82.822],
            [-61.915, -82.977],
            [-61.71, -83.01],
            [-61.314, -82.939],
            [-61.217, -82.992],
            [-61.199, -83.098],
            [-61.303, -83.183],
            [-61.436, -83.232],
            [-61.53, -83.279],
            [-61.591, -83.341],
            [-61.426, -83.395],
            [-60.983, -83.428],
            [-60.396, -83.44],
            [-59.852, -83.442],
            [-59.518, -83.458],
            [-58.29, -83.121],
            [-57.797, -82.958],
            [-57.556, -82.89],
            [-57.354, -82.84],
            [-56.317, -82.633],
            [-56.076, -82.571],
            [-55.802, -82.479],
            [-55.295, -82.465],
            [-54.6, -82.315],
            [-53.984, -82.201],
            [-53.74, -82.178],
            [-53.556, -82.17],
            [-53.34, -82.145],
            [-52.8, -82.154],
            [-52.415, -82.135],
            [-51.731, -82.062],
            [-51.209, -82.015],
            [-50.654, -81.975],
            [-50.028, -81.968],
            [-48.361, -81.892],
            [-47.886, -81.925],
            [-47.36, -82.005],
            [-47.018, -82.003],
            [-46.568, -81.979],
            [-46.259, -81.947],
            [-46.118, -82.039],
            [-46.046, -82.159],
            [-46.197, -82.27],
            [-46.449, -82.34],
            [-46.518, -82.454],
            [-46.176, -82.512],
            [-45.787, -82.494],
            [-45.045, -82.439],
            [-44.455, -82.366],
            [-44.293, -82.317],
            [-44.063, -82.331],
            [-43.67, -82.27],
            [-43.181, -82.017],
            [-42.565, -81.762],
            [-42.047, -81.598],
            [-41.712, -81.408],
            [-41.435, -81.298],
            [-41.125, -81.215],
            [-40.916, -81.173],
            [-40.441, -81.164],
            [-39.761, -81.033],
            [-38.771, -80.882],
            [-38.011, -80.954],
            [-37.208, -81.064],
            [-36.812, -80.975],
            [-36.499, -80.96],
            [-36.233, -80.92],
            [-35.966, -80.89],
            [-35.775, -80.812],
            [-35.52, -80.746],
            [-35.325, -80.651],
            [-34.35, -80.604],
            [-33.327, -80.541],
            [-33.191, -80.519],
            [-33.057, -80.531],
            [-32.705, -80.513],
            [-32.255, -80.461],
            [-31.635, -80.444],
            [-31.311, -80.449],
            [-31.016, -80.309],
            [-30.426, -80.279],
            [-29.796, -80.224],
            [-29.533, -80.182],
            [-29.328, -80.171],
            [-24.241, -80.062],
            [-24.021, -80.008],
            [-23.575, -79.965],
            [-23.406, -79.859],
            [-24.09, -79.816],
            [-24.298, -79.77],
            [-24.532, -79.758],
            [-24.669, -79.774],
            [-25.26, -79.762],
            [-29.95, -79.599],
            [-30.048, -79.585],
            [-30.21, -79.486],
            [-30.177, -79.303],
            [-30.318, -79.163],
            [-30.645, -79.125],
            [-30.984, -79.128],
            [-31.412, -79.146],
            [-32.543, -79.222],
            [-32.993, -79.229],
            [-34.199, -79.111],
            [-34.994, -78.977],
            [-35.516, -78.934],
            [-35.891, -78.843],
            [-36.24, -78.774],
            [-36.265, -78.616],
            [-36.182, -78.468],
            [-35.509, -78.041],
            [-35.088, -77.837],
            [-34.807, -77.821],
            [-34.551, -77.729],
            [-34.289, -77.522],
            [-34.076, -77.425],
            [-33.59, -77.311],
            [-33.378, -77.281],
            [-32.615, -77.14],
            [-32.406, -77.137],
            [-32.064, -77.16],
            [-31.675, -77.033],
            [-30.491, -76.762],
            [-30.221, -76.66],
            [-29.893, -76.599],
            [-28.935, -76.37],
            [-28.078, -76.259],
            [-27.654, -76.226],
            [-27.135, -76.158],
            [-26.559, -76.055],
            [-26.059, -75.956],
            [-24.27, -75.767],
            [-23.197, -75.717],
            [-22.466, -75.661],
            [-21.948, -75.694],
            [-21.433, -75.684],
            [-20.99, -75.634],
            [-20.785, -75.594],
            [-20.486, -75.491],
            [-19.492, -75.54],
            [-18.852, -75.47],
            [-18.585, -75.463],
            [-18.304, -75.432],
            [-18.416, -75.396],
            [-18.517, -75.391],
            [-18.618, -75.342],
            [-18.751, -75.241],
            [-18.618, -75.115],
            [-18.517, -75.052],
            [-18.222, -74.974],
            [-18.067, -74.863],
            [-17.923, -74.7],
            [-17.437, -74.378],
            [-17.3, -74.333],
            [-16.99, -74.319],
            [-16.728, -74.328],
            [-16.429, -74.325],
            [-15.673, -74.408],
            [-15.532, -74.375],
            [-15.291, -74.281],
            [-15.09, -74.163],
            [-14.658, -73.99],
            [-14.575, -73.937],
            [-14.611, -73.852],
            [-15.259, -73.889],
            [-15.748, -73.946],
            [-16.22, -73.915],
            [-16.281, -73.866],
            [-16.18, -73.83],
            [-16.004, -73.816],
            [-15.936, -73.757],
            [-16.098, -73.708],
            [-16.389, -73.681],
            [-16.519, -73.644],
            [-16.508, -73.556],
            [-16.436, -73.425],
            [-16.278, -73.389],
            [-16.148, -73.335],
            [-15.802, -73.153],
            [-15.597, -73.097],
            [-15.007, -73.047],
            [-14.323, -73.123],
            [-14.164, -73.102],
            [-13.999, -73],
            [-14.168, -72.844],
            [-14.298, -72.785],
            [-14.298, -72.733],
            [-13.938, -72.757],
            [-13.603, -72.792],
            [-13.21, -72.785],
            [-12.746, -72.629],
            [-12.094, -72.498],
            [-11.778, -72.445],
            [-11.497, -72.413],
            [-11.346, -72.281],
            [-11.122, -72.031],
            [-10.957, -71.901],
            [-10.96, -71.823],
            [-11.011, -71.757],
            [-11.18, -71.776],
            [-11.335, -71.785],
            [-11.698, -71.719],
            [-12.148, -71.613],
            [-12.285, -71.495],
            [-12.35, -71.389],
            [-12.21, -71.332],
            [-12.073, -71.297],
            [-11.925, -71.288],
            [-11.662, -71.332],
            [-11.328, -71.439],
            [-11.162, -71.481],
            [-10.971, -71.561],
            [-10.827, -71.554],
            [-10.658, -71.443],
            [-10.521, -71.295],
            [-10.406, -71.25],
            [-10.23, -71.202],
            [-10.035, -71.13],
            [-10.122, -71.061],
            [-10.33, -71.024],
            [-10.359, -70.983],
            [-10.269, -70.936],
            [-10.1, -70.926],
            [-9.887, -71.028],
            [-9.599, -71.096],
            [-9.401, -71.118],
            [-9.232, -71.174],
            [-8.966, -71.361],
            [-8.645, -71.672],
            [-8.498, -71.675],
            [-8.217, -71.648],
            [-7.915, -71.636],
            [-7.713, -71.547],
            [-7.67, -71.325],
            [-7.591, -71.224],
            [-7.619, -71.122],
            [-7.756, -71.018],
            [-7.875, -70.941],
            [-7.853, -70.884],
            [-7.753, -70.842],
            [-7.619, -70.828],
            [-7.389, -70.787],
            [-7.033, -70.835],
            [-6.838, -70.844],
            [-6.547, -70.816],
            [-6.244, -70.755],
            [-5.935, -70.712],
            [-5.693, -70.745],
            [-5.589, -70.856],
            [-5.708, -70.969],
            [-5.902, -71.052],
            [-6.079, -71.155],
            [-6.125, -71.266],
            [-6.118, -71.327],
            [-5.949, -71.342],
            [-4.451, -71.328],
            [-4.253, -71.339],
            [-3.994, -71.339],
            [-3.713, -71.375],
            [-3.238, -71.361],
            [-2.813, -71.321],
            [-2.612, -71.321],
            [-2.263, -71.358],
            [-2.014, -71.434],
            [-1.499, -71.412],
            [-1.355, -71.387],
            [-1.215, -71.285],
            [-1.067, -71.266],
            [-0.895, -71.349],
            [-0.841, -71.54],
            [-0.761, -71.63],
            [-0.542, -71.712],
            [-0.326, -71.642],
            [-0.185, -71.559],
            [0.153, -71.398],
            [0.538, -71.274],
            [0.833, -71.202],
            [1.553, -71.08],
            [1.91, -71.004],
            [2.608, -70.899],
            [3.508, -70.844],
            [5.114, -70.656],
            [5.643, -70.636],
            [6.507, -70.587],
            [6.95, -70.535],
            [7.4, -70.495],
            [7.677, -70.356],
            [8.307, -70.462],
            [8.523, -70.474],
            [8.818, -70.391],
            [9.142, -70.184],
            [9.614, -70.269],
            [9.884, -70.403],
            [10.219, -70.507],
            [10.968, -70.688],
            [11.205, -70.729],
            [11.702, -70.766],
            [11.835, -70.736],
            [12.069, -70.617],
            [12.31, -70.443],
            [12.462, -70.37],
            [12.681, -70.309],
            [12.93, -70.214],
            [12.865, -70.162],
            [12.724, -70.144],
            [12.595, -70.117],
            [12.627, -70.066],
            [13.066, -70.054],
            [13.297, -70.229],
            [13.534, -70.287],
            [13.822, -70.344],
            [14.492, -70.299],
            [15.064, -70.295],
            [15.561, -70.33],
            [15.806, -70.325],
            [16.026, -70.193],
            [16.382, -70.144],
            [16.584, -70.203],
            [16.71, -70.398],
            [17.167, -70.452],
            [18.124, -70.54],
            [18.232, -70.518],
            [18.351, -70.415],
            [18.434, -70.29],
            [18.628, -70.269],
            [18.877, -70.202],
            [19.01, -70.212],
            [19.197, -70.294],
            [19.132, -70.492],
            [19.028, -70.674],
            [19.154, -70.821],
            [19.266, -70.903],
            [19.41, -70.917],
            [19.651, -70.92],
            [19.946, -70.91],
            [20.13, -70.917],
            [21.069, -70.844],
            [21.184, -70.681],
            [21.336, -70.495],
            [21.706, -70.259],
            [21.85, -70.276],
            [21.962, -70.301],
            [22.214, -70.417],
            [22.365, -70.476],
            [22.398, -70.561],
            [22.232, -70.643],
            [22.279, -70.696],
            [22.444, -70.74],
            [22.977, -70.811],
            [23.15, -70.797],
            [23.406, -70.722],
            [23.665, -70.575],
            [23.805, -70.405],
            [24.025, -70.413],
            [24.237, -70.448],
            [24.385, -70.537],
            [24.385, -70.705],
            [24.59, -70.82],
            [24.756, -70.893],
            [25.188, -70.971],
            [25.648, -70.99],
            [25.972, -71.037],
            [26.498, -71.019],
            [26.754, -70.967],
            [26.919, -70.953],
            [27.207, -70.912],
            [27.51, -70.813],
            [27.697, -70.773],
            [28.388, -70.682],
            [28.91, -70.584],
            [29.464, -70.406],
            [30.005, -70.301],
            [30.833, -70.247],
            [31.063, -70.224],
            [31.38, -70.226],
            [32.161, -70.099],
            [32.456, -70.026],
            [32.622, -70],
            [32.809, -69.91],
            [32.91, -69.733],
            [32.989, -69.624],
            [32.975, -69.518],
            [32.903, -69.379],
            [32.737, -69.255],
            [32.568, -69.075],
            [32.643, -68.868],
            [32.777, -68.783],
            [33.122, -68.69],
            [33.464, -68.67],
            [33.853, -68.683],
            [34.191, -68.702],
            [34.22, -68.79],
            [34.073, -68.886],
            [33.885, -68.979],
            [33.774, -69.019],
            [33.813, -69.099],
            [34.058, -69.111],
            [34.595, -69.094],
            [34.749, -69.167],
            [35.131, -69.486],
            [35.225, -69.637],
            [35.358, -69.681],
            [35.567, -69.66],
            [36.017, -69.662],
            [36.33, -69.639],
            [36.585, -69.637],
            [36.719, -69.653],
            [36.855, -69.726],
            [37.115, -69.811],
            [37.374, -69.749],
            [37.561, -69.719],
            [37.788, -69.726],
            [38.144, -69.825],
            [38.501, -70.056],
            [38.886, -70.172],
            [38.911, -70.097],
            [38.861, -70.005],
            [39.019, -69.924],
            [39.21, -69.787],
            [39.487, -69.608],
            [39.707, -69.426],
            [39.761, -69.174],
            [39.865, -68.967],
            [40.041, -68.868],
            [40.214, -68.804],
            [40.484, -68.738],
            [40.815, -68.724],
            [41.132, -68.575],
            [41.355, -68.514],
            [41.823, -68.433],
            [42.41, -68.351],
            [42.821, -68.124],
            [42.961, -68.096],
            [43.17, -68.059],
            [43.555, -68.046],
            [44.178, -67.973],
            [44.372, -67.962],
            [44.7, -67.905],
            [44.988, -67.769],
            [45.197, -67.731],
            [45.571, -67.736],
            [45.888, -67.66],
            [46.154, -67.657],
            [46.399, -67.618],
            [46.435, -67.533],
            [46.32, -67.476],
            [46.316, -67.401],
            [46.453, -67.304],
            [46.561, -67.268],
            [46.885, -67.275],
            [47.155, -67.358],
            [47.353, -67.362],
            [47.403, -67.408],
            [47.231, -67.467],
            [47.115, -67.573],
            [47.313, -67.665],
            [47.49, -67.728],
            [47.702, -67.716],
            [47.958, -67.66],
            [48.21, -67.7],
            [48.321, -67.785],
            [48.321, -67.917],
            [48.375, -67.988],
            [48.552, -67.926],
            [48.649, -67.794],
            [48.62, -67.625],
            [48.631, -67.521],
            [49.052, -67.353],
            [49.218, -67.226],
            [48.923, -67.2],
            [48.714, -67.217],
            [48.599, -67.171],
            [48.465, -67.044],
            [48.829, -66.938],
            [49.247, -66.941],
            [49.488, -67.032],
            [50.006, -67.176],
            [50.294, -67.172],
            [50.554, -67.195],
            [50.608, -67.15],
            [50.51, -66.938],
            [50.521, -66.82],
            [50.305, -66.754],
            [50.244, -66.603],
            [50.334, -66.445],
            [50.59, -66.356],
            [50.939, -66.315],
            [51.688, -66.072],
            [51.886, -66.02],
            [52.379, -65.969],
            [52.955, -65.945],
            [53.671, -65.858],
            [54.949, -65.917],
            [55.291, -65.954],
            [55.504, -66.002],
            [55.709, -66.08],
            [55.975, -66.209],
            [56.36, -66.372],
            [56.861, -66.424],
            [57.001, -66.474],
            [57.185, -66.613],
            [56.987, -66.704],
            [56.825, -66.712],
            [56.512, -66.658],
            [56.296, -66.603],
            [56.144, -66.625],
            [56.292, -66.721],
            [56.454, -66.78],
            [56.479, -66.86],
            [56.393, -66.974],
            [55.802, -67.2],
            [56.155, -67.264],
            [56.368, -67.212],
            [56.562, -67.117],
            [56.76, -67.073],
            [56.893, -67.056],
            [57.361, -67.053],
            [57.628, -67.014],
            [57.829, -67.042],
            [58.027, -67.103],
            [58.319, -67.164],
            [58.736, -67.23],
            [59.251, -67.485],
            [59.651, -67.459],
            [59.867, -67.403],
            [60.482, -67.386],
            [61.012, -67.499],
            [61.31, -67.54],
            [62.174, -67.575],
            [62.689, -67.648],
            [63.017, -67.561],
            [63.236, -67.526],
            [63.697, -67.509],
            [63.931, -67.526],
            [64.572, -67.62],
            [65.706, -67.716],
            [66.487, -67.766],
            [67.175, -67.768],
            [67.502, -67.809],
            [68.1, -67.855],
            [68.327, -67.889],
            [68.899, -67.861],
            [69.166, -67.825],
            [69.418, -67.743],
            [69.558, -67.763],
            [69.655, -67.865],
            [69.601, -68.04],
            [69.706, -68.16],
            [69.788, -68.28],
            [69.907, -68.379],
            [69.983, -68.464],
            [69.929, -68.535],
            [69.763, -68.599],
            [69.533, -68.736],
            [69.547, -68.856],
            [69.644, -68.933],
            [69.529, -69.025],
            [69.616, -69.153],
            [69.63, -69.231],
            [69.551, -69.294],
            [69.371, -69.332],
            [69.065, -69.337],
            [68.906, -69.374],
            [68.881, -69.469],
            [68.96, -69.54],
            [69.137, -69.578],
            [69.187, -69.655],
            [69.162, -69.769],
            [69.083, -69.867],
            [68.921, -69.912],
            [68.744, -69.922],
            [68.417, -69.901],
            [68.179, -69.837],
            [68.028, -69.894],
            [67.916, -69.953],
            [67.574, -70.087],
            [67.416, -70.177],
            [67.268, -70.273],
            [67.657, -70.327],
            [67.942, -70.422],
            [68.561, -70.412],
            [68.759, -70.37],
            [69.022, -70.325],
            [69.162, -70.334],
            [69.248, -70.431],
            [69.198, -70.585],
            [69.187, -70.705],
            [68.874, -71.035],
            [68.77, -71.09],
            [68.622, -71.181],
            [68.449, -71.252],
            [68.309, -71.287],
            [68.039, -71.391],
            [67.873, -71.58],
            [67.693, -71.736],
            [67.43, -72.004],
            [67.279, -72.29],
            [67.214, -72.462],
            [67.114, -72.641],
            [66.89, -72.948],
            [66.746, -73],
            [66.498, -73.125],
            [66.57, -73.208],
            [66.764, -73.217],
            [67.002, -73.236],
            [67.322, -73.3],
            [67.747, -73.168],
            [67.97, -73.085],
            [68.017, -72.918],
            [67.97, -72.75],
            [68.107, -72.651],
            [68.42, -72.516],
            [69.158, -72.418],
            [69.31, -72.408],
            [69.554, -72.375],
            [69.77, -72.254],
            [69.961, -72.132],
            [70.296, -72.056],
            [70.573, -71.931],
            [70.617, -71.842],
            [70.732, -71.823],
            [71.077, -71.736],
            [71.167, -71.672],
            [71.275, -71.623],
            [71.351, -71.514],
            [71.38, -71.309],
            [71.466, -71.155],
            [71.635, -70.95],
            [71.772, -70.801],
            [71.905, -70.707],
            [72.262, -70.656],
            [72.417, -70.599],
            [72.622, -70.472],
            [72.762, -70.396],
            [72.744, -70.24],
            [72.823, -70.096],
            [73.043, -70.009],
            [73.324, -69.849],
            [73.677, -69.827],
            [73.943, -69.743],
            [74.227, -69.801],
            [74.569, -69.88],
            [75.149, -69.856],
            [75.423, -69.893],
            [75.635, -69.849],
            [75.822, -69.726],
            [75.891, -69.575],
            [76.11, -69.488],
            [76.359, -69.49],
            [76.769, -69.339],
            [77.194, -69.205],
            [77.539, -69.174],
            [77.817, -69.07],
            [78.015, -68.893],
            [78.227, -68.756],
            [78.49, -68.625],
            [78.562, -68.394],
            [78.727, -68.278],
            [79.033, -68.176],
            [79.289, -68.12],
            [80.362, -67.947],
            [81.186, -67.832],
            [82.018, -67.69],
            [82.273, -67.691],
            [82.608, -67.613],
            [83.159, -67.61],
            [83.303, -67.603],
            [83.494, -67.441],
            [83.904, -67.292],
            [84.16, -67.243],
            [84.484, -67.115],
            [84.747, -67.103],
            [85.117, -67.125],
            [85.431, -67.16],
            [85.711, -67.162],
            [86.118, -67.054],
            [86.752, -67.037],
            [86.946, -66.985],
            [87.083, -66.94],
            [87.979, -66.789],
            [88.314, -66.818],
            [88.789, -66.792],
            [89.077, -66.799],
            [89.351, -66.818],
            [89.697, -66.823],
            [90.294, -66.77],
            [90.546, -66.735],
            [91.022, -66.603],
            [91.547, -66.572],
            [91.778, -66.537],
            [92.073, -66.507],
            [92.314, -66.558],
            [92.487, -66.605],
            [92.591, -66.615],
            [92.732, -66.624],
            [93.074, -66.572],
            [93.358, -66.586],
            [93.722, -66.643],
            [93.963, -66.69],
            [94.089, -66.69],
            [94.312, -66.648],
            [94.586, -66.544],
            [94.841, -66.502],
            [95.082, -66.528],
            [95.248, -66.572],
            [95.54, -66.631],
            [95.993, -66.622],
            [96.425, -66.599],
            [96.789, -66.551],
            [97.102, -66.499],
            [97.39, -66.579],
            [97.721, -66.608],
            [98.258, -66.467],
            [98.463, -66.499],
            [98.603, -66.535],
            [98.718, -66.553],
            [98.859, -66.671],
            [99.37, -66.648],
            [99.824, -66.549],
            [100.212, -66.474],
            [100.59, -66.426],
            [100.889, -66.358],
            [101.328, -66.101],
            [101.321, -66.021],
            [101.382, -65.973],
            [101.476, -65.952],
            [102.174, -65.954],
            [102.39, -65.933],
            [102.675, -65.865],
            [103.168, -65.917],
            [103.64, -65.999],
            [103.762, -65.99],
            [103.953, -65.988],
            [104.288, -66.039],
            [104.666, -66.138],
            [105, -66.164],
            [106.386, -66.41],
            [107.171, -66.471],
            [107.567, -66.553],
            [107.668, -66.58],
            [107.783, -66.664],
            [107.992, -66.672],
            [108.158, -66.639],
            [108.377, -66.766],
            [108.91, -66.862],
            [109.464, -66.908],
            [109.824, -66.834],
            [110.437, -66.62],
            [110.624, -66.525],
            [110.588, -66.313],
            [110.908, -66.077],
            [111.452, -65.961],
            [112.129, -65.9],
            [112.546, -65.848],
            [113.101, -65.799],
            [113.367, -65.849],
            [113.504, -65.886],
            [113.709, -65.929],
            [113.954, -66.061],
            [114.335, -66.36],
            [114.62, -66.467],
            [114.868, -66.476],
            [115.084, -66.494],
            [115.311, -66.561],
            [115.635, -66.771],
            [115.441, -66.959],
            [115.275, -67.028],
            [114.569, -67.108],
            [114.26, -67.172],
            [113.99, -67.212],
            [113.914, -67.368],
            [114.026, -67.441],
            [114.317, -67.405],
            [114.659, -67.388],
            [114.926, -67.356],
            [115.171, -67.308],
            [115.383, -67.238],
            [115.887, -67.202],
            [116.215, -67.143],
            [116.51, -67.108],
            [116.715, -67.047],
            [116.924, -67.056],
            [117.133, -67.115],
            [117.298, -67.11],
            [117.745, -67.129],
            [117.953, -67.085],
            [118.137, -67.082],
            [118.324, -67.115],
            [118.519, -67.16],
            [118.713, -67.172],
            [118.965, -67.145],
            [119.318, -67.072],
            [119.768, -66.992],
            [120.189, -66.966],
            [120.29, -66.967],
            [120.376, -66.983],
            [119.955, -67.075],
            [119.282, -67.2],
            [118.922, -67.32],
            [119.134, -67.37],
            [120.401, -67.237],
            [120.977, -67.136],
            [121.489, -67.091],
            [121.615, -67.058],
            [122.032, -66.901],
            [122.183, -66.86],
            [122.633, -66.804],
            [123.22, -66.745],
            [123.667, -66.678],
            [123.969, -66.608],
            [124.196, -66.601],
            [124.372, -66.651],
            [124.599, -66.709],
            [124.822, -66.695],
            [125.096, -66.641],
            [125.287, -66.516],
            [125.398, -66.424],
            [125.603, -66.393],
            [125.866, -66.365],
            [126.079, -66.396],
            [126.424, -66.462],
            [126.665, -66.497],
            [126.874, -66.759],
            [127.364, -66.99],
            [127.54, -67.051],
            [127.969, -67.028],
            [128.429, -67.118],
            [128.627, -67.106],
            [128.815, -67.08],
            [128.984, -67.098],
            [129.236, -67.042],
            [129.499, -66.752],
            [129.74, -66.469],
            [129.977, -66.344],
            [130.122, -66.292],
            [130.302, -66.268],
            [130.579, -66.209],
            [130.953, -66.191],
            [131.23, -66.216],
            [131.832, -66.237],
            [132.321, -66.165],
            [132.876, -66.178],
            [133.149, -66.094],
            [133.444, -66.082],
            [133.844, -66.153],
            [133.959, -66.204],
            [134.179, -66.277],
            [134.233, -66.348],
            [134.29, -66.476],
            [134.398, -66.48],
            [134.769, -66.353],
            [134.971, -66.33],
            [135.352, -66.127],
            [135.554, -66.179],
            [136.011, -66.266],
            [136.195, -66.292],
            [136.555, -66.44],
            [136.738, -66.408],
            [136.89, -66.339],
            [137.336, -66.346],
            [137.754, -66.407],
            [137.926, -66.457],
            [138.139, -66.544],
            [138.272, -66.565],
            [138.376, -66.54],
            [139.24, -66.573],
            [139.615, -66.638],
            [139.899, -66.716],
            [140.9, -66.752],
            [141.285, -66.832],
            [141.516, -66.794],
            [141.973, -66.806],
            [142.16, -66.874],
            [142.326, -66.948],
            [142.689, -67.013],
            [142.887, -67],
            [143.168, -66.948],
            [143.449, -66.877],
            [143.73, -66.877],
            [143.863, -66.938],
            [143.91, -67.091],
            [144.118, -67.087],
            [144.349, -67.018],
            [144.55, -67.035],
            [144.622, -67.141],
            [144.514, -67.282],
            [144.259, -67.48],
            [144.154, -67.644],
            [143.942, -67.794],
            [143.978, -67.865],
            [144.19, -67.9],
            [144.403, -67.794],
            [144.878, -67.721],
            [145.126, -67.625],
            [145.555, -67.591],
            [145.976, -67.624],
            [146.275, -67.75],
            [146.829, -67.964],
            [146.851, -68.04],
            [146.898, -68.12],
            [146.88, -68.191],
            [146.797, -68.273],
            [147.092, -68.368],
            [147.355, -68.384],
            [147.567, -68.375],
            [148.456, -68.467],
            [148.881, -68.431],
            [149.263, -68.431],
            [149.716, -68.417],
            [150.066, -68.42],
            [150.343, -68.436],
            [150.671, -68.403],
            [150.937, -68.358],
            [151.067, -68.386],
            [151.121, -68.624],
            [151.139, -68.764],
            [151.29, -68.816],
            [151.448, -68.764],
            [151.563, -68.693],
            [152.265, -68.726],
            [152.546, -68.729],
            [152.813, -68.768],
            [153.083, -68.856],
            [153.342, -68.818],
            [153.497, -68.764],
            [153.705, -68.729],
            [153.767, -68.641],
            [153.792, -68.493],
            [153.785, -68.349],
            [153.907, -68.323],
            [154.033, -68.349],
            [154.199, -68.417],
            [154.577, -68.634],
            [154.865, -68.775],
            [154.987, -68.841],
            [155.163, -68.894],
            [155.52, -69.025],
            [156.009, -69.078],
            [156.488, -69.183],
            [157.046, -69.176],
            [157.482, -69.309],
            [157.777, -69.205],
            [157.932, -69.181],
            [158.159, -69.209],
            [158.432, -69.299],
            [158.648, -69.32],
            [159.386, -69.469],
            [159.782, -69.521],
            [159.93, -69.63],
            [160.124, -69.735],
            [160.124, -69.841],
            [160.211, -69.974],
            [160.653, -70.08],
            [160.826, -70.183],
            [161.039, -70.318],
            [161.424, -70.827],
            [161.625, -70.917],
            [161.917, -70.908],
            [162.191, -71.04],
            [162.277, -71.021],
            [162.288, -70.969],
            [162.039, -70.625],
            [162.021, -70.439],
            [162.216, -70.334],
            [162.673, -70.304],
            [163.026, -70.502],
            [163.35, -70.622],
            [163.566, -70.643],
            [163.998, -70.637],
            [164.405, -70.511],
            [164.714, -70.556],
            [165.211, -70.571],
            [165.855, -70.646],
            [166.133, -70.632],
            [166.626, -70.663],
            [167.227, -70.771],
            [167.569, -70.811],
            [167.641, -70.854],
            [167.799, -70.926],
            [167.879, -71.012],
            [167.965, -71.092],
            [168.174, -71.182],
            [168.383, -71.198],
            [168.797, -71.274],
            [169.664, -71.511],
            [169.977, -71.58],
            [170.161, -71.63],
            [170.251, -71.57],
            [170.276, -71.445],
            [170.435, -71.419],
            [170.604, -71.604],
            [170.78, -71.745],
            [170.86, -71.868],
            [170.676, -71.969],
            [170.41, -71.948],
            [170.222, -71.948],
            [170.032, -72.115],
            [169.952, -72.403],
            [170.129, -72.398],
            [170.258, -72.372],
            [170.287, -72.478],
            [170.208, -72.566],
            [170.05, -72.601],
            [169.776, -72.533],
            [169.441, -72.486],
            [169.074, -72.469],
            [168.717, -72.384],
            [168.577, -72.379],
            [168.429, -72.384],
            [168.62, -72.472],
            [168.818, -72.552],
            [169.268, -72.622],
            [169.83, -72.729],
            [169.844, -72.795],
            [169.711, -72.877],
            [169.545, -73.05],
            [169.034, -73.2],
            [168.735, -73.092],
            [168.383, -73.066],
            [168.206, -73.13],
            [167.853, -73.123],
            [167.155, -73.148],
            [166.881, -73.01],
            [166.453, -72.936],
            [166.467, -72.998],
            [166.835, -73.224],
            [167.227, -73.276],
            [167.616, -73.337],
            [167.709, -73.394],
            [167.533, -73.448],
            [167.295, -73.439],
            [166.997, -73.545],
            [166.428, -73.528],
            [166.158, -73.533],
            [165.999, -73.576],
            [165.859, -73.592],
            [165.971, -73.63],
            [166.107, -73.734],
            [165.913, -73.823],
            [165.733, -73.866],
            [165.549, -73.845],
            [165.348, -73.88],
            [165.251, -73.783],
            [165.243, -73.571],
            [165.128, -73.382],
            [165.006, -73.375],
            [164.811, -73.398],
            [164.75, -73.559],
            [164.887, -73.839],
            [164.981, -73.925],
            [164.905, -74.003],
            [164.775, -74.028],
            [165.038, -74.264],
            [165.261, -74.425],
            [165.398, -74.479],
            [165.409, -74.559],
            [165.301, -74.594],
            [165.002, -74.562],
            [164.855, -74.578],
            [164.689, -74.568],
            [164.412, -74.533],
            [164.174, -74.523],
            [163.937, -74.568],
            [163.735, -74.564],
            [163.555, -74.417],
            [163.397, -74.382],
            [163.267, -74.427],
            [163.166, -74.602],
            [162.961, -74.656],
            [162.752, -74.736],
            [162.605, -74.823],
            [162.533, -75.167],
            [162.41, -75.238],
            [162.227, -75.234],
            [162.086, -75.262],
            [161.91, -75.234],
            [161.679, -75.217],
            [160.909, -75.335],
            [161.031, -75.396],
            [161.226, -75.385],
            [161.903, -75.404],
            [162.191, -75.467],
            [162.237, -75.621],
            [162.353, -75.687],
            [162.579, -75.759],
            [162.752, -75.793],
            [162.817, -75.845],
            [162.745, -75.951],
            [162.648, -76.048],
            [162.435, -76.154],
            [162.497, -76.208],
            [162.727, -76.226],
            [162.824, -76.463],
            [162.673, -76.569],
            [162.745, -76.658],
            [162.763, -76.746],
            [162.608, -76.828],
            [162.489, -76.87],
            [162.45, -76.956],
            [162.68, -77.007],
            [162.849, -77.024],
            [163.087, -77.033],
            [163.249, -77.127],
            [163.458, -77.269],
            [163.609, -77.387],
            [163.62, -77.583],
            [163.767, -77.699],
            [164.045, -77.774],
            [164.037, -77.852],
            [164.232, -77.876],
            [164.423, -77.883],
            [164.491, -77.955],
            [164.43, -78.041],
            [164.109, -78.147],
            [163.976, -78.224],
            [164.297, -78.236],
            [164.628, -78.316],
            [165.049, -78.225],
            [165.272, -78.128],
            [165.416, -78.041],
            [165.524, -78.064],
            [165.535, -78.154],
            [165.665, -78.305],
            [166.208, -78.451],
            [166.511, -78.498],
            [166.802, -78.522],
            [167.058, -78.519],
            [167.13, -78.606],
            [167.051, -78.685],
            [166.849, -78.68],
            [166.525, -78.694],
            [166.287, -78.628],
            [166.118, -78.571],
            [164.635, -78.604],
            [164.3, -78.63],
            [163.901, -78.717],
            [163.505, -78.758],
            [162.896, -78.845],
            [162.641, -78.897],
            [161.975, -78.694],
            [161.759, -78.545],
            [161.669, -78.536],
            [161.51, -78.571],
            [161.503, -78.677],
            [161.813, -78.908],
            [161.953, -78.968],
            [161.953, -79.029],
            [161.863, -79.06],
            [161.737, -79.06],
            [161.546, -79.015],
            [161.19, -78.979],
            [160.873, -79.05],
            [160.484, -79.201],
            [160.567, -79.302],
            [160.671, -79.359],
            [160.646, -79.427],
            [160.211, -79.555],
            [160.067, -79.56],
            [159.977, -79.586],
            [160.085, -79.633],
            [160.322, -79.635],
            [160.347, -79.692],
            [160.265, -79.737],
            [159.872, -79.79],
            [159.897, -79.859],
            [160.11, -79.892],
            [160.387, -79.88],
            [160.56, -79.93],
            [160.56, -80.01],
            [160.383, -80.055],
            [160.178, -80.088],
            [158.767, -80.293],
            [158.562, -80.349],
            [158.573, -80.423],
            [159.066, -80.442],
            [160.542, -80.425],
            [160.639, -80.449],
            [160.603, -80.508],
            [160.52, -80.583],
            [160.603, -80.637],
            [160.823, -80.673],
            [160.83, -80.73],
            [160.722, -80.753],
            [160.502, -80.779],
            [160.261, -80.786],
            [160.275, -80.847],
            [160.607, -80.901],
            [160.718, -80.908],
            [160.729, -81.112],
            [160.718, -81.199],
            [160.542, -81.241],
            [160.477, -81.27],
            [160.47, -81.34],
            [160.909, -81.39],
            [161.582, -81.611],
            [161.73, -81.611],
            [161.996, -81.652],
            [162.425, -81.765],
            [162.576, -81.833],
            [162.821, -81.866],
            [162.853, -81.921],
            [163.004, -81.968],
            [163.602, -82.121],
            [163.681, -82.187],
            [162.428, -82.314],
            [161.168, -82.407],
            [161.283, -82.491],
            [162.644, -82.482],
            [163.011, -82.534],
            [163.173, -82.519],
            [163.267, -82.463],
            [164.001, -82.397],
            [164.747, -82.354],
            [164.981, -82.385],
            [165.981, -82.63],
            [166.446, -82.722],
            [166.741, -82.756],
            [166.957, -82.765],
            [167.115, -82.802],
            [167.27, -82.88],
            [167.234, -82.953],
            [167.299, -82.986],
            [167.403, -82.999],
            [167.601, -83.048],
            [167.828, -83.031],
            [168.091, -82.975],
            [168.275, -82.987],
            [168.606, -83.065],
            [168.48, -83.126],
            [168.408, -83.156],
            [168.321, -83.211],
            [168.239, -83.23],
            [167.972, -83.242],
            [167.825, -83.242],
            [167.673, -83.232],
            [167.659, -83.272],
            [167.843, -83.315],
            [168.109, -83.362],
            [169.837, -83.399],
            [170.33, -83.479],
            [170.816, -83.435],
            [171.036, -83.449],
            [171.22, -83.475],
            [171.288, -83.555],
            [171.536, -83.581],
            [171.918, -83.643],
            [172.451, -83.675],
            [172.876, -83.673],
            [173.398, -83.758],
            [173.66, -83.762],
            [173.822, -83.81],
            [175.01, -83.84],
            [175.187, -83.878],
            [175.324, -83.94],
            [175.604, -83.968],
            [175.91, -83.973],
            [177.581, -84.076],
            [178.207, -84.13],
            [178.351, -84.126],
            [178.495, -84.137],
            [178.945, -84.182],
            [179.402, -84.206],
            [179.622, -84.268],
            [180, -84.352]
          ],
          [
            [180, -89.999],
            [178.592, -89.999],
            [177.188, -89.999],
            [175.781, -89.999],
            [174.377, -89.999],
            [172.969, -89.999],
            [171.562, -89.999],
            [170.158, -89.999],
            [168.75, -89.999],
            [167.342, -89.999],
            [165.938, -89.999],
            [164.531, -89.999],
            [163.127, -89.999],
            [161.719, -89.999],
            [160.311, -89.999],
            [158.907, -89.999],
            [157.5, -89.999],
            [156.092, -89.999],
            [154.688, -89.999],
            [153.281, -89.999],
            [151.877, -89.999],
            [150.469, -89.999],
            [149.061, -89.999],
            [147.657, -89.999],
            [146.25, -89.999],
            [144.842, -89.999],
            [143.438, -89.999],
            [142.03, -89.999],
            [140.626, -89.999],
            [139.219, -89.999],
            [137.811, -89.999],
            [136.407, -89.999],
            [135, -89.999],
            [133.596, -89.999],
            [132.188, -89.999],
            [130.78, -89.999],
            [129.376, -89.999],
            [127.969, -89.999],
            [126.561, -89.999],
            [125.157, -89.999],
            [123.749, -89.999],
            [122.345, -89.999],
            [120.938, -89.999],
            [119.53, -89.999],
            [118.126, -89.999],
            [116.719, -89.999],
            [115.311, -89.999],
            [113.907, -89.999],
            [112.499, -89.999],
            [111.095, -89.999],
            [109.688, -89.999],
            [108.28, -89.999],
            [106.876, -89.999],
            [105.468, -89.999],
            [104.061, -89.999],
            [102.657, -89.999],
            [101.249, -89.999],
            [99.845, -89.999],
            [98.438, -89.999],
            [97.03, -89.999],
            [95.626, -89.999],
            [94.218, -89.999],
            [92.811, -89.999],
            [91.407, -89.999],
            [89.999, -89.999],
            [88.595, -89.999],
            [87.187, -89.999],
            [85.78, -89.999],
            [84.376, -89.999],
            [82.968, -89.999],
            [81.564, -89.999],
            [80.157, -89.999],
            [78.749, -89.999],
            [77.345, -89.999],
            [75.937, -89.999],
            [74.53, -89.999],
            [73.126, -89.999],
            [71.718, -89.999],
            [70.314, -89.999],
            [68.906, -89.999],
            [67.499, -89.999],
            [66.095, -89.999],
            [64.687, -89.999],
            [63.28, -89.999],
            [61.876, -89.999],
            [60.468, -89.999],
            [59.064, -89.999],
            [57.656, -89.999],
            [56.249, -89.999],
            [54.845, -89.999],
            [53.437, -89.999],
            [52.03, -89.999],
            [50.626, -89.999],
            [49.218, -89.999],
            [47.814, -89.999],
            [46.406, -89.999],
            [44.999, -89.999],
            [43.595, -89.999],
            [42.187, -89.999],
            [40.783, -89.999],
            [39.375, -89.999],
            [37.968, -89.999],
            [36.564, -89.999],
            [35.156, -89.999],
            [33.749, -89.999],
            [32.345, -89.999],
            [30.937, -89.999],
            [29.533, -89.999],
            [28.125, -89.999],
            [26.718, -89.999],
            [25.314, -89.999],
            [23.906, -89.999],
            [22.498, -89.999],
            [21.094, -89.999],
            [19.687, -89.999],
            [18.283, -89.999],
            [16.875, -89.999],
            [15.468, -89.999],
            [14.064, -89.999],
            [12.656, -89.999],
            [11.248, -89.999],
            [9.844, -89.999],
            [8.437, -89.999],
            [7.033, -89.999],
            [5.625, -89.999],
            [4.217, -89.999],
            [2.813, -89.999],
            [1.406, -89.999],
            [-0.002, -89.999],
            [-1.406, -89.999],
            [-2.813, -89.999],
            [-4.217, -89.999],
            [-5.625, -89.999],
            [-7.033, -89.999],
            [-8.437, -89.999],
            [-9.844, -89.999],
            [-11.248, -89.999],
            [-12.656, -89.999],
            [-14.064, -89.999],
            [-15.468, -89.999],
            [-16.875, -89.999],
            [-18.283, -89.999],
            [-19.687, -89.999],
            [-21.094, -89.999],
            [-22.498, -89.999],
            [-23.906, -89.999],
            [-25.314, -89.999],
            [-26.718, -89.999],
            [-28.125, -89.999],
            [-29.533, -89.999],
            [-30.937, -89.999],
            [-32.345, -89.999],
            [-33.749, -89.999],
            [-35.156, -89.999],
            [-36.564, -89.999],
            [-37.968, -89.999],
            [-39.375, -89.999],
            [-40.783, -89.999],
            [-42.187, -89.999],
            [-43.595, -89.999],
            [-44.999, -89.999],
            [-46.406, -89.999],
            [-47.814, -89.999],
            [-49.218, -89.999],
            [-50.626, -89.999],
            [-52.03, -89.999],
            [-53.437, -89.999],
            [-54.845, -89.999],
            [-56.249, -89.999],
            [-57.656, -89.999],
            [-59.064, -89.999],
            [-60.468, -89.999],
            [-61.876, -89.999],
            [-63.28, -89.999],
            [-64.687, -89.999],
            [-66.095, -89.999],
            [-67.499, -89.999],
            [-68.906, -89.999],
            [-70.314, -89.999],
            [-71.718, -89.999],
            [-73.126, -89.999],
            [-74.53, -89.999],
            [-75.937, -89.999],
            [-77.345, -89.999],
            [-78.749, -89.999],
            [-80.157, -89.999],
            [-81.564, -89.999],
            [-82.968, -89.999],
            [-84.376, -89.999],
            [-85.78, -89.999],
            [-87.187, -89.999],
            [-88.595, -89.999],
            [-89.999, -89.999],
            [-91.407, -89.999],
            [-92.811, -89.999],
            [-94.218, -89.999],
            [-95.626, -89.999],
            [-97.03, -89.999],
            [-98.438, -89.999],
            [-99.845, -89.999],
            [-101.249, -89.999],
            [-102.657, -89.999],
            [-104.061, -89.999],
            [-105.468, -89.999],
            [-106.876, -89.999],
            [-108.28, -89.999],
            [-109.688, -89.999],
            [-111.095, -89.999],
            [-112.499, -89.999],
            [-113.907, -89.999],
            [-115.311, -89.999],
            [-116.719, -89.999],
            [-118.126, -89.999],
            [-119.53, -89.999],
            [-120.938, -89.999],
            [-122.345, -89.999],
            [-123.749, -89.999],
            [-125.157, -89.999],
            [-126.561, -89.999],
            [-127.969, -89.999],
            [-129.376, -89.999],
            [-130.78, -89.999],
            [-132.188, -89.999],
            [-133.596, -89.999],
            [-135, -89.999],
            [-136.407, -89.999],
            [-137.811, -89.999],
            [-139.219, -89.999],
            [-140.626, -89.999],
            [-142.03, -89.999],
            [-143.438, -89.999],
            [-144.842, -89.999],
            [-146.25, -89.999],
            [-147.657, -89.999],
            [-149.061, -89.999],
            [-150.469, -89.999],
            [-151.877, -89.999],
            [-153.281, -89.999],
            [-154.688, -89.999],
            [-156.092, -89.999],
            [-157.5, -89.999],
            [-158.907, -89.999],
            [-160.311, -89.999],
            [-161.719, -89.999],
            [-163.127, -89.999],
            [-164.531, -89.999],
            [-165.938, -89.999],
            [-167.342, -89.999],
            [-168.75, -89.999],
            [180, -89.999],
            [180, -89.999],
            [180, -89.999]
          ]
        ]
      }
    },
    {
      "type": "Feature",
      "properties": {},
      "geometry": {
        "type": "Polygon",
        "coordinates": [
          [
            [-180, -84.352],
            [-178.391, -84.338],
            [-178.07, -84.352],
            [-177.732, -84.395],
            [-176.987, -84.399],
            [-176.288, -84.418],
            [-176.108, -84.475],
            [-175.874, -84.51],
            [-175.381, -84.48],
            [-174.985, -84.465],
            [-174.665, -84.463],
            [-171.702, -84.543],
            [-180, -84.546],
            [-180, -83.261],
            [-171.187, -83.256],
            [-171.54, -83.204],
            [-174.067, -82.9],
            [-174.172, -82.848],
            [-174.236, -82.793],
            [-173.07, -82.916],
            [-172.85, -82.916],
            [-172.591, -82.885],
            [-172.393, -82.894],
            [-172.123, -82.862],
            [-171.821, -82.847],
            [-171.032, -82.942],
            [-180, -82.946],
            [-180, -84.352],
            [-180, -84.352]
          ],
          [
            [-180, -89.999],
            [-180, -89.999],
            [-180, -89.999],
            [-170.158, -89.999],
            [-171.562, -89.999],
            [-172.969, -89.999],
            [-174.377, -89.999],
            [-175.781, -89.999],
            [-177.188, -89.999],
            [-178.592, -89.999],
            [-180, -89.999]
          ]
        ]
      }
    }
  ]
}
